canonical_structure_group_id,canonical_smiles,InChIKey,aliases,references,solvent,n_measurements,E00_mean,E00_median,E00_std,E00_min,E00_max,E00_range,primary_target,source_domain_status,generic_bemis_murcko_scaffold,bemis_murcko_scaffold,CzBN_domain_status,CzBN_substituent_family,CzBN_structural_cluster
E00_133_00001,BrCCCCCCCCCCCCOc1cc2ccc3cccc4ccc(c1)c2c34,XGPJSGXGSRYVHR-UHFFFAOYSA-N,,http://dx.doi.org/10.1021/ja2006862,toluene,1,3.2291666666666665,3.2291666666666665,0.0,3.2291666666666665,3.2291666666666665,0.0,3.2291666666666665,general_only,C1CC2CCC3CCCC4CCC(C1)C2C34,c1cc2ccc3cccc4ccc(c1)c2c34,outside_MR_TADF,outside_CzBN_domain,outside_CzBN_domain
E00_133_00002,Brc1ccc(Nc2ccc3ccccc3n2)cc1,LPIVLGOHRPHVOO-UHFFFAOYSA-N,,https://doi.org/10.1016/j.jlumin.2018.12.059,toluene,1,3.3410567350333777,3.3410567350333777,0.0,3.3410567350333777,3.3410567350333777,0.0,3.3410567350333777,general_only,C1CCC(CC2CCC3CCCCC3C2)CC1,c1ccc(Nc2ccc3ccccc3n2)cc1,outside_MR_TADF,outside_CzBN_domain,outside_CzBN_domain
E00_133_00003,C#CC1CN2CCC1CC2[C@@H](O)c1ccnc2ccc(OC)cc12,NEVQIVQOUXGAJH-LHFMAAMQSA-N,,10.1021/jp901867h,toluene,1,3.5896921017402947,3.5896921017402947,0.0,3.5896921017402947,3.5896921017402947,0.0,3.5896921017402947,general_only,C1CCC2C(C1)CCCC2CC1CC2CCC1CC2,c1ccc2c(CC3CC4CCN3CC4)ccnc2c1,outside_MR_TADF,outside_CzBN_domain,outside_CzBN_domain
E00_133_00004,C#CCNC1=C2C=CC=[N+]2[B-](F)(F)n2cccc21,HZLIYQYOKQCYPW-UHFFFAOYSA-N,,https://doi.org/10.1016/j.molliq.2019.04.058,toluene,1,2.7510346009746063,2.7510346009746063,0.0,2.7510346009746063,2.7510346009746063,0.0,2.7510346009746063,general_only,C1CC2CC3CCCC3CC2C1,[BH2-]1n2cccc2C=C2C=CC=[N+]12,outside_MR_TADF,outside_CzBN_domain,outside_CzBN_domain
E00_133_00005,C#CCOc1ccc(C2=[N+]3C(=Nc4c(-c5ccccc5)cc(-c5ccc(O)cc5)n4[B-]3(F)F)C(c3ccccc3)=C2)cc1,WGEMQNQKLMUDIF-UHFFFAOYSA-N,,DOI: 10.1021/ol902140v,toluene,1,1.777120740809182,1.777120740809182,0.0,1.777120740809182,1.777120740809182,0.0,1.777120740809182,general_only,C1CCC(C2CC(C3CCCCC3)C3CC4C(C5CCCCC5)CC(C5CCCCC5)C4CC23)CC1,[BH2-]1n2c(-c3ccccc3)cc(-c3ccccc3)c2N=C2C(c3ccccc3)=CC(c3ccccc3)=[N+]12,outside_MR_TADF,outside_CzBN_domain,outside_CzBN_domain
E00_133_00006,C(#Cc1cc2ccc3cc(C#Cc4ccccc4)cc4ccc(c1)c2c34)c1ccccc1,PWEPNPPYNAIHNX-UHFFFAOYSA-N,,http://dx.doi.org/10.1021/ja2006862,toluene,1,2.995448710467966,2.995448710467966,0.0,2.995448710467966,2.995448710467966,0.0,2.995448710467966,general_only,C1CCC(CCC2CC3CCC4CC(CCC5CCCCC5)CC5CCC(C2)C3C45)CC1,C(#Cc1cc2ccc3cc(C#Cc4ccccc4)cc4ccc(c1)c2c34)c1ccccc1,outside_MR_TADF,outside_CzBN_domain,outside_CzBN_domain
E00_133_00007,C(#Cc1cc2ccc3cccc4ccc(c1)c2c34)c1ccccc1,BUIMZPOPFDNUGO-UHFFFAOYSA-N,,http://dx.doi.org/10.1021/ja2006862,toluene,1,3.143628301523038,3.143628301523038,0.0,3.143628301523038,3.143628301523038,0.0,3.143628301523038,general_only,C1CCC(CCC2CC3CCC4CCCC5CCC(C2)C3C45)CC1,C(#Cc1cc2ccc3cccc4ccc(c1)c2c34)c1ccccc1,outside_MR_TADF,outside_CzBN_domain,outside_CzBN_domain
E00_133_00008,C(#Cc1ccc(-n2c3ccccc3c3ccccc32)cc1)c1ccccc1,VWQZGWYEULIHEL-UHFFFAOYSA-N,,DOI: 10.1021/jo0703911,toluene,1,3.587795183539864,3.587795183539864,0.0,3.587795183539864,3.587795183539864,0.0,3.587795183539864,general_only,C1CCC(CCC2CCC(C3C4CCCCC4C4CCCCC43)CC2)CC1,C(#Cc1ccc(-n2c3ccccc3c3ccccc32)cc1)c1ccccc1,outside_MR_TADF,outside_CzBN_domain,outside_CzBN_domain
E00_133_00009,C(#Cc1ccc(N(c2ccc(C#Cc3ccc(-c4cc(-c5ccccc5)nc(-c5ccccc5)c4)cc3)cc2)c2ccc(C#Cc3ccc(-c4cc(-c5ccccc5)nc(-c5ccccc5)c4)cc3)cc2)cc1)c1ccc(-c2cc(-c3ccccc3)nc(-c3ccccc3)c2)cc1,KIMIZISALPYGGE-UHFFFAOYSA-N,,https://doi.org/10.1016/j.tetlet.2012.01.116,toluene,1,3.095610701244504,3.095610701244504,0.0,3.095610701244504,3.095610701244504,0.0,3.095610701244504,general_only,C1CCC(C2CC(C3CCCCC3)CC(C3CCC(CCC4CCC(C(C5CCC(CCC6CCC(C7CC(C8CCCCC8)CC(C8CCCCC8)C7)CC6)CC5)C5CCC(CCC6CCC(C7CC(C8CCCCC8)CC(C8CCCCC8)C7)CC6)CC5)CC4)CC3)C2)CC1,C(#Cc1ccc(N(c2ccc(C#Cc3ccc(-c4cc(-c5ccccc5)nc(-c5ccccc5)c4)cc3)cc2)c2ccc(C#Cc3ccc(-c4cc(-c5ccccc5)nc(-c5ccccc5)c4)cc3)cc2)cc1)c1ccc(-c2cc(-c3ccccc3)nc(-c3ccccc3)c2)cc1,outside_MR_TADF,outside_CzBN_domain,outside_CzBN_domain
E00_133_00010,C(#Cc1ccc2ccc3cccc4ccc1c2c34)c1ccccc1,YRTLXHUVJXZUIN-UHFFFAOYSA-N,,http://dx.doi.org/10.1021/ja2006862,toluene,1,3.298384931681056,3.298384931681056,0.0,3.298384931681056,3.298384931681056,0.0,3.298384931681056,general_only,C1CCC(CCC2CCC3CCC4CCCC5CCC2C3C45)CC1,C(#Cc1ccc2ccc3cccc4ccc1c2c34)c1ccccc1,outside_MR_TADF,outside_CzBN_domain,outside_CzBN_domain
E00_133_00011,C(#Cc1ccc2ncsc2c1)c1ccc(N(c2ccc(C#Cc3ccc4ncsc4c3)cc2)c2ccc(C#Cc3ccc4ncsc4c3)cc2)cc1,QIEJHMSUOJPBON-UHFFFAOYSA-N,,DOI: 10.1021/jo201411t,toluene,1,3.1291634884312227,3.1291634884312227,0.0,3.1291634884312227,3.1291634884312227,0.0,3.1291634884312227,general_only,C1CC2CCC(CCC3CCC(C(C4CCC(CCC5CCC6CCCC6C5)CC4)C4CCC(CCC5CCC6CCCC6C5)CC4)CC3)CC2C1,C(#Cc1ccc2ncsc2c1)c1ccc(N(c2ccc(C#Cc3ccc4ncsc4c3)cc2)c2ccc(C#Cc3ccc4ncsc4c3)cc2)cc1,outside_MR_TADF,outside_CzBN_domain,outside_CzBN_domain
E00_133_00012,C(#Cc1ccc2ncsc2c1)c1ccc(N(c2ccccc2)c2ccccc2)cc1,FGMSONACRHPECD-UHFFFAOYSA-N,,DOI: 10.1021/jo201411t,toluene,1,3.1472282678274226,3.1472282678274226,0.0,3.1472282678274226,3.1472282678274226,0.0,3.1472282678274226,general_only,C1CCC(C(C2CCCCC2)C2CCC(CCC3CCC4CCCC4C3)CC2)CC1,C(#Cc1ccc2ncsc2c1)c1ccc(N(c2ccccc2)c2ccccc2)cc1,outside_MR_TADF,outside_CzBN_domain,outside_CzBN_domain
E00_133_00013,C(#Cc1cccc(C#Cc2ccc(-n3c4ccccc4c4ccccc43)cc2)c1)c1ccc(-n2c3ccccc3c3ccccc32)cc1,KGXXGGOTWZIPSI-UHFFFAOYSA-N,,DOI: 10.1021/jo0703911,toluene,1,3.5029921059332825,3.5029921059332825,0.0,3.5029921059332825,3.5029921059332825,0.0,3.5029921059332825,general_only,C1CC(CCC2CCC(C3C4CCCCC4C4CCCCC43)CC2)CC(CCC2CCC(C3C4CCCCC4C4CCCCC43)CC2)C1,C(#Cc1cccc(C#Cc2ccc(-n3c4ccccc4c4ccccc43)cc2)c1)c1ccc(-n2c3ccccc3c3ccccc32)cc1,outside_MR_TADF,outside_CzBN_domain,outside_CzBN_domain
E00_133_00014,C(#Cc1nc2ccccc2s1)c1ccc(N(c2ccc(C#Cc3nc4ccccc4s3)cc2)c2ccc(C#Cc3nc4ccccc4s3)cc2)cc1,POYIWYQPIKHWSL-UHFFFAOYSA-N,,DOI: 10.1021/jo201411t,toluene,1,2.963224893917963,2.963224893917963,0.0,2.963224893917963,2.963224893917963,0.0,2.963224893917963,general_only,C1CCC2CC(CCC3CCC(C(C4CCC(CCC5CC6CCCCC6C5)CC4)C4CCC(CCC5CC6CCCCC6C5)CC4)CC3)CC2C1,C(#Cc1nc2ccccc2s1)c1ccc(N(c2ccc(C#Cc3nc4ccccc4s3)cc2)c2ccc(C#Cc3nc4ccccc4s3)cc2)cc1,outside_MR_TADF,outside_CzBN_domain,outside_CzBN_domain
E00_133_00015,C(#Cc1nc2ccccc2s1)c1ccc(N(c2ccccc2)c2ccccc2)cc1,FRYUKSRUSOFWLF-UHFFFAOYSA-N,,DOI: 10.1021/jo201411t,toluene,1,3.0167024463893934,3.0167024463893934,0.0,3.0167024463893934,3.0167024463893934,0.0,3.0167024463893934,general_only,C1CCC(C(C2CCCCC2)C2CCC(CCC3CC4CCCCC4C3)CC2)CC1,C(#Cc1nc2ccccc2s1)c1ccc(N(c2ccccc2)c2ccccc2)cc1,outside_MR_TADF,outside_CzBN_domain,outside_CzBN_domain
E00_133_00016,C(=C/c1cc(/C=C/c2ccc(-n3c4ccccc4c4ccccc43)cc2)cc(/C=C/c2ccc(-n3c4ccccc4c4ccccc43)cc2)c1)\c1ccc(-n2c3ccccc3c3ccccc32)cc1,FQNQULQLBPDOLS-WUOFIQDXSA-N,,DOI: 10.1021/acs.jpcc.8b12248,toluene,1,3.3432361126170083,3.3432361126170083,0.0,3.3432361126170083,3.3432361126170083,0.0,3.3432361126170083,general_only,C1CCC2C(C1)C1CCCCC1C2C1CCC(CCC2CC(CCC3CCC(C4C5CCCCC5C5CCCCC54)CC3)CC(CCC3CCC(C4C5CCCCC5C5CCCCC54)CC3)C2)CC1,C(=C/c1cc(/C=C/c2ccc(-n3c4ccccc4c4ccccc43)cc2)cc(/C=C/c2ccc(-n3c4ccccc4c4ccccc43)cc2)c1)\c1ccc(-n2c3ccccc3c3ccccc32)cc1,outside_MR_TADF,outside_CzBN_domain,outside_CzBN_domain
E00_133_00017,C(=C/c1ccc(-c2ccc(/C=C/c3ccc(-n4c5ccccc5c5ccccc54)cc3)s2)s1)\c1ccc(-n2c3ccccc3c3ccccc32)cc1,WPIBFDAAOFPGHD-GPAWKIAZSA-N,,doi:10.1016/j.optmat.2004.02.022,toluene,1,2.57379576355254,2.57379576355254,0.0,2.57379576355254,2.57379576355254,0.0,2.57379576355254,general_only,C1CCC2C(C1)C1CCCCC1C2C1CCC(CCC2CCC(C3CCC(CCC4CCC(C5C6CCCCC6C6CCCCC65)CC4)C3)C2)CC1,C(=C/c1ccc(-c2ccc(/C=C/c3ccc(-n4c5ccccc5c5ccccc54)cc3)s2)s1)\c1ccc(-n2c3ccccc3c3ccccc32)cc1,outside_MR_TADF,outside_CzBN_domain,outside_CzBN_domain
E00_133_00018,C(=C/c1ccc(-c2nnc(-c3ccc(/C=C/c4ccc(-c5nc(-c6ccccc6)c(-c6ccccc6)[nH]5)cc4)cc3)o2)cc1)\c1ccc(-c2nc(-c3ccccc3)c(-c3ccccc3)[nH]2)cc1,QKLDMZHEXPHPNB-MBALSZOMSA-N,,https://doi.org/10.1016/j.jphotochem.2017.05.025,toluene,1,2.954971273313899,2.954971273313899,0.0,2.954971273313899,2.954971273313899,0.0,2.954971273313899,general_only,C1CCC(C2CC(C3CCC(CCC4CCC(C5CCC(C6CCC(CCC7CCC(C8CC(C9CCCCC9)C(C9CCCCC9)C8)CC7)CC6)C5)CC4)CC3)CC2C2CCCCC2)CC1,C(=C/c1ccc(-c2nnc(-c3ccc(/C=C/c4ccc(-c5nc(-c6ccccc6)c(-c6ccccc6)[nH]5)cc4)cc3)o2)cc1)\c1ccc(-c2nc(-c3ccccc3)c(-c3ccccc3)[nH]2)cc1,outside_MR_TADF,outside_CzBN_domain,outside_CzBN_domain
E00_133_00019,C(=C/c1ccc(-n2c3ccccc3c3ccccc32)cc1)\c1ccc(-c2ccc(/C=C/c3ccc(-n4c5ccccc5c5ccccc54)cc3)cc2)cc1,FNTXOILWZRIZJS-XPWSMXQVSA-N,,https://doi.org/10.1021/acsmaterialslett.9b00536,toluene,1,3.1518661518661517,3.1518661518661517,0.0,3.1518661518661517,3.1518661518661517,0.0,3.1518661518661517,general_only,C1CCC2C(C1)C1CCCCC1C2C1CCC(CCC2CCC(C3CCC(CCC4CCC(C5C6CCCCC6C6CCCCC65)CC4)CC3)CC2)CC1,C(=C/c1ccc(-n2c3ccccc3c3ccccc32)cc1)\c1ccc(-c2ccc(/C=C/c3ccc(-n4c5ccccc5c5ccccc54)cc3)cc2)cc1,outside_MR_TADF,outside_CzBN_domain,outside_CzBN_domain
E00_133_00020,C(=C/c1ccc(/C=C/c2ccc(N(c3ccccc3)c3ccccc3)cc2)c2nsnc12)\c1ccc(N(c2ccccc2)c2ccccc2)cc1,VIGCQTBKIXJJHG-GPAWKIAZSA-N,,https://doi.org/10.1016/j.optmat.2013.12.047,toluene,1,2.204749144758129,2.204749144758129,0.0,2.204749144758129,2.204749144758129,0.0,2.204749144758129,general_only,C1CCC(C(C2CCCCC2)C2CCC(CCC3CCC(CCC4CCC(C(C5CCCCC5)C5CCCCC5)CC4)C4CCCC34)CC2)CC1,C(=C/c1ccc(/C=C/c2ccc(N(c3ccccc3)c3ccccc3)cc2)c2nsnc12)\c1ccc(N(c2ccccc2)c2ccccc2)cc1,outside_MR_TADF,outside_CzBN_domain,outside_CzBN_domain
E00_133_00021,C(=C/c1ccc(N(c2ccc(/C=C/c3ccc(-c4cc(-c5ccccc5)nc(-c5ccccc5)c4)cc3)cc2)c2ccc(/C=C/c3ccc(-c4cc(-c5ccccc5)nc(-c5ccccc5)c4)cc3)cc2)cc1)\c1ccc(-c2cc(-c3ccccc3)nc(-c3ccccc3)c2)cc1,HHDLSOSMMPVIJN-JCLOTSFOSA-N,,https://doi.org/10.1016/j.tetlet.2012.01.116,toluene,1,2.8426672249555116,2.8426672249555116,0.0,2.8426672249555116,2.8426672249555116,0.0,2.8426672249555116,general_only,C1CCC(C2CC(C3CCCCC3)CC(C3CCC(CCC4CCC(C(C5CCC(CCC6CCC(C7CC(C8CCCCC8)CC(C8CCCCC8)C7)CC6)CC5)C5CCC(CCC6CCC(C7CC(C8CCCCC8)CC(C8CCCCC8)C7)CC6)CC5)CC4)CC3)C2)CC1,C(=C/c1ccc(N(c2ccc(/C=C/c3ccc(-c4cc(-c5ccccc5)nc(-c5ccccc5)c4)cc3)cc2)c2ccc(/C=C/c3ccc(-c4cc(-c5ccccc5)nc(-c5ccccc5)c4)cc3)cc2)cc1)\c1ccc(-c2cc(-c3ccccc3)nc(-c3ccccc3)c2)cc1,outside_MR_TADF,outside_CzBN_domain,outside_CzBN_domain
E00_133_00022,C(=C/c1ccc(N(c2ccc(/C=C/c3ccc(N(c4ccccc4)c4ccccc4)cc3)cc2)c2ccc(-c3nc4ccccc4nc3-c3ccc(N(c4ccc(/C=C/c5ccc(N(c6ccccc6)c6ccccc6)cc5)cc4)c4ccc(/C=C/c5ccc(N(c6ccccc6)c6ccccc6)cc5)cc4)cc3)cc2)cc1)\c1ccc(N(c2ccccc2)c2ccccc2)cc1,GIBNQPKCPVHOJB-HUJXRBPWSA-N,,https://doi.org/10.1016/j.omx.2019.100013,toluene,1,2.843352527191299,2.843352527191299,0.0,2.843352527191299,2.843352527191299,0.0,2.843352527191299,general_only,C1CCC(C(C2CCCCC2)C2CCC(CCC3CCC(C(C4CCC(CCC5CCC(C(C6CCCCC6)C6CCCCC6)CC5)CC4)C4CCC(C5CC6CCCCC6CC5C5CCC(C(C6CCC(CCC7CCC(C(C8CCCCC8)C8CCCCC8)CC7)CC6)C6CCC(CCC7CCC(C(C8CCCCC8)C8CCCCC8)CC7)CC6)CC5)CC4)CC3)CC2)CC1,C(=C/c1ccc(N(c2ccc(/C=C/c3ccc(N(c4ccccc4)c4ccccc4)cc3)cc2)c2ccc(-c3nc4ccccc4nc3-c3ccc(N(c4ccc(/C=C/c5ccc(N(c6ccccc6)c6ccccc6)cc5)cc4)c4ccc(/C=C/c5ccc(N(c6ccccc6)c6ccccc6)cc5)cc4)cc3)cc2)cc1)\c1ccc(N(c2ccccc2)c2ccccc2)cc1,outside_MR_TADF,outside_CzBN_domain,outside_CzBN_domain
E00_133_00023,C(=C/c1ccc(N(c2ccc(/C=C/c3ccc(N(c4ccccc4)c4ccccc4)cc3)cc2)c2ccc(/C=C/c3ccc(/C=C/c4ccc(N(c5ccc(/C=C/c6ccc(N(c7ccccc7)c7ccccc7)cc6)cc5)c5ccc(/C=C/c6ccc(N(c7ccccc7)c7ccccc7)cc6)cc5)cc4)c4nsnc34)cc2)cc1)\c1ccc(N(c2ccccc2)c2ccccc2)cc1,BYQUATFUEUGHHL-NNRBDQINSA-N,,https://doi.org/10.1016/j.optmat.2013.12.047,toluene,1,2.1726321182842923,2.1726321182842923,0.0,2.1726321182842923,2.1726321182842923,0.0,2.1726321182842923,general_only,C1CCC(C(C2CCCCC2)C2CCC(CCC3CCC(C(C4CCC(CCC5CCC(C(C6CCCCC6)C6CCCCC6)CC5)CC4)C4CCC(CCC5CCC(CCC6CCC(C(C7CCC(CCC8CCC(C(C9CCCCC9)C9CCCCC9)CC8)CC7)C7CCC(CCC8CCC(C(C9CCCCC9)C9CCCCC9)CC8)CC7)CC6)C6CCCC56)CC4)CC3)CC2)CC1,C(=C/c1ccc(N(c2ccc(/C=C/c3ccc(N(c4ccccc4)c4ccccc4)cc3)cc2)c2ccc(/C=C/c3ccc(/C=C/c4ccc(N(c5ccc(/C=C/c6ccc(N(c7ccccc7)c7ccccc7)cc6)cc5)c5ccc(/C=C/c6ccc(N(c7ccccc7)c7ccccc7)cc6)cc5)cc4)c4nsnc34)cc2)cc1)\c1ccc(N(c2ccccc2)c2ccccc2)cc1,outside_MR_TADF,outside_CzBN_domain,outside_CzBN_domain
E00_133_00024,C(=C/c1ccc(N(c2ccccc2)c2ccccc2)cc1)\c1ccc(/C=C/c2ccc(N(c3ccccc3)c3ccccc3)cc2)cc1,ONFSYSWBTGIEQE-NBHCHVEOSA-N,,doi:10.1016/j.cplett.2010.11.037 | https://doi.org/10.1016/j.dyepig.2009.11.009,toluene,2,2.8700290563599955,2.8700290563599955,0.0035883191310028613,2.8674917315694017,2.872566381150589,0.005074649581187085,2.8700290563599955,general_only,C1CCC(C(C2CCCCC2)C2CCC(CCC3CCC(CCC4CCC(C(C5CCCCC5)C5CCCCC5)CC4)CC3)CC2)CC1,C(=C/c1ccc(N(c2ccccc2)c2ccccc2)cc1)\c1ccc(/C=C/c2ccc(N(c3ccccc3)c3ccccc3)cc2)cc1,outside_MR_TADF,outside_CzBN_domain,outside_CzBN_domain
E00_133_00025,C(=C/c1ccccn1)\c1ccc(N(c2ccc(/C=C/c3ccccn3)cc2)c2ccc(-c3nc4ccccc4nc3-c3ccc(N(c4ccc(/C=C/c5ccccn5)cc4)c4ccc(/C=C/c5ccccn5)cc4)cc3)cc2)cc1,NGCXGBWXQIJCJT-XRQSTUJTSA-N,,https://doi.org/10.1016/j.omx.2019.100013,toluene,1,2.8034386570971934,2.8034386570971934,0.0,2.8034386570971934,2.8034386570971934,0.0,2.8034386570971934,general_only,C1CCC(CCC2CCC(C(C3CCC(CCC4CCCCC4)CC3)C3CCC(C4CC5CCCCC5CC4C4CCC(C(C5CCC(CCC6CCCCC6)CC5)C5CCC(CCC6CCCCC6)CC5)CC4)CC3)CC2)CC1,C(=C/c1ccccn1)\c1ccc(N(c2ccc(/C=C/c3ccccn3)cc2)c2ccc(-c3nc4ccccc4nc3-c3ccc(N(c4ccc(/C=C/c5ccccn5)cc4)c4ccc(/C=C/c5ccccn5)cc4)cc3)cc2)cc1,outside_MR_TADF,outside_CzBN_domain,outside_CzBN_domain
E00_133_00026,C(=C/c1nc(/C=C/c2ccc(-n3c4ccccc4c4ccccc43)cc2)nc(/C=C/c2ccc(-n3c4ccccc4c4ccccc43)cc2)n1)\c1ccc(-n2c3ccccc3c3ccccc32)cc1,BTBRFNZKOAOGNR-LWBMHTORSA-N,,DOI: 10.1021/acs.jpcc.8b12248,toluene,1,2.9624837558237855,2.9624837558237855,0.0,2.9624837558237855,2.9624837558237855,0.0,2.9624837558237855,general_only,C1CCC2C(C1)C1CCCCC1C2C1CCC(CCC2CC(CCC3CCC(C4C5CCCCC5C5CCCCC54)CC3)CC(CCC3CCC(C4C5CCCCC5C5CCCCC54)CC3)C2)CC1,C(=C/c1nc(/C=C/c2ccc(-n3c4ccccc4c4ccccc43)cc2)nc(/C=C/c2ccc(-n3c4ccccc4c4ccccc43)cc2)n1)\c1ccc(-n2c3ccccc3c3ccccc32)cc1,outside_MR_TADF,outside_CzBN_domain,outside_CzBN_domain
E00_133_00027,C1=C(c2ccccc2)C2=Nc3c(-c4ccccc4)cc4n3[B-]3(Oc5ccccc5C1=[N+]23)Oc1ccccc1-4,YQGRDSXMSUJOPZ-UHFFFAOYSA-N,,DOI: 10.1039/c4cs00030g,toluene,1,1.6827475473588074,1.6827475473588074,0.0,1.6827475473588074,1.6827475473588074,0.0,1.6827475473588074,general_only,C1CCC(C2CC3C4CCCCC4CC45CC6CCCCC6C6CC(C7CCCCC7)C(CC2C34)C65)CC1,C1=C(c2ccccc2)C2=Nc3c(-c4ccccc4)cc4n3[B-]3(Oc5ccccc5C1=[N+]23)Oc1ccccc1-4,outside_MR_TADF,outside_CzBN_domain,outside_CzBN_domain
E00_133_00028,C1=CSC(=C2SC=C(/C=C/C=C/C=C/C3=CSC(=C4SC=CS4)S3)S2)S1,HAQKXBQSMJUSGJ-CRQXNEITSA-N,,http://dx.doi.org/10.1016/j.jlumin.2017.03.042,toluene,1,2.1627159799233056,2.1627159799233056,0.0,2.1627159799233056,2.1627159799233056,0.0,2.1627159799233056,general_only,C1CCC(C2CCC(CCCCCCC3CCC(C4CCCC4)C3)C2)C1,C1=CSC(=C2SC=C(/C=C/C=C/C=C/C3=CSC(=C4SC=CS4)S3)S2)S1,outside_MR_TADF,outside_CzBN_domain,outside_CzBN_domain
E00_133_00029,C1=Nc2cccc3cccc(c23)N1,AAQTWLBJPNLKHT-UHFFFAOYSA-N,,https://doi.org/10.1007/s10895-019-02361-9,toluene,1,3.1866711045112397,3.1866711045112397,0.0,3.1866711045112397,3.1866711045112397,0.0,3.1866711045112397,general_only,C1CC2CCCC3CCCC(C1)C23,C1=Nc2cccc3cccc(c23)N1,outside_MR_TADF,outside_CzBN_domain,outside_CzBN_domain
E00_133_00030,C1=[N+](c2ccccc2)[B-](c2ccccc2)(c2ccccc2)Oc2c1ccc1c3c(ccc21)C=[N+](c1ccccc1)[B-](c1ccccc1)(c1ccccc1)O3,HOZZTBUKBKIDJX-UHFFFAOYSA-N,,DOI: 10.1021/acs.joc.7b01001,toluene,1,2.1866167501363614,2.1866167501363614,0.0,2.1866167501363614,2.1866167501363614,0.0,2.1866167501363614,general_only,C1CCC(C2CC3CCC4C5CC(C6CCCCC6)(C6CCCCC6)C(C6CCCCC6)CC5CCC4C3CC2(C2CCCCC2)C2CCCCC2)CC1,C1=[N+](c2ccccc2)[B-](c2ccccc2)(c2ccccc2)Oc2c1ccc1c3c(ccc21)C=[N+](c1ccccc1)[B-](c1ccccc1)(c1ccccc1)O3,outside_MR_TADF,outside_CzBN_domain,outside_CzBN_domain
E00_133_00031,C1=[N+](c2ccccc2)[B-]2(Oc3c1ccc1c4c(ccc31)C=[N+](c1ccccc1)[B-]1(O4)c3ccccc3Oc3ccccc31)c1ccccc1Oc1ccccc12,LCBSYYWTGVGJEH-UHFFFAOYSA-N,,DOI: 10.1021/acs.joc.7b01001,toluene,1,2.1541194357885862,2.1541194357885862,0.0,2.1541194357885862,2.1541194357885862,0.0,2.1541194357885862,general_only,C1CCC(C2CC3CCC4C5CC6(C7CCCCC7CC7CCCCC76)C(C6CCCCC6)CC5CCC4C3CC23C2CCCCC2CC2CCCCC23)CC1,C1=[N+](c2ccccc2)[B-]2(Oc3c1ccc1c4c(ccc31)C=[N+](c1ccccc1)[B-]1(O4)c3ccccc3Oc3ccccc31)c1ccccc1Oc1ccccc12,outside_MR_TADF,outside_CzBN_domain,outside_CzBN_domain
E00_133_00032,C=CC1CN2CCC1CC2[C@@H](OCc1ccccc1)c1ccnc2ccc(O)cc12,HFSYPELWEAKVJH-AJBXEQJSSA-N,,10.1021/jp901867h,toluene,1,3.597225141896153,3.597225141896153,0.0,3.597225141896153,3.597225141896153,0.0,3.597225141896153,general_only,C1CCC(CCC(C2CC3CCC2CC3)C2CCCC3CCCCC32)CC1,c1ccc(CO[C@@H](c2ccnc3ccccc23)C2CC3CCN2CC3)cc1,outside_MR_TADF,outside_CzBN_domain,outside_CzBN_domain
E00_133_00033,C=CCOC(=O)C(C#N)=C1C=C(/C=C/c2ccc(N(C)C)cc2)OC(/C=C/c2ccc(N(C)C)cc2)=C1,HSCUHIARZUYBFO-JYFOCSDGSA-N,,10.1021/ma802532b,toluene,1,2.4427310400073945,2.4427310400073945,0.0,2.4427310400073945,2.4427310400073945,0.0,2.4427310400073945,general_only,CC1CC(CCC2CCCCC2)CC(CCC2CCCCC2)C1,C=C1C=C(/C=C/c2ccccc2)OC(/C=C/c2ccccc2)=C1,outside_MR_TADF,outside_CzBN_domain,outside_CzBN_domain
E00_133_00034,C=Cc1ccc(-c2ccc(-c3nnc(-c4ccc(-c5nnc(-c6ccc(-c7ccc(C=C)cc7)s6)o5)cc4)o3)s2)cc1,QMDXDUGSRCBUSF-UHFFFAOYSA-N,,https://doi.org/10.1016/j.molstruc.2019.127032,toluene,1,3.3457922262303157,3.3457922262303157,0.0,3.3457922262303157,3.3457922262303157,0.0,3.3457922262303157,general_only,C1CCC(C2CCC(C3CCC(C4CCC(C5CCC(C6CCC(C7CCCCC7)C6)C5)CC4)C3)C2)CC1,c1ccc(-c2ccc(-c3nnc(-c4ccc(-c5nnc(-c6ccc(-c7ccccc7)s6)o5)cc4)o3)s2)cc1,outside_MR_TADF,outside_CzBN_domain,outside_CzBN_domain
E00_133_00035,CC(=O)N(Cc1ccccn1)c1c2ccccc2c2c3c(cccc13)C(=O)N(Cc1ccccn1)C2=O,IHGVECDCVFCLEA-UHFFFAOYSA-N,,http://dx.doi.org/10.1016/j.dyepig.2016.11.056 | https://doi.org/10.1016/j.dyepig.2016.11.056,toluene,2,2.6814934262957495,2.6814934262957495,0.0,2.6814934262957495,2.6814934262957495,0.0,2.6814934262957495,general_only,CC1C(CC2CCCCC2)C(C)C2C3CCCCC3C(CCC3CCCCC3)C3CCCC1C32,O=C1c2cccc3c(NCc4ccccn4)c4ccccc4c(c23)C(=O)N1Cc1ccccn1,outside_MR_TADF,outside_CzBN_domain,outside_CzBN_domain
E00_133_00036,CC(=O)Nc1ccc(S(=O)(=O)O)c(/N=N/c2c(O)c3ccccc3n(C)c2=O)c1,UHRJTHZPDITSSZ-QZQOTICOSA-N,,https://doi.org/10.1016/j.dyepig.2019.04.028,toluene,1,2.617990607668781,2.617990607668781,0.0,2.617990607668781,2.617990607668781,0.0,2.617990607668781,general_only,CC1CC2CCCCC2CC1CCC1CCCCC1,O=c1[nH]c2ccccc2cc1/N=N/c1ccccc1,outside_MR_TADF,outside_CzBN_domain,outside_CzBN_domain
E00_133_00037,CC(=O)Nc1ccc2c3c(cccc13)C(=O)c1ccccc1-2,URVBKBCOIJEGIQ-UHFFFAOYSA-N,,10.1021/jp035610a,toluene,1,2.6815000001011713,2.6815000001011713,0.0,2.6815000001011713,2.6815000001011713,0.0,2.6815000001011713,general_only,CC1C2CCCCC2C2CCCC3CCCC1C32,O=C1c2ccccc2-c2cccc3cccc1c23,outside_MR_TADF,outside_CzBN_domain,outside_CzBN_domain
E00_133_00038,CC(=O)Nc1ccccc1C(=O)OC1CC(C)CCC1C(C)C,NLDPEASFPRIXPN-UHFFFAOYSA-N,,https://doi.org/10.1016/S1011-1344(01)00197-X,toluene,1,3.6656132796221694,3.6656132796221694,0.0,3.6656132796221694,3.6656132796221694,0.0,3.6656132796221694,general_only,CC(CC1CCCCC1)C1CCCCC1,O=C(OC1CCCCC1)c1ccccc1,outside_MR_TADF,outside_CzBN_domain,outside_CzBN_domain
E00_133_00039,CC(=O)O[B-]1(OC(C)=O)OC(/C=C/C=C/c2ccccc2)=CC(/C=C/C=C/c2ccccc2)=[O+]1,AIGPZFYRQVNKLM-WITZSUAWSA-N,,https://doi.org/10.1016/j.saa.2019.05.031,toluene,1,2.5046173874130426,2.5046173874130426,0.0,2.5046173874130426,2.5046173874130426,0.0,2.5046173874130426,general_only,C1CCC(CCCCC2CCCC(CCCCC3CCCCC3)C2)CC1,[BH2-]1OC(/C=C/C=C/c2ccccc2)=CC(/C=C/C=C/c2ccccc2)=[O+]1,outside_MR_TADF,outside_CzBN_domain,outside_CzBN_domain
E00_133_00040,CC(=O)O[B-]1(OC(C)=O)OC(/C=C/c2ccc(C)cc2)=CC(/C=C/c2ccc(C)cc2)=[O+]1,FNDSKKVTQLJYMH-WXUKJITCSA-N,,https://doi.org/10.1016/j.saa.2019.05.031,toluene,1,2.710999637605142,2.710999637605142,0.0,2.710999637605142,2.710999637605142,0.0,2.710999637605142,general_only,C1CCC(CCC2CCCC(CCC3CCCCC3)C2)CC1,[BH2-]1OC(/C=C/c2ccccc2)=CC(/C=C/c2ccccc2)=[O+]1,outside_MR_TADF,outside_CzBN_domain,outside_CzBN_domain
E00_133_00041,CC(=O)O[B-]1(OC(C)=O)OC(/C=C/c2cccc3ccccc23)=CC(/C=C/c2cccc3ccccc23)=[O+]1,LIVGVVYQOAMBSO-XPWSMXQVSA-N,,https://doi.org/10.1016/j.saa.2019.05.031,toluene,1,2.496809009096344,2.496809009096344,0.0,2.496809009096344,2.496809009096344,0.0,2.496809009096344,general_only,C1CC(CCC2CCCC3CCCCC32)CC(CCC2CCCC3CCCCC32)C1,[BH2-]1OC(/C=C/c2cccc3ccccc23)=CC(/C=C/c2cccc3ccccc23)=[O+]1,outside_MR_TADF,outside_CzBN_domain,outside_CzBN_domain
E00_133_00042,CC(=O)O[B-]1(OC(C)=O)OC(/C=C/c2ccccc2)=CC(/C=C/c2ccccc2)=[O+]1,LJZWGENRYRKJAL-WXUKJITCSA-N,,https://doi.org/10.1016/j.saa.2019.05.031,toluene,1,2.7927362539476883,2.7927362539476883,0.0,2.7927362539476883,2.7927362539476883,0.0,2.7927362539476883,general_only,C1CCC(CCC2CCCC(CCC3CCCCC3)C2)CC1,[BH2-]1OC(/C=C/c2ccccc2)=CC(/C=C/c2ccccc2)=[O+]1,outside_MR_TADF,outside_CzBN_domain,outside_CzBN_domain
E00_133_00043,CC(=O)c1c2c(cc3c(N(C)C)cccc13)CCC2,UYNDRIKAPNMTNN-UHFFFAOYSA-N,,http://dx.doi.org/10.1021/ja3055029,toluene,1,3.117773530817009,3.117773530817009,0.0,3.117773530817009,3.117773530817009,0.0,3.117773530817009,general_only,C1CCC2CC3CCCC3CC2C1,c1ccc2cc3c(cc2c1)CCC3,outside_MR_TADF,outside_CzBN_domain,outside_CzBN_domain
E00_133_00044,CC(=O)c1c2c(cc3cc(N(C)C)ccc13)CCC2,NEEAFGBHAUEMIB-UHFFFAOYSA-N,,http://dx.doi.org/10.1021/ja3055029,toluene,1,2.973763897676941,2.973763897676941,0.0,2.973763897676941,2.973763897676941,0.0,2.973763897676941,general_only,C1CCC2CC3CCCC3CC2C1,c1ccc2cc3c(cc2c1)CCC3,outside_MR_TADF,outside_CzBN_domain,outside_CzBN_domain
E00_133_00045,CC(=O)c1c2c(cc3ccc(N(C)C)cc13)CCC2,ADMFWOMEBJXBJS-UHFFFAOYSA-N,,http://dx.doi.org/10.1021/ja3055029,toluene,1,2.9142422926617457,2.9142422926617457,0.0,2.9142422926617457,2.9142422926617457,0.0,2.9142422926617457,general_only,C1CCC2CC3CCCC3CC2C1,c1ccc2cc3c(cc2c1)CCC3,outside_MR_TADF,outside_CzBN_domain,outside_CzBN_domain
E00_133_00046,CC(=O)c1ccc(-c2cc3c4c(c2)-n2c5ccc(C(C)(C)C)cc5c5cc(C(C)(C)C)cc(c52)B4c2cc(C(C)(C)C)cc4c5cc(C(C)(C)C)ccc5n-3c24)cc1,VFDBKVZDXSPURK-UHFFFAOYSA-N,BNAP,10.1039/d5tc02393a,toluene,1,2.5527480673514775,2.5527480673514775,0.0,2.5527480673514775,2.5527480673514775,0.0,2.5527480673514775,MR_TADF_only,C1CCC(C2CC3C4C5CCCCC5C5CCCC(C54)C4C5CCCC6C7CCCCC7C(C(C2)C34)C65)CC1,c1ccc(-c2cc3c4c(c2)-n2c5ccccc5c5cccc(c52)B4c2cccc4c5ccccc5n-3c24)cc1,exact_CzBN_core_derivative,carbonyl_or_oxo,CZBN_CLUSTER_01
E00_133_00047,CC(=O)c1ccc2ccc3cccc4ccc1c2c34,KCIJNJVCFPSUBQ-UHFFFAOYSA-N,,doi:10.1016/j.tet.2012.05.072,toluene,1,3.1836998365237568,3.1836998365237568,0.0,3.1836998365237568,3.1836998365237568,0.0,3.1836998365237568,general_only,C1CC2CCC3CCCC4CCC(C1)C2C34,c1cc2ccc3cccc4ccc(c1)c2c34,outside_MR_TADF,outside_CzBN_domain,outside_CzBN_domain
E00_133_00048,CC(C)(C(=O)c1ccc(N2c3ccccc3C(C)(C)c3ccccc32)cc1)C(=O)c1ccc(N2c3ccccc3C(C)(C)c3ccccc32)cc1,QDLFSIWXOASPPB-UHFFFAOYSA-N,,DOI: 10.1021/jacs.8b04795,toluene,1,2.8150400324313365,2.8150400324313365,0.0,2.8150400324313365,2.8150400324313365,0.0,2.8150400324313365,general_only,CC(CC(C)C1CCC(C2C3CCCCC3CC3CCCCC32)CC1)C1CCC(C2C3CCCCC3CC3CCCCC32)CC1,O=C(CC(=O)c1ccc(N2c3ccccc3Cc3ccccc32)cc1)c1ccc(N2c3ccccc3Cc3ccccc32)cc1,outside_MR_TADF,outside_CzBN_domain,outside_CzBN_domain
E00_133_00049,CC(C)(C(=O)c1ccc(N2c3ccccc3Oc3ccccc32)cc1)C(=O)c1ccc(N2c3ccccc3Oc3ccccc32)cc1,OPIYJTIAWZBHAI-UHFFFAOYSA-N,,DOI: 10.1021/jacs.8b04795,toluene,1,2.5935874623597046,2.5935874623597046,0.0,2.5935874623597046,2.5935874623597046,0.0,2.5935874623597046,general_only,CC(CC(C)C1CCC(C2C3CCCCC3CC3CCCCC32)CC1)C1CCC(C2C3CCCCC3CC3CCCCC32)CC1,O=C(CC(=O)c1ccc(N2c3ccccc3Oc3ccccc32)cc1)c1ccc(N2c3ccccc3Oc3ccccc32)cc1,outside_MR_TADF,outside_CzBN_domain,outside_CzBN_domain
E00_133_00050,CC(C)(C)c1cc(-c2c3cccc4c5cccc6c(-c7cc(C(C)(C)C)cc(C(C)(C)C)c7)c7cccc8c9cccc2c9c(c34)c(c65)c78)cc(C(C)(C)C)c1,NLUPGQMTVRMGAX-UHFFFAOYSA-N,,DOI: 10.1021/jo902413h,toluene,1,1.7869253115221133,1.7869253115221133,0.0,1.7869253115221133,1.7869253115221133,0.0,1.7869253115221133,general_only,C1CCC(C2C3CCCC4C5CCCC6C(C7CCCCC7)C7CCCC8C9CCCC2C9C(C43)C(C56)C87)CC1,c1ccc(-c2c3cccc4c5cccc6c(-c7ccccc7)c7cccc8c9cccc2c9c(c34)c(c65)c78)cc1,outside_MR_TADF,outside_CzBN_domain,outside_CzBN_domain
E00_133_00051,CC(C)(C)c1cc(-c2cc3c4c(c2)-n2c5ccccc5c5c6c7c(c(c52)B4c2cc(C(C)(C)C)cc4c5cc(C(C)(C)C)ccc5n-3c24)C2CC=CC=C2N7c2cccc3cccc-6c23)cc(C(C)(C)C)c1,BVTCJMWIDTZIJL-UHFFFAOYSA-N,α-NAICZ-BN,10.1021/jacs.5c20503,toluene,1,1.9411557048777222,1.9411557048777222,0.0,1.9411557048777222,1.9411557048777222,0.0,1.9411557048777222,MR_TADF_only,C1CCC(C2CC3C4C5CCCCC5C5CCCC(C54)C4C3C(C2)C2C3CCCCC3C3C5C6CCCC7CCCC(C76)C6C7CCCCC7C(C65)C4C23)CC1,C1=CCC2C(=C1)N1c3c2c2c4c(c3-c3cccc5cccc1c35)c1ccccc1n4-c1cc(-c3ccccc3)cc3c1B2c1cccc2c4ccccc4n-3c12,exact_CzBN_core_derivative,amine_or_carbazole_donor,CZBN_CLUSTER_30
E00_133_00052,CC(C)(C)c1cc(C(C)(C)C)c(-c2nnc(-c3ccc(-n4c5ccccc5c5ccccc54)cc3)o2)c(C(C)(C)C)c1,FUXBZLDCUTUPJA-UHFFFAOYSA-N,,DOI: 10.1021/jo201488v,toluene,1,3.472465581977472,3.472465581977472,0.0,3.472465581977472,3.472465581977472,0.0,3.472465581977472,general_only,C1CCC(C2CCC(C3CCC(C4C5CCCCC5C5CCCCC54)CC3)C2)CC1,c1ccc(-c2nnc(-c3ccc(-n4c5ccccc5c5ccccc54)cc3)o2)cc1,outside_MR_TADF,outside_CzBN_domain,outside_CzBN_domain
E00_133_00053,CC(C)(C)c1cc(C(C)(C)C)cc(C2(c3cc(C(C)(C)C)cc(C(C)(C)C)c3)c3ccccc3N3c4cccc5c4B(c4cccc6c4N5c4cc(C(C)(C)C)cc5c7cc(C(C)(C)C)ccc7n-6c45)c4cccc2c43)c1,YQWVYHOTNCFCFZ-UHFFFAOYSA-N,BNIP-tBuDPAC,"Adv. Funct. Mater. 2023, 33, 2213056",toluene,1,2.3723102561103966,2.3723102561103966,0.0,2.3723102561103966,2.3723102561103966,0.0,2.3723102561103966,MR_TADF_only,C1CCC(C2(C3CCCCC3)C3CCCCC3C3C4CCCC5C6C7CCCC8C9CCCCC9C(C9CCCC(C96)C(C6CCCC2C63)C54)C87)CC1,c1ccc(C2(c3ccccc3)c3ccccc3N3c4cccc5c4B(c4cccc6c4N5c4cccc5c7ccccc7n-6c45)c4cccc2c43)cc1,related_extended_CzBN_core,nitrogen_heteroaryl,CZBN_CLUSTER_07
E00_133_00054,CC(C)(C)c1cc2c(c(C(C)(C)C)c1)O[B-](F)(F)[n+]1c-2[nH]c(=O)c2ccccc21,GYOOGVMKKNBFCW-UHFFFAOYSA-N,,https://doi.org/10.1016/j.jfluchem.2019.03.005,toluene,1,3.099884762648229,3.099884762648229,0.0,3.099884762648229,3.099884762648229,0.0,3.099884762648229,general_only,CC1CC2C3CCCCC3CCC2C2CCCCC12,O=c1[nH]c2[n+](c3ccccc13)[BH2-]Oc1ccccc1-2,outside_MR_TADF,outside_CzBN_domain,outside_CzBN_domain
E00_133_00055,CC(C)(C)c1cc2c(c(C(C)(C)C)c1)O[B-](F)(F)[n+]1c-2nc(-c2ccccc2)c2cc(Cl)ccc21,BLJKUOZUZJARGA-UHFFFAOYSA-N,,https://doi.org/10.1016/j.jfluchem.2019.03.005,toluene,1,2.599378881987578,2.599378881987578,0.0,2.599378881987578,2.599378881987578,0.0,2.599378881987578,general_only,C1CCC(C2CC3C4CCCCC4CCC3C3CCCCC23)CC1,[BH2-]1Oc2ccccc2-c2nc(-c3ccccc3)c3ccccc3[n+]21,outside_MR_TADF,outside_CzBN_domain,outside_CzBN_domain
E00_133_00056,CC(C)(C)c1cc2c(c(C(C)(C)C)c1)O[B-](F)(F)[n+]1c-2nc(-c2ccccc2)c2ccccc21,UZOQEBBMCWDLMU-UHFFFAOYSA-N,,https://doi.org/10.1016/j.jfluchem.2019.03.005,toluene,1,2.6095402546945823,2.6095402546945823,0.0,2.6095402546945823,2.6095402546945823,0.0,2.6095402546945823,general_only,C1CCC(C2CC3C4CCCCC4CCC3C3CCCCC23)CC1,[BH2-]1Oc2ccccc2-c2nc(-c3ccccc3)c3ccccc3[n+]21,outside_MR_TADF,outside_CzBN_domain,outside_CzBN_domain
E00_133_00057,CC(C)(C)c1cc2ccc3c(-c4ccc(N(c5ccccc5)c5ccccc5)cc4)ccc4c5nc6cc(C#N)c(C#N)cc6nc5c(c1)c2c34,XHQADTNHLYJDLE-UHFFFAOYSA-N,,DOI: 10.1021/acs.jpcc.9b05875,toluene,1,2.2514192495921694,2.2514192495921694,0.0,2.2514192495921694,2.2514192495921694,0.0,2.2514192495921694,general_only,C1CCC(C(C2CCCCC2)C2CCC(C3CCC4C5CC6CCCCC6CC5C5CCCC6CCC3C4C65)CC2)CC1,c1ccc(N(c2ccccc2)c2ccc(-c3ccc4c5nc6ccccc6nc5c5cccc6ccc3c4c65)cc2)cc1,outside_MR_TADF,outside_CzBN_domain,outside_CzBN_domain
E00_133_00058,CC(C)(C)c1ccc(-c2c3ccccc3c3n2[B-](F)(F)[N+]2=Cc4c5ccccc5c(-c5ccc(C(C)(C)C)cc5)n4[B-](F)(F)[N+]2=C3)cc1,NCCAEALRRMIFOL-UHFFFAOYSA-N,,DOI: 10.1021/acs.joc.6b02291,toluene,1,2.096754383709937,2.096754383709937,0.0,2.096754383709937,2.096754383709937,0.0,2.096754383709937,general_only,C1CCC(C2C3CCCCC3C3CC4CC5C(CC4CC32)C2CCCCC2C5C2CCCCC2)CC1,[BH2-]1n2c(c3ccccc3c2-c2ccccc2)C=[N+]2[BH2-]n3c(c4ccccc4c3-c3ccccc3)C=[N+]12,outside_MR_TADF,outside_CzBN_domain,outside_CzBN_domain
E00_133_00059,CC(C)(C)c1ccc(-c2ccc3c(c2)c2cc(-c4ccc(C(C)(C)C)cc4)cc4c2n3-c2cccc3c2B4c2cccc4c2N3c2ccccc2-c2ccccc2-4)cc1,URPKNDMKYTYOJE-UHFFFAOYSA-N,BN-TPCzTBA,Chemical Engineering Journal 499 (2024) 155864,toluene,1,2.5697662444650398,2.5697662444650398,0.0,2.5697662444650398,2.5697662444650398,0.0,2.5697662444650398,MR_TADF_only,C1CCC(C2CCC3C(C2)C2CC(C4CCCCC4)CC4C2C3C2CCCC3C5C6CCCCC6C6CCCCC6C6CCCC(C65)C4C32)CC1,c1ccc(-c2ccc3c(c2)c2cc(-c4ccccc4)cc4c2n3-c2cccc3c2B4c2cccc4c2N3c2ccccc2-c2ccccc2-4)cc1,related_extended_CzBN_core,nitrogen_heteroaryl,CZBN_CLUSTER_38
E00_133_00060,CC(C)(C)c1ccc(-c2ccc3c4ccc(-c5ccc(C(C)(C)C)cc5)c5c4n(c3c2)-c2cccc3c2B5c2c(-c4ccc(C(C)(C)C)cc4)ccc4c5ccc(-c6ccc(C(C)(C)C)cc6)cc5n-3c24)cc1,PSFWBABDVGAXGP-UHFFFAOYSA-N,tBuPh-BN,"Chem. Sci.,2024, 15, 16917–16927",toluene,1,2.6043989950191744,2.6043989950191744,0.0,2.6043989950191744,2.6043989950191744,0.0,2.6043989950191744,MR_TADF_only,C1CCC(C2CCC3C(C2)C2C4CCCC5C6C7CC(C8CCCCC8)CCC7C7CCC(C8CCCCC8)C(C76)C(C45)C4C(C5CCCCC5)CCC3C24)CC1,c1ccc(-c2ccc3c4ccc(-c5ccccc5)c5c4n(c3c2)-c2cccc3c2B5c2c(-c4ccccc4)ccc4c5ccc(-c6ccccc6)cc5n-3c24)cc1,exact_CzBN_core_derivative,aryl_expansion,CZBN_CLUSTER_16
E00_133_00061,CC(C)(C)c1ccc(-c2nc3c4ccc(-c5c6ccccc6cc6ccccc56)cc4c4cc(-c5c6ccccc6cc6ccccc56)ccc4c3n2-c2ccc(C(C)(C)C)cc2)cc1,KFKXKJNLLAJODW-UHFFFAOYSA-N,,DOI: 10.1021/acsami.7b06547,toluene,1,3.128814933009143,3.128814933009143,0.0,3.128814933009143,3.128814933009143,0.0,3.128814933009143,general_only,C1CCC(C2CC3C4CCC(C5C6CCCCC6CC6CCCCC65)CC4C4CC(C5C6CCCCC6CC6CCCCC65)CCC4C3C2C2CCCCC2)CC1,c1ccc(-c2nc3c4ccc(-c5c6ccccc6cc6ccccc56)cc4c4cc(-c5c6ccccc6cc6ccccc56)ccc4c3n2-c2ccccc2)cc1,outside_MR_TADF,outside_CzBN_domain,outside_CzBN_domain
E00_133_00062,CC(C)(C)c1ccc(-c2nc3c4ccc(-c5cc6ccccc6c6ccccc56)cc4c4cc(-c5cc6ccccc6c6ccccc56)ccc4c3n2-c2ccc(C(C)(C)C)cc2)cc1,XNYLEAYUBCMPCM-UHFFFAOYSA-N,,DOI: 10.1021/acsami.7b06547,toluene,1,3.506414075221415,3.506414075221415,0.0,3.506414075221415,3.506414075221415,0.0,3.506414075221415,general_only,C1CCC(C2CC3C4CCC(C5CC6CCCCC6C6CCCCC56)CC4C4CC(C5CC6CCCCC6C6CCCCC56)CCC4C3C2C2CCCCC2)CC1,c1ccc(-c2nc3c4ccc(-c5cc6ccccc6c6ccccc56)cc4c4cc(-c5cc6ccccc6c6ccccc56)ccc4c3n2-c2ccccc2)cc1,outside_MR_TADF,outside_CzBN_domain,outside_CzBN_domain
E00_133_00063,CC(C)(C)c1ccc(-c2nc3c4ccc(-c5ccc6ccc7cccc8ccc5c6c78)cc4c4cc(-c5ccc6ccc7cccc8ccc5c6c78)ccc4c3n2-c2ccc(C(C)(C)C)cc2)cc1,IFMBBKWJDUMNJV-UHFFFAOYSA-N,,DOI: 10.1021/acsami.7b06547,toluene,1,3.2032992411745296,3.2032992411745296,0.0,3.2032992411745296,3.2032992411745296,0.0,3.2032992411745296,general_only,C1CCC(C2CC3C4CCC(C5CCC6CCC7CCCC8CCC5C6C78)CC4C4CC(C5CCC6CCC7CCCC8CCC5C6C78)CCC4C3C2C2CCCCC2)CC1,c1ccc(-c2nc3c4ccc(-c5ccc6ccc7cccc8ccc5c6c78)cc4c4cc(-c5ccc6ccc7cccc8ccc5c6c78)ccc4c3n2-c2ccccc2)cc1,outside_MR_TADF,outside_CzBN_domain,outside_CzBN_domain
E00_133_00064,CC(C)(C)c1ccc(-c2nc3c4ccc(-c5ccc6ccccc6c5)cc4c4cc(-c5ccc6ccccc6c5)ccc4c3n2-c2ccc(C(C)(C)C)cc2)cc1,QWVDUROAXVEDPA-UHFFFAOYSA-N,,DOI: 10.1021/acsami.7b06547,toluene,1,3.3906214009198785,3.3906214009198785,0.0,3.3906214009198785,3.3906214009198785,0.0,3.3906214009198785,general_only,C1CCC(C2CC3C4CCC(C5CCC6CCCCC6C5)CC4C4CC(C5CCC6CCCCC6C5)CCC4C3C2C2CCCCC2)CC1,c1ccc(-c2nc3c4ccc(-c5ccc6ccccc6c5)cc4c4cc(-c5ccc6ccccc6c5)ccc4c3n2-c2ccccc2)cc1,outside_MR_TADF,outside_CzBN_domain,outside_CzBN_domain
E00_133_00065,CC(C)(C)c1ccc(-c2nc3c4ccc(-c5cccc6ccccc56)cc4c4cc(-c5cccc6ccccc56)ccc4c3n2-c2ccc(C(C)(C)C)cc2)cc1,BFQAOLHZUIAASX-UHFFFAOYSA-N,,DOI: 10.1021/acsami.7b06547,toluene,1,3.5006335128286348,3.5006335128286348,0.0,3.5006335128286348,3.5006335128286348,0.0,3.5006335128286348,general_only,C1CCC(C2CC3C4CCC(C5CCCC6CCCCC65)CC4C4CC(C5CCCC6CCCCC65)CCC4C3C2C2CCCCC2)CC1,c1ccc(-c2nc3c4ccc(-c5cccc6ccccc56)cc4c4cc(-c5cccc6ccccc56)ccc4c3n2-c2ccccc2)cc1,outside_MR_TADF,outside_CzBN_domain,outside_CzBN_domain
E00_133_00066,CC(C)(C)c1ccc(-c2nc3c4ccc(-c5ccccc5)cc4c4cc(-c5ccccc5)ccc4c3n2-c2ccc(C(C)(C)C)cc2)cc1,UMCBFRDAZOPIST-UHFFFAOYSA-N,,DOI: 10.1021/acsami.7b06547,toluene,1,3.4598000061917586,3.4598000061917586,0.0,3.4598000061917586,3.4598000061917586,0.0,3.4598000061917586,general_only,C1CCC(C2CCC3C(C2)C2CC(C4CCCCC4)CCC2C2C3CC(C3CCCCC3)C2C2CCCCC2)CC1,c1ccc(-c2ccc3c(c2)c2cc(-c4ccccc4)ccc2c2c3nc(-c3ccccc3)n2-c2ccccc2)cc1,outside_MR_TADF,outside_CzBN_domain,outside_CzBN_domain
E00_133_00067,CC(C)(C)c1ccc(-c2nc3c4ccccc4c4ccccc4c3n2-c2ccc(C(C)(C)C)cc2)cc1,ABLOZOKHMRKDPQ-UHFFFAOYSA-N,,DOI: 10.1021/acsami.7b06547,toluene,1,3.551768906199286,3.551768906199286,0.0,3.551768906199286,3.551768906199286,0.0,3.551768906199286,general_only,C1CCC(C2CC3C4CCCCC4C4CCCCC4C3C2C2CCCCC2)CC1,c1ccc(-c2nc3c4ccccc4c4ccccc4c3n2-c2ccccc2)cc1,outside_MR_TADF,outside_CzBN_domain,outside_CzBN_domain
E00_133_00068,CC(C)(C)c1ccc(-c2nc3ccccc3nc2-c2cc(-c3nc4ccccc4nc3-c3ccc(C(C)(C)C)cc3)cc(-n3c4ccccc4c4ccccc43)c2)cc1,QPBKQAWXCCZPJL-UHFFFAOYSA-N,,https://doi.org/10.1016/j.tetlet.2011.10.074,toluene,1,3.2210898834548454,3.2210898834548454,0.0,3.2210898834548454,3.2210898834548454,0.0,3.2210898834548454,general_only,C1CCC(C2CC3CCCCC3CC2C2CC(C3CC4CCCCC4CC3C3CCCCC3)CC(C3C4CCCCC4C4CCCCC43)C2)CC1,c1ccc(-c2nc3ccccc3nc2-c2cc(-c3nc4ccccc4nc3-c3ccccc3)cc(-n3c4ccccc4c4ccccc43)c2)cc1,outside_MR_TADF,outside_CzBN_domain,outside_CzBN_domain
E00_133_00069,CC(C)(C)c1ccc(-c2nnc(-c3c(-n4c5ccccc5c5ccccc54)c(-n4c5ccccc5c5ccccc54)c(-c4nnc(-c5ccc(C(C)(C)C)cc5)o4)c(-n4c5ccccc5c5ccccc54)c3-n3c4ccccc4c4ccccc43)o2)cc1,MVGJHNWZAOKCLD-UHFFFAOYSA-N,,DOI: 10.1021/acsami.8b18798,toluene,1,2.655287497115265,2.655287497115265,0.0,2.655287497115265,2.655287497115265,0.0,2.655287497115265,general_only,C1CCC(C2CCC(C3C(C4C5CCCCC5C5CCCCC54)C(C4C5CCCCC5C5CCCCC54)C(C4CCC(C5CCCCC5)C4)C(C4C5CCCCC5C5CCCCC54)C3C3C4CCCCC4C4CCCCC43)C2)CC1,c1ccc(-c2nnc(-c3c(-n4c5ccccc5c5ccccc54)c(-n4c5ccccc5c5ccccc54)c(-c4nnc(-c5ccccc5)o4)c(-n4c5ccccc5c5ccccc54)c3-n3c4ccccc4c4ccccc43)o2)cc1,outside_MR_TADF,outside_CzBN_domain,outside_CzBN_domain
E00_133_00070,CC(C)(C)c1ccc(-c2nnc(-c3c(-n4c5ccccc5c5ccccc54)c(-n4c5ccccc5c5ccccc54)c(-n4c5ccccc5c5ccccc54)c(-n4c5ccccc5c5ccccc54)c3-n3c4ccccc4c4ccccc43)o2)cc1,WRJZLLHXMSIHDH-UHFFFAOYSA-N,,DOI: 10.1021/acs.chemmater.8b02632,toluene,1,3.1481689158037707,3.1481689158037707,0.0,3.1481689158037707,3.1481689158037707,0.0,3.1481689158037707,general_only,C1CCC(C2CCC(C3C(C4C5CCCCC5C5CCCCC54)C(C4C5CCCCC5C5CCCCC54)C(C4C5CCCCC5C5CCCCC54)C(C4C5CCCCC5C5CCCCC54)C3C3C4CCCCC4C4CCCCC43)C2)CC1,c1ccc(-c2nnc(-c3c(-n4c5ccccc5c5ccccc54)c(-n4c5ccccc5c5ccccc54)c(-n4c5ccccc5c5ccccc54)c(-n4c5ccccc5c5ccccc54)c3-n3c4ccccc4c4ccccc43)o2)cc1,outside_MR_TADF,outside_CzBN_domain,outside_CzBN_domain
E00_133_00071,CC(C)(C)c1ccc(-c2nnc(-c3ccc4ccc5cccc6ccc3c4c56)o2)cc1,DWKBNLYRUDVWLA-UHFFFAOYSA-N,,DOI: 10.1021/acs.joc.5b02423,toluene,1,3.0290031219465696,3.0290031219465696,0.0,3.0290031219465696,3.0290031219465696,0.0,3.0290031219465696,general_only,C1CCC(C2CCC(C3CCC4CCC5CCCC6CCC3C4C56)C2)CC1,c1ccc(-c2nnc(-c3ccc4ccc5cccc6ccc3c4c56)o2)cc1,outside_MR_TADF,outside_CzBN_domain,outside_CzBN_domain
E00_133_00072,CC(C)(C)c1ccc(-c2sc3c(-c4ccc(C(C)(C)C)cc4)c4n(c3c2-c2ccc(C(C)(C)C)cc2)[B-](F)(F)[N+]2=Cc3c(-c5ccc(C(C)(C)C)cc5)c5sc(-c6ccc(C(C)(C)C)cc6)c(-c6ccc(C(C)(C)C)cc6)c5n3[B-](F)(F)[N+]2=C4)cc1,OVVMXABVDRDCCS-UHFFFAOYSA-N,,DOI: 10.1021/acs.joc.6b02291,toluene,1,2.021281114603687,2.021281114603687,0.0,2.021281114603687,2.021281114603687,0.0,2.021281114603687,general_only,C1CCC(C2CC3C(C4CCCCC4)C4CC5CC6C(CC5CC4C3C2C2CCCCC2)C(C2CCCCC2)C2CC(C3CCCCC3)C(C3CCCCC3)C62)CC1,[BH2-]1n2c(c(-c3ccccc3)c3sc(-c4ccccc4)c(-c4ccccc4)c32)C=[N+]2[BH2-]n3c(c(-c4ccccc4)c4sc(-c5ccccc5)c(-c5ccccc5)c43)C=[N+]12,outside_MR_TADF,outside_CzBN_domain,outside_CzBN_domain
E00_133_00073,CC(C)(C)c1ccc(/C=C/c2ccc(N(c3ccc(/C=C/c4ccc(C(C)(C)C)cc4)cc3)c3ccc(-c4nc5ccccc5nc4-c4ccc(N(c5ccc(/C=C/c6ccc(C(C)(C)C)cc6)cc5)c5ccc(/C=C/c6ccc(C(C)(C)C)cc6)cc5)cc4)cc3)cc2)cc1,ATLUPBSMOHMBDW-OKNOEDMOSA-N,,https://doi.org/10.1016/j.omx.2019.100013,toluene,1,2.909683300877652,2.909683300877652,0.0,2.909683300877652,2.909683300877652,0.0,2.909683300877652,general_only,C1CCC(CCC2CCC(C(C3CCC(CCC4CCCCC4)CC3)C3CCC(C4CC5CCCCC5CC4C4CCC(C(C5CCC(CCC6CCCCC6)CC5)C5CCC(CCC6CCCCC6)CC5)CC4)CC3)CC2)CC1,C(=C/c1ccc(N(c2ccc(/C=C/c3ccccc3)cc2)c2ccc(-c3nc4ccccc4nc3-c3ccc(N(c4ccc(/C=C/c5ccccc5)cc4)c4ccc(/C=C/c5ccccc5)cc4)cc3)cc2)cc1)\c1ccccc1,outside_MR_TADF,outside_CzBN_domain,outside_CzBN_domain
E00_133_00074,CC(C)(C)c1ccc(C(C)(C)C)c(N2C(=O)c3cccc4c(-c5ccc(-c6ccc(N(c7ccccc7)c7ccccc7)cc6)s5)ccc(c34)C2=O)c1,HBGDGFPKGFIEBP-UHFFFAOYSA-N,,http://dx.doi.org/10.1021/jp502535n,toluene,1,2.4873517786561266,2.4873517786561266,0.0,2.4873517786561266,2.4873517786561266,0.0,2.4873517786561266,general_only,CC1C2CCCC3C(C4CCC(C5CCC(C(C6CCCCC6)C6CCCCC6)CC5)C4)CCC(C(C)C1C1CCCCC1)C23,O=C1c2cccc3c(-c4ccc(-c5ccc(N(c6ccccc6)c6ccccc6)cc5)s4)ccc(c23)C(=O)N1c1ccccc1,outside_MR_TADF,outside_CzBN_domain,outside_CzBN_domain
E00_133_00075,CC(C)(C)c1ccc(C(C)(C)C)c(N2C(=O)c3cccc4c(-c5ccc(-c6ccc([N+](=O)[O-])cc6)s5)ccc(c34)C2=O)c1,CYNVEFZADKYWFR-UHFFFAOYSA-N,,http://dx.doi.org/10.1021/jp502535n,toluene,1,2.8759959098461936,2.8759959098461936,0.0,2.8759959098461936,2.8759959098461936,0.0,2.8759959098461936,general_only,CC1C2CCCC3C(C4CCC(C5CCCCC5)C4)CCC(C(C)C1C1CCCCC1)C23,O=C1c2cccc3c(-c4ccc(-c5ccccc5)s4)ccc(c23)C(=O)N1c1ccccc1,outside_MR_TADF,outside_CzBN_domain,outside_CzBN_domain
E00_133_00076,CC(C)(C)c1ccc(C(C)(C)C)c(N2C(=O)c3cccc4c(-c5ccc(-c6ccccc6)s5)ccc(c34)C2=O)c1,FGQNIWNVMZMDPG-UHFFFAOYSA-N,,http://dx.doi.org/10.1021/jp502535n,toluene,1,2.8153954355958293,2.8153954355958293,0.0,2.8153954355958293,2.8153954355958293,0.0,2.8153954355958293,general_only,CC1C2CCCC3C(C4CCC(C5CCCCC5)C4)CCC(C(C)C1C1CCCCC1)C23,O=C1c2cccc3c(-c4ccc(-c5ccccc5)s4)ccc(c23)C(=O)N1c1ccccc1,outside_MR_TADF,outside_CzBN_domain,outside_CzBN_domain
E00_133_00077,CC(C)(C)c1ccc(C2=C(Br)C3=C(c4ccccc4)c4c(Br)c(-c5ccc(C(C)(C)C)cc5)c(-c5ccc(C(C)(C)C)cc5)n4[B-](F)(F)[N+]3=C2c2ccc(C(C)(C)C)cc2)cc1,ITWSLQTVEJTJKS-UHFFFAOYSA-N,,DOI: 10.1021/acs.joc.9b01425,toluene,1,2.070361891393591,2.070361891393591,0.0,2.070361891393591,2.070361891393591,0.0,2.070361891393591,general_only,C1CCC(C2CC3C(CC4C(CC(C5CCCCC5)C4C4CCCCC4)C3C3CCCCC3)C2C2CCCCC2)CC1,[BH2-]1n2c(cc(-c3ccccc3)c2-c2ccccc2)C(c2ccccc2)=C2C=C(c3ccccc3)C(c3ccccc3)=[N+]12,outside_MR_TADF,outside_CzBN_domain,outside_CzBN_domain
E00_133_00078,CC(C)(C)c1ccc(C2=C(c3ccc(C(C)(C)C)cc3)C(c3ccc(C(C)(C)C)cc3)=[N+]3C2=C(c2ccccc2)c2c(-c4ccc(C(C)(C)C)cc4)c(-c4ccc(C(C)(C)C)cc4)c(-c4ccc(C(C)(C)C)cc4)n2[B-]3(F)F)cc1,FELRDMZYGLKTEV-UHFFFAOYSA-N,,DOI: 10.1021/acs.joc.9b01425,toluene,1,2.0193354146310463,2.0193354146310463,0.0,2.0193354146310463,2.0193354146310463,0.0,2.0193354146310463,general_only,C1CCC(C2C3CC4C(C5CCCCC5)C(C5CCCCC5)C(C5CCCCC5)C4C(C4CCCCC4)C3C(C3CCCCC3)C2C2CCCCC2)CC1,[BH2-]1n2c(c(-c3ccccc3)c(-c3ccccc3)c2-c2ccccc2)C(c2ccccc2)=C2C(c3ccccc3)=C(c3ccccc3)C(c3ccccc3)=[N+]12,outside_MR_TADF,outside_CzBN_domain,outside_CzBN_domain
E00_133_00079,CC(C)(C)c1ccc(C2=CC(c3ccccc3)=[N+]3C2=Nc2c(-c4ccc(C(C)(C)C)cc4)cc(-c4ccccc4)n2[B-]3(F)F)cc1,BRKWGRUZAZSXCH-UHFFFAOYSA-N,,DOI: 10.1021/acs.orglett.9b04142,toluene,1,1.8514432923065267,1.8514432923065267,0.0,1.8514432923065267,1.8514432923065267,0.0,1.8514432923065267,general_only,C1CCC(C2CC(C3CCCCC3)C3CC4C(C5CCCCC5)CC(C5CCCCC5)C4CC23)CC1,[BH2-]1n2c(-c3ccccc3)cc(-c3ccccc3)c2N=C2C(c3ccccc3)=CC(c3ccccc3)=[N+]12,outside_MR_TADF,outside_CzBN_domain,outside_CzBN_domain
E00_133_00080,CC(C)(C)c1ccc(C2=CC3=C(c4ccccc4)c4cc(-c5ccc(C(C)(C)C)cc5)c(-c5ccc(C(C)(C)C)cc5)n4[B-](F)(F)[N+]3=C2c2ccc(C(C)(C)C)cc2)cc1,NJHSTYXMBRTKFL-UHFFFAOYSA-N,,DOI: 10.1021/acs.joc.9b01425,toluene,1,1.98010925899986,1.98010925899986,0.0,1.98010925899986,1.98010925899986,0.0,1.98010925899986,general_only,C1CCC(C2CC3C(CC4C(CC(C5CCCCC5)C4C4CCCCC4)C3C3CCCCC3)C2C2CCCCC2)CC1,[BH2-]1n2c(cc(-c3ccccc3)c2-c2ccccc2)C(c2ccccc2)=C2C=C(c3ccccc3)C(c3ccccc3)=[N+]12,outside_MR_TADF,outside_CzBN_domain,outside_CzBN_domain
E00_133_00081,CC(C)(C)c1ccc(C2=c3c(c4ccc(C(C)(C)C)cc4c4cc(C(C)(C)C)ccc34)=[N+]3C2=C(c2ccccc2)c2c(-c4ccc(C(C)(C)C)cc4)c4c5ccc(C(C)(C)C)cc5c5cc(C(C)(C)C)ccc5c4n2[B-]3(F)F)cc1,HGQPHTPVKSZGAJ-UHFFFAOYSA-N,,DOI: 10.1021/acs.joc.9b01425,toluene,1,1.7708218658642496,1.7708218658642496,0.0,1.7708218658642496,1.7708218658642496,0.0,1.7708218658642496,general_only,C1CCC(C2C3C4CCCCC4C4CCCCC4C3C3CC4C5C6CCCCC6C6CCCCC6C5C(C5CCCCC5)C4C(C4CCCCC4)C32)CC1,[BH2-]1n2c(c(-c3ccccc3)c3c4ccccc4c4ccccc4c32)C(c2ccccc2)=C2C(c3ccccc3)=c3c(c4ccccc4c4ccccc34)=[N+]12,outside_MR_TADF,outside_CzBN_domain,outside_CzBN_domain
E00_133_00082,CC(C)(C)c1ccc(C2=c3sc4ccccc4c3=[N+]3C2=Nc2c(-c4ccc(C(C)(C)C)cc4)c4sc5ccccc5c4n2[B-]3(F)F)cc1,XGLQXRHZSDVYNX-UHFFFAOYSA-N,,DOI: 10.1021/acs.orglett.9b04142,toluene,1,1.646027339494676,1.646027339494676,0.0,1.646027339494676,1.646027339494676,0.0,1.646027339494676,general_only,C1CCC(C2C3CC4C(CC3C3C5CCCCC5CC23)C2C3CCCCC3CC2C4C2CCCCC2)CC1,[BH2-]1n2c(c(-c3ccccc3)c3sc4ccccc4c32)N=C2C(c3ccccc3)=c3sc4ccccc4c3=[N+]12,outside_MR_TADF,outside_CzBN_domain,outside_CzBN_domain
E00_133_00083,CC(C)(C)c1ccc(N(c2cc(-n3c4ccccc4c4ccccc43)cc(-n3c4ccccc4c4ccccc43)c2)c2cc3c4c(c2)-n2c5ccccc5c5cccc(c52)B4c2cccc4c5ccccc5n-3c24)cc1,LBSZNYMKDMQLFT-UHFFFAOYSA-N,CzBN-mCP,ChemicalEngineeringJournal471(2023)144664,toluene,1,2.7201354679802954,2.7201354679802954,0.0,2.7201354679802954,2.7201354679802954,0.0,2.7201354679802954,MR_TADF_only,C1CCC(C(C2CC(C3C4CCCCC4C4CCCCC43)CC(C3C4CCCCC4C4CCCCC43)C2)C2CC3C4C5CCCCC5C5CCCC(C54)C4C5CCCC6C7CCCCC7C(C(C2)C34)C65)CC1,c1ccc(N(c2cc(-n3c4ccccc4c4ccccc43)cc(-n3c4ccccc4c4ccccc43)c2)c2cc3c4c(c2)-n2c5ccccc5c5cccc(c52)B4c2cccc4c5ccccc5n-3c24)cc1,exact_CzBN_core_derivative,nitrogen_heteroaryl,CZBN_CLUSTER_12
E00_133_00084,CC(C)(C)c1ccc(N(c2ccc(C(C)(C)C)cc2)c2cc3c4c(c2)-n2c5ccc(C(C)(C)C)cc5c5cc(C(C)(C)C)cc(c52)B4c2cc(C(C)(C)C)cc4c5cc(C(C)(C)C)ccc5n-3c24)cc1,JYINKHHWZFVHRY-UHFFFAOYSA-N,Tdpa-dTCzB,"J. Mater. Chem. C, 2022, 10, 15408–15415",toluene,1,2.6787980589772302,2.6787980589772302,0.0,2.6787980589772302,2.6787980589772302,0.0,2.6787980589772302,MR_TADF_only,C1CCC(C(C2CCCCC2)C2CC3C4C5CCCCC5C5CCCC(C54)C4C5CCCC6C7CCCCC7C(C(C2)C34)C65)CC1,c1ccc(N(c2ccccc2)c2cc3c4c(c2)-n2c5ccccc5c5cccc(c52)B4c2cccc4c5ccccc5n-3c24)cc1,exact_CzBN_core_derivative,amine_or_carbazole_donor,CZBN_CLUSTER_05
E00_133_00085,CC(C)(C)c1ccc(N(c2ccc(C(C)(C)C)cc2)c2cc3c4c(c2)-n2c5ccccc5c5c6c7ccccc7n(-c7ccccc7)c6cc(c52)B4c2cc4c(c5ccccc5n4-c4ccccc4)c4c5ccccc5n-3c24)cc1,BSHZPKJUYGLPQV-UHFFFAOYSA-N,BpIC-DPA,Chemical Engineering Journal 481 (2024) 148781,toluene,1,2.3874080882352944,2.3874080882352944,0.0,2.3874080882352944,2.3874080882352944,0.0,2.3874080882352944,MR_TADF_only,C1CCC(C(C2CCCCC2)C2CC3C4C(C2)C2C5CCCCC5C5C6C7CCCCC7C(C7CCCCC7)C6CC(C4C4CC6C(C7CCCCC7)C7CCCCC7C6C6C7CCCCC7C3C46)C25)CC1,c1ccc(N(c2ccccc2)c2cc3c4c(c2)-n2c5ccccc5c5c6c7ccccc7n(-c7ccccc7)c6cc(c52)B4c2cc4c(c5ccccc5n4-c4ccccc4)c4c5ccccc5n-3c24)cc1,exact_CzBN_core_derivative,nitrogen_heteroaryl,CZBN_CLUSTER_12
E00_133_00086,CC(C)(C)c1ccc(N(c2ccc(C(C)(C)C)cc2)c2cc3c4c(c2)-n2c5ccccc5c5cccc(c52)B4c2cccc4c5ccccc5n-3c24)cc1,HHVYJBAEVHRFAN-UHFFFAOYSA-N,CzBN-tDPA,ChemicalEngineeringJournal471(2023)144664,toluene,1,2.720357941834452,2.720357941834452,0.0,2.720357941834452,2.720357941834452,0.0,2.720357941834452,MR_TADF_only,C1CCC(C(C2CCCCC2)C2CC3C4C5CCCCC5C5CCCC(C54)C4C5CCCC6C7CCCCC7C(C(C2)C34)C65)CC1,c1ccc(N(c2ccccc2)c2cc3c4c(c2)-n2c5ccccc5c5cccc(c52)B4c2cccc4c5ccccc5n-3c24)cc1,exact_CzBN_core_derivative,amine_or_carbazole_donor,CZBN_CLUSTER_04
E00_133_00087,CC(C)(C)c1ccc(N(c2ccc(C(C)(C)C)cc2)c2ccc3c4c2c2ccccc2n4-c2cccc4c2B3c2cc(-c3ccccc3)cc3c5cc(-c6ccccc6)ccc5n-4c23)cc1,LEFVJCIZVVKQGY-UHFFFAOYSA-N,MR-asym2,10.1021/acsami.5c22422,toluene,1,2.547071129707113,2.547071129707113,0.0,2.547071129707113,2.547071129707113,0.0,2.547071129707113,MR_TADF_only,C1CCC(C2CCC3C(C2)C2CC(C4CCCCC4)CC4C2C3C2CCCC3C2C4C2CCC(C(C4CCCCC4)C4CCCCC4)C4C5CCCCC5C3C24)CC1,c1ccc(-c2ccc3c(c2)c2cc(-c4ccccc4)cc4c2n3-c2cccc3c2B4c2ccc(N(c4ccccc4)c4ccccc4)c4c5ccccc5n-3c24)cc1,exact_CzBN_core_derivative,amine_or_carbazole_donor,CZBN_CLUSTER_24
E00_133_00088,CC(C)(C)c1ccc(N(c2ccc(C(C)(C)C)cc2)c2ccc3c4c2c2ccccc2n4-c2cccc4c2B3c2cc(C(C)(C)C)cc3c5cc(C(C)(C)C)ccc5n-4c23)cc1,NRWCPCDTHRGTIJ-UHFFFAOYSA-N,MR-asym1,10.1021/acsami.5c22422,toluene,1,2.575910538168828,2.575910538168828,0.0,2.575910538168828,2.575910538168828,0.0,2.575910538168828,MR_TADF_only,C1CCC(C(C2CCCCC2)C2CCC3C4C5CCCC6C7CCCCC7C(C7CCCC(C74)C4C7CCCCC7C2C34)C65)CC1,c1ccc(N(c2ccccc2)c2ccc3c4c2c2ccccc2n4-c2cccc4c2B3c2cccc3c5ccccc5n-4c23)cc1,exact_CzBN_core_derivative,amine_or_carbazole_donor,CZBN_CLUSTER_05
E00_133_00089,CC(C)(C)c1ccc(N(c2ccc(S(=O)(=O)c3ccc(S(=O)(=O)c4ccc(N(c5ccc(C(C)(C)C)cc5)c5ccccc5C(C)(C)C)cc4)cc3)cc2)c2ccccc2C(C)(C)C)cc1,JTNDXWLCYZTJFM-UHFFFAOYSA-N,,DOI: 10.1021/acs.chemmater.7b02964,toluene,1,3.13202053290159,3.13202053290159,0.0,3.13202053290159,3.13202053290159,0.0,3.13202053290159,general_only,CC(C)(C1CCC(C(C2CCCCC2)C2CCCCC2)CC1)C1CCC(C(C)(C)C2CCC(C(C3CCCCC3)C3CCCCC3)CC2)CC1,O=S(=O)(c1ccc(N(c2ccccc2)c2ccccc2)cc1)c1ccc(S(=O)(=O)c2ccc(N(c3ccccc3)c3ccccc3)cc2)cc1,outside_MR_TADF,outside_CzBN_domain,outside_CzBN_domain
E00_133_00090,CC(C)(C)c1ccc(N2c3ccc(C(C)(C)C)cc3B3c4c2cc(-c2cc(N(c5ccccc5)c5ccccc5)cc(N(c5ccccc5)c5ccccc5)c2)cc4-n2c4ccc(C(C)(C)C)cc4c4cc(C(C)(C)C)cc3c42)cc1,MXFGFEIPHSPBKT-UHFFFAOYSA-N,DtCzB-mDPA,"J. Mater. Chem. C, 2025, 13, 4069–4077",toluene,1,2.5709448426408157,2.5709448426408157,0.0,2.5709448426408157,2.5709448426408157,0.0,2.5709448426408157,MR_TADF_only,C1CCC(C(C2CCCCC2)C2CC(C3CC4C(C5CCCCC5)C5CCCCC5C5C6CCCC7C8CCCCC8C(C(C3)C45)C76)CC(C(C3CCCCC3)C3CCCCC3)C2)CC1,c1ccc(N(c2ccccc2)c2cc(-c3cc4c5c(c3)-n3c6ccccc6c6cccc(c63)B5c3ccccc3N4c3ccccc3)cc(N(c3ccccc3)c3ccccc3)c2)cc1,related_extended_CzBN_core,nitrogen_heteroaryl,CZBN_CLUSTER_01
E00_133_00091,CC(C)(C)c1ccc(N2c3ccc(C(C)(C)C)cc3B3c4c2cc(-c2cc(Sc5ccccc5)cc(Sc5ccccc5)c2)cc4-n2c4ccc(C(C)(C)C)cc4c4cc(C(C)(C)C)cc3c42)cc1,VNUGZAAHNLDACK-UHFFFAOYSA-N,DtCzB-mDS,"J. Mater. Chem. C, 2025, 13, 4069–4077",toluene,1,2.5686200507788377,2.5686200507788377,0.0,2.5686200507788377,2.5686200507788377,0.0,2.5686200507788377,MR_TADF_only,C1CCC(CC2CC(CC3CCCCC3)CC(C3CC4C(C5CCCCC5)C5CCCCC5C5C6CCCC7C8CCCCC8C(C(C3)C45)C76)C2)CC1,c1ccc(Sc2cc(Sc3ccccc3)cc(-c3cc4c5c(c3)-n3c6ccccc6c6cccc(c63)B5c3ccccc3N4c3ccccc3)c2)cc1,related_extended_CzBN_core,sulfur_or_selenium,CZBN_CLUSTER_01
E00_133_00092,CC(C)(C)c1ccc(N2c3ccc(C(C)(C)C)cc3B3c4cc(C(C)(C)C)ccc4-n4c5ccc(C(C)(C)C)cc5c(=O)c5ccc2c3c54)cc1,WTGOFRHBDPRDNL-UHFFFAOYSA-N,CO-DABNA,10.1002/anie.202518419,toluene,1,2.8152767755901453,2.8152767755901453,0.0,2.8152767755901453,2.8152767755901453,0.0,2.8152767755901453,MR_TADF_only,CC1C2CCCCC2C2C3CCCCC3C3C4CCCCC4C(C4CCCCC4)C4CCC1C2C43,O=c1c2ccccc2n2c3c4c(ccc13)N(c1ccccc1)c1ccccc1B4c1ccccc1-2,related_extended_CzBN_core,oxygen_heterocycle,CZBN_CLUSTER_28
E00_133_00093,CC(C)(C)c1ccc(N2c3ccc(C(C)(C)C)cc3B3c4cc(C(C)(C)C)ccc4N(c4ccc(C(C)(C)C)cc4)c4cc(-c5cc(-c6ccccc6)cc(-c6ccccc6)c5)cc2c43)cc1,NXKHHLKXBMDRCE-UHFFFAOYSA-N,tDABNA-TP,"Nanoscale,2025,17,1644–1651",toluene,1,2.6657245513406673,2.6657245513406673,0.0,2.6657245513406673,2.6657245513406673,0.0,2.6657245513406673,MR_TADF_only,C1CCC(C2CC(C3CCCCC3)CC(C3CC4C(C5CCCCC5)C5CCCCC5C5C6CCCCC6C(C6CCCCC6)C(C3)C45)C2)CC1,c1ccc(-c2cc(-c3ccccc3)cc(-c3cc4c5c(c3)N(c3ccccc3)c3ccccc3B5c3ccccc3N4c3ccccc3)c2)cc1,other_MR_TADF_core,outside_CzBN_domain,outside_CzBN_domain
E00_133_00094,CC(C)(C)c1ccc(N2c3ccc(C(C)(C)C)cc3B3c4cc(C(C)(C)C)ccc4N(c4ccc(C(C)(C)C)cc4)c4cc(-c5cc6c7c(c5)Oc5ccccc5B7c5ccccc5O6)cc2c43)cc1,IMYUUQRUNWSACP-UHFFFAOYSA-N,tDABNA-DOB,"Nanoscale,2025,17,1644–1651",toluene,1,2.6156387665198237,2.6156387665198237,0.0,2.6156387665198237,2.6156387665198237,0.0,2.6156387665198237,MR_TADF_only,C1CCC(C2C3CCCCC3C3C4CCCCC4C(C4CCCCC4)C4CC(C5CC6CC7CCCCC7C7C8CCCCC8CC(C5)C67)CC2C43)CC1,c1ccc(N2c3ccccc3B3c4ccccc4N(c4ccccc4)c4cc(-c5cc6c7c(c5)Oc5ccccc5B7c5ccccc5O6)cc2c43)cc1,other_MR_TADF_core,outside_CzBN_domain,outside_CzBN_domain
E00_133_00095,CC(C)(C)c1ccc(N2c3ccc(C(C)(C)C)cc3B3c4cc(C(C)(C)C)ccc4N(c4ccc(C(C)(C)C)cc4)c4cc(-c5cc6c7c(c5)Oc5ccccc5N7c5ccccc5O6)cc2c43)cc1,BGLSKPYHCZFRPG-UHFFFAOYSA-N,tDABNA-DN,"Nanoscale,2025,17,1644–1651",toluene,1,2.6969267139479904,2.6969267139479904,0.0,2.6969267139479904,2.6969267139479904,0.0,2.6969267139479904,MR_TADF_only,C1CCC(C2C3CCCCC3C3C4CCCCC4C(C4CCCCC4)C4CC(C5CC6CC7CCCCC7C7C8CCCCC8CC(C5)C67)CC2C43)CC1,c1ccc(N2c3ccccc3B3c4ccccc4N(c4ccccc4)c4cc(-c5cc6c7c(c5)Oc5ccccc5N7c5ccccc5O6)cc2c43)cc1,other_MR_TADF_core,outside_CzBN_domain,outside_CzBN_domain
E00_133_00096,CC(C)(C)c1ccc(N2c3ccc(C(C)(C)C)cc3B3c4cc(C(C)(C)C)ccc4N(c4ccc(C(C)(C)C)cc4)c4cc(-n5c6ccc(C(C)(C)C)cc6c6cc(C(C)(C)C)ccc65)cc2c43)cc1,XQQJHFWMZVDKDS-UHFFFAOYSA-N,,10.1002/anie.201806323 | DOI: 10.1002/anie.201806323,toluene,2,2.693871774307685,2.693871774307685,0.0,2.693871774307685,2.693871774307685,0.0,2.693871774307685,general_only,C1CCC(C2C3CCCCC3C3C4CCCCC4C(C4CCCCC4)C4CC(C5C6CCCCC6C6CCCCC65)CC2C43)CC1,c1ccc(N2c3ccccc3B3c4ccccc4N(c4ccccc4)c4cc(-n5c6ccccc6c6ccccc65)cc2c43)cc1,outside_MR_TADF,outside_CzBN_domain,outside_CzBN_domain
E00_133_00097,CC(C)(C)c1ccc2c(c1)B1c3c(cccc3-n3c4ccccc4c4c3c1cc1c3ccccc3n(-c3ccccc3)c14)O2,SBSMAFVBFKKSKZ-UHFFFAOYSA-N,OYCzPhBN,"Chem. Commun., 2025, 61, 7434–7437",toluene,1,2.8125,2.8125,0.0,2.8125,2.8125,0.0,2.8125,MR_TADF_only,C1CCC(C2C3CCCCC3C3CC4C5C6CCCCC6CC6CCCC(C65)C5C6CCCCC6C(C32)C45)CC1,c1ccc(-n2c3ccccc3c3cc4c5c(c6ccccc6n5-c5cccc6c5B4c4ccccc4O6)c32)cc1,related_extended_CzBN_core,oxygen_heterocycle,CZBN_CLUSTER_39
E00_133_00098,CC(C)(C)c1ccc2c(c1)C1(c3cc(C(C)(C)C)ccc3-2)c2cc3c4c5c2-n2c6c(cc(C(C)(C)C)cc6c6cc(C(C)(C)C)cc1c62)B5c1cc(C(C)(C)C)cc2c5cc(C(C)(C)C)cc(c5n-4c12)P3(=O)c1ccccc1,XUDCXGMZXDLLSV-UHFFFAOYSA-N,PO-tFBN,10.1002/anie.202518065,toluene,1,2.554677620579324,2.554677620579324,0.0,2.554677620579324,2.554677620579324,0.0,2.554677620579324,MR_TADF_only,CC1(C2CCCCC2)C2CCCC3C4CCCC5C4C(C32)C2C3C5C4CCCC5C6CCCC7C6C(C54)C3C(CC21)C71C2CCCCC2C2CCCCC21,O=P1(c2ccccc2)c2cc3c4c5c2-n2c6c(cccc6c6cccc1c62)B5c1cccc2c5cccc(c5n-4c12)C31c2ccccc2-c2ccccc21,exact_CzBN_core_derivative,phosphorus_containing,CZBN_CLUSTER_25
E00_133_00099,CC(C)(C)c1ccc2c(c1)Sc1cc(C(C)(C)C)ccc1N2c1ccc2c(ccc3nc4ccc5cc(N6c7ccc(C(C)(C)C)cc7Sc7cc(C(C)(C)C)ccc76)ccc5c4nc32)c1,BUWZQARIQSVABJ-UHFFFAOYSA-N,,10.1039/C6SC04863C,toluene,1,2.2838137472283813,2.2838137472283813,0.0,2.2838137472283813,2.2838137472283813,0.0,2.2838137472283813,general_only,C1CCC2C(C1)CC1CCCCC1C2C1CCC2C(CCC3CC4CCC5CC(C6C7CCCCC7CC7CCCCC76)CCC5C4CC32)C1,c1ccc2c(c1)Sc1ccccc1N2c1ccc2c(ccc3nc4ccc5cc(N6c7ccccc7Sc7ccccc76)ccc5c4nc32)c1,outside_MR_TADF,outside_CzBN_domain,outside_CzBN_domain
E00_133_00100,CC(C)(C)c1ccc2c(c1)[nH]c1c3[nH]c4cc(C(C)(C)C)ccc4c3c3nsnc3c21,BPJMTPKYNOUHLI-UHFFFAOYSA-N,,DOI: 10.1021/jo301458m,toluene,1,2.840652918093012,2.840652918093012,0.0,2.840652918093012,2.840652918093012,0.0,2.840652918093012,general_only,C1CCC2C(C1)CC1C3CC4CCCCC4C3C3CCCC3C21,c1ccc2c(c1)[nH]c1c3[nH]c4ccccc4c3c3nsnc3c21,outside_MR_TADF,outside_CzBN_domain,outside_CzBN_domain
E00_133_00101,CC(C)(C)c1ccc2c(c1)c1cc(C(C)(C)C)cc3c1n2-c1c(-c2cc4c5ccccc5n5c6ccccc6c(c2)c45)cc(-c2cc4c5ccccc5n5c6ccccc6c(c2)c45)c2c1B3c1cc(C(C)(C)C)cc3c4cc(C(C)(C)C)ccc4n-2c13,ZXDJMNSBAXRTFD-UHFFFAOYSA-N,dm-Icz-BNCz,"Adv. Optical Mater. 2024, 2400200",toluene,1,2.4236871440133156,2.4236871440133156,0.0,2.4236871440133156,2.4236871440133156,0.0,2.4236871440133156,MR_TADF_only,C1CCC2C(C1)C1CC(C3CC(C4CC5C6CCCCC6C6C7CCCCC7C(C4)C56)C4C5C6CCCCC6C6CCCC(C65)C5C6CCCC7C8CCCCC8C(C76)C3C54)CC3C4CCCCC4C2C13,c1ccc2c(c1)c1cccc3c1n2-c1c(-c2cc4c5ccccc5n5c6ccccc6c(c2)c45)cc(-c2cc4c5ccccc5n5c6ccccc6c(c2)c45)c2c1B3c1cccc3c4ccccc4n-2c13,exact_CzBN_core_derivative,nitrogen_heteroaryl,CZBN_CLUSTER_02
E00_133_00102,CC(C)(C)c1ccc2c(c1)c1cc(C(C)(C)C)cc3c1n2-c1cc(-c2c(-c4ccccc4)nc(-c4ccccc4)nc2-c2ccccc2)cc2c1B3c1cc(C(C)(C)C)cc3c4cc(C(C)(C)C)ccc4n-2c13,WEJDTOGTUYNPSW-UHFFFAOYSA-N,BN-TPP,Organic Electronics 125 (2024) 106973,toluene,1,2.558016877637131,2.558016877637131,0.0,2.558016877637131,2.558016877637131,0.0,2.558016877637131,MR_TADF_only,C1CCC(C2CC(C3CCCCC3)C(C3CC4C5C6CCCCC6C6CCCC(C65)C5C6CCCC7C8CCCCC8C(C(C3)C45)C76)C(C3CCCCC3)C2)CC1,c1ccc(-c2nc(-c3ccccc3)c(-c3cc4c5c(c3)-n3c6ccccc6c6cccc(c63)B5c3cccc5c6ccccc6n-4c35)c(-c3ccccc3)n2)cc1,exact_CzBN_core_derivative,nitrogen_heteroaryl,CZBN_CLUSTER_01
E00_133_00103,CC(C)(C)c1ccc2c(c1)c1cc(C(C)(C)C)cc3c1n2-c1cc(-c2c(-n4c5ccccc5c5c6sc7ccccc7c6ccc54)cc(C#N)cc2-n2c4ccccc4c4c5sc6ccccc6c5ccc42)cc2c1B3c1cc(C(C)(C)C)cc3c4cc(C(C)(C)C)ccc4n-2c13,QZLRFSFJBPJMQX-UHFFFAOYSA-N,DtCzBN-CNBT1,"Adv. Mater. 2021, 33, 2100652",toluene,1,2.5475009280820764,2.5475009280820764,0.0,2.5475009280820764,2.5475009280820764,0.0,2.5475009280820764,MR_TADF_only,C1CCC2C(C1)CC1C2CCC2C1C1CCCCC1C2C1CCCC(C2C3CCCCC3C3C4CC5CCCCC5C4CCC32)C1C1CC2C3C4CCCCC4C4CCCC(C43)C3C4CCCC5C6CCCCC6C(C(C1)C23)C54,c1cc(-n2c3ccccc3c3c4sc5ccccc5c4ccc32)c(-c2cc3c4c(c2)-n2c5ccccc5c5cccc(c52)B4c2cccc4c5ccccc5n-3c24)c(-n2c3ccccc3c3c4sc5ccccc5c4ccc32)c1,exact_CzBN_core_derivative,cyano_or_nitrile,CZBN_CLUSTER_22
E00_133_00104,CC(C)(C)c1ccc2c(c1)c1cc(C(C)(C)C)cc3c1n2-c1cc(-c2c(-n4c5ccccc5c5ccc6c7ccccc7sc6c54)cc(C#N)cc2-n2c4ccccc4c4ccc5c6ccccc6sc5c42)cc2c1B3c1cc(C(C)(C)C)cc3c4cc(C(C)(C)C)ccc4n-2c13,WOXHOBNXZFVSQV-UHFFFAOYSA-N,DtCzBN-CNBT2,"Adv. Mater. 2024, 36, 2412761",toluene,1,2.5737219236599147,2.5737219236599147,0.0,2.5737219236599147,2.5737219236599147,0.0,2.5737219236599147,MR_TADF_only,C1CCC2C(C1)CC1C2CCC2C3CCCCC3C(C3CCCC(C4C5CCCCC5C5CCC6C7CCCCC7CC6C54)C3C3CC4C5C6CCCCC6C6CCCC(C65)C5C6CCCC7C8CCCCC8C(C(C3)C45)C76)C12,c1cc(-n2c3ccccc3c3ccc4c5ccccc5sc4c32)c(-c2cc3c4c(c2)-n2c5ccccc5c5cccc(c52)B4c2cccc4c5ccccc5n-3c24)c(-n2c3ccccc3c3ccc4c5ccccc5sc4c32)c1,exact_CzBN_core_derivative,cyano_or_nitrile,CZBN_CLUSTER_22
E00_133_00105,CC(C)(C)c1ccc2c(c1)c1cc(C(C)(C)C)cc3c1n2-c1cc(-c2c(-n4c5ccccc5c5ccccc54)cccc2-n2c4ccccc4c4ccccc42)cc2c1B3c1cc(C(C)(C)C)cc3c4cc(C(C)(C)C)ccc4n-2c13,UIALHYNFFOBZAI-UHFFFAOYSA-N,BN-CP-1,10.1002/adma.202106954,toluene,1,2.5705692803437166,2.5705692803437166,0.0,2.5705692803437166,2.5705692803437166,0.0,2.5705692803437166,MR_TADF_only,C1CCC2C(C1)C1CCCCC1C2C1CCCC(C2C3CCCCC3C3CCCCC32)C1C1CC2C3C4CCCCC4C4CCCC(C43)C3C4CCCC5C6CCCCC6C(C(C1)C23)C54,c1cc(-n2c3ccccc3c3ccccc32)c(-c2cc3c4c(c2)-n2c5ccccc5c5cccc(c52)B4c2cccc4c5ccccc5n-3c24)c(-n2c3ccccc3c3ccccc32)c1,exact_CzBN_core_derivative,nitrogen_heteroaryl,CZBN_CLUSTER_01
E00_133_00106,CC(C)(C)c1ccc2c(c1)c1cc(C(C)(C)C)cc3c1n2-c1cc(-c2cc(-c4ccccc4)cc(-c4ccccc4)c2)cc2c1B3c1cc(C(C)(C)C)cc3c4cc(C(C)(C)C)ccc4n-2c13,IQIXBZAWUZIPDC-UHFFFAOYSA-N,TPh-BN,"Small 2022, 18, 2106462",toluene,1,2.579311537796229,2.579311537796229,0.0,2.579311537796229,2.579311537796229,0.0,2.579311537796229,MR_TADF_only,C1CCC(C2CC(C3CCCCC3)CC(C3CC4C5C6CCCCC6C6CCCC(C65)C5C6CCCC7C8CCCCC8C(C(C3)C45)C76)C2)CC1,c1ccc(-c2cc(-c3ccccc3)cc(-c3cc4c5c(c3)-n3c6ccccc6c6cccc(c63)B5c3cccc5c6ccccc6n-4c35)c2)cc1,exact_CzBN_core_derivative,aryl_expansion,CZBN_CLUSTER_01
E00_133_00107,CC(C)(C)c1ccc2c(c1)c1cc(C(C)(C)C)cc3c1n2-c1cc(-c2cc(-n4c5ccccc5c5ccccc54)cc(-n4c5ccccc5c5ccccc54)c2)cc2c1B3c1cc(C(C)(C)C)cc3c4cc(C(C)(C)C)ccc4n-2c13,DIGSFTHCTAPTAB-UHFFFAOYSA-N,BN-CP-2,10.1002/adma.202106954,toluene,1,2.5705692803437166,2.5705692803437166,0.0,2.5705692803437166,2.5705692803437166,0.0,2.5705692803437166,MR_TADF_only,C1CCC2C(C1)C1CCCCC1C2C1CC(C2CC3C4C5CCCCC5C5CCCC(C54)C4C5CCCC6C7CCCCC7C(C(C2)C34)C65)CC(C2C3CCCCC3C3CCCCC32)C1,c1ccc2c(c1)c1ccccc1n2-c1cc(-c2cc3c4c(c2)-n2c5ccccc5c5cccc(c52)B4c2cccc4c5ccccc5n-3c24)cc(-n2c3ccccc3c3ccccc32)c1,exact_CzBN_core_derivative,nitrogen_heteroaryl,CZBN_CLUSTER_01
E00_133_00108,CC(C)(C)c1ccc2c(c1)c1cc(C(C)(C)C)cc3c1n2-c1cc(-c2cc(N(c4ccccc4)c4ccccc4)cc(N(c4ccccc4)c4ccccc4)c2)cc2c1B3c1cc(C(C)(C)C)cc3c4cc(C(C)(C)C)ccc4n-2c13,NDCBURBGNGJUDL-UHFFFAOYSA-N,DtCzB-mDPA,10.1039/d4tc04656k,toluene,1,2.5709448426408157,2.5709448426408157,0.0,2.5709448426408157,2.5709448426408157,0.0,2.5709448426408157,MR_TADF_only,C1CCC(C(C2CCCCC2)C2CC(C3CC4C5C6CCCCC6C6CCCC(C65)C5C6CCCC7C8CCCCC8C(C(C3)C45)C76)CC(C(C3CCCCC3)C3CCCCC3)C2)CC1,c1ccc(N(c2ccccc2)c2cc(-c3cc4c5c(c3)-n3c6ccccc6c6cccc(c63)B5c3cccc5c6ccccc6n-4c35)cc(N(c3ccccc3)c3ccccc3)c2)cc1,exact_CzBN_core_derivative,amine_or_carbazole_donor,CZBN_CLUSTER_01
E00_133_00109,CC(C)(C)c1ccc2c(c1)c1cc(C(C)(C)C)cc3c1n2-c1cc(-c2cc(Sc4ccccc4)cc(Sc4ccccc4)c2)cc2c1B3c1cc(C(C)(C)C)cc3c4cc(C(C)(C)C)ccc4n-2c13,WYNNQXAYCKHSKY-UHFFFAOYSA-N,DtCzB-mDS,10.1039/d4tc04656k,toluene,1,2.5686200507788377,2.5686200507788377,0.0,2.5686200507788377,2.5686200507788377,0.0,2.5686200507788377,MR_TADF_only,C1CCC(CC2CC(CC3CCCCC3)CC(C3CC4C5C6CCCCC6C6CCCC(C65)C5C6CCCC7C8CCCCC8C(C(C3)C45)C76)C2)CC1,c1ccc(Sc2cc(Sc3ccccc3)cc(-c3cc4c5c(c3)-n3c6ccccc6c6cccc(c63)B5c3cccc5c6ccccc6n-4c35)c2)cc1,exact_CzBN_core_derivative,sulfur_or_selenium,CZBN_CLUSTER_01
E00_133_00110,CC(C)(C)c1ccc2c(c1)c1cc(C(C)(C)C)cc3c1n2-c1cc(-c2cc4c5ccccc5n5c6ccccc6c(c2)c45)cc2c1B3c1cc(C(C)(C)C)cc3c4cc(C(C)(C)C)ccc4n-2c13,XFZRHDXVPBTDBQ-UHFFFAOYSA-N,p-Icz-BNCz,"Adv. Optical Mater. 2024, 2400200",toluene,1,2.605778060323515,2.605778060323515,0.0,2.605778060323515,2.605778060323515,0.0,2.605778060323515,MR_TADF_only,C1CCC2C(C1)C1CC(C3CC4C5C6CCCCC6C6CCCC(C65)C5C6CCCC7C8CCCCC8C(C(C3)C45)C76)CC3C4CCCCC4C2C13,c1ccc2c(c1)c1cccc3c1n2-c1cc(-c2cc4c5ccccc5n5c6ccccc6c(c2)c45)cc2c1B3c1cccc3c4ccccc4n-2c13,exact_CzBN_core_derivative,nitrogen_heteroaryl,CZBN_CLUSTER_01
E00_133_00111,CC(C)(C)c1ccc2c(c1)c1cc(C(C)(C)C)cc3c1n2-c1cc(-c2cc4oc5ccc6c(c5c5c7c(ccc5oc4cc2C#N)CCCC7)CCCC6)cc2c1B3c1cc(C(C)(C)C)cc3c4cc(C(C)(C)C)ccc4n-2c13,NLNABTMQXOUACJ-UHFFFAOYSA-N,(R)-OBN-2CN-BN,"Adv. Mater. 2024, 36, 2412761",toluene,1,2.5656233685093417,2.5656233685093417,0.0,2.5656233685093417,2.5656233685093417,0.0,2.5656233685093417,MR_TADF_only,C1CCC2C(C1)CCC1CC3CCC(C4CC5C6C7CCCCC7C7CCCC(C76)C6C7CCCC8C9CCCCC9C(C(C4)C56)C87)CC3CC3CCC4CCCCC4C3C12,c1ccc2c(c1)c1cccc3c1n2-c1cc(-c2ccc4oc5ccc6c(c5c5c7c(ccc5oc4c2)CCCC7)CCCC6)cc2c1B3c1cccc3c4ccccc4n-2c13,exact_CzBN_core_derivative,cyano_or_nitrile,CZBN_CLUSTER_21
E00_133_00112,CC(C)(C)c1ccc2c(c1)c1cc(C(C)(C)C)cc3c1n2-c1cc(-c2ccc(-n4c5ccccc5c5ccccc54)cc2)cc2c1B3c1cc(C(C)(C)C)cc3c4cc(C(C)(C)C)ccc4n-2c13,RTLZMZVBHVVUOM-UHFFFAOYSA-N,pCz-BN,"Small 2022, 18, 2106462",toluene,1,2.5790773195653394,2.5790773195653394,0.0,2.5790773195653394,2.5790773195653394,0.0,2.5790773195653394,MR_TADF_only,C1CCC2C(C1)C1CCCCC1C2C1CCC(C2CC3C4C5CCCCC5C5CCCC(C54)C4C5CCCC6C7CCCCC7C(C(C2)C34)C65)CC1,c1ccc2c(c1)c1ccccc1n2-c1ccc(-c2cc3c4c(c2)-n2c5ccccc5c5cccc(c52)B4c2cccc4c5ccccc5n-3c24)cc1,exact_CzBN_core_derivative,nitrogen_heteroaryl,CZBN_CLUSTER_01
E00_133_00113,CC(C)(C)c1ccc2c(c1)c1cc(C(C)(C)C)cc3c1n2-c1cc(-c2ccc(C#N)c4oc5ccc6c(c5c5c7c(ccc5oc24)CCCC7)CCCC6)cc2c1B3c1cc(C(C)(C)C)cc3c4cc(C(C)(C)C)ccc4n-2c13,FSOYRFGLIOFTBJ-UHFFFAOYSA-N,(R)-OBN-4CN-BN,"Adv. Mater. 2021, 33, 2100652",toluene,1,2.53979035639413,2.53979035639413,0.0,2.53979035639413,2.53979035639413,0.0,2.53979035639413,MR_TADF_only,C1CCC2C(C1)CCC1CC3CCCC(C4CC5C6C7CCCCC7C7CCCC(C76)C6C7CCCC8C9CCCCC9C(C(C4)C56)C87)C3CC3CCC4CCCCC4C3C12,c1cc(-c2cc3c4c(c2)-n2c5ccccc5c5cccc(c52)B4c2cccc4c5ccccc5n-3c24)c2oc3ccc4c(c3c3c5c(ccc3oc2c1)CCCC5)CCCC4,exact_CzBN_core_derivative,cyano_or_nitrile,CZBN_CLUSTER_21
E00_133_00114,CC(C)(C)c1ccc2c(c1)c1cc(C(C)(C)C)cc3c1n2-c1cc(-c2ccc(C(=O)c4ccccc4)cc2)cc2c1B3c1cc(C(C)(C)C)cc3c4cc(C(C)(C)C)ccc4n-2c13,QLKYTUBURCIONK-UHFFFAOYSA-N,TCzBN-BP,"Adv. Optical. Mater. 2023, 11, 2202950",toluene,1,2.5519715288799762,2.5519715288799762,0.0,2.5519715288799762,2.5519715288799762,0.0,2.5519715288799762,MR_TADF_only,CC(C1CCCCC1)C1CCC(C2CC3C4C5CCCCC5C5CCCC(C54)C4C5CCCC6C7CCCCC7C(C(C2)C34)C65)CC1,O=C(c1ccccc1)c1ccc(-c2cc3c4c(c2)-n2c5ccccc5c5cccc(c52)B4c2cccc4c5ccccc5n-3c24)cc1,exact_CzBN_core_derivative,carbonyl_or_oxo,CZBN_CLUSTER_01
E00_133_00115,CC(C)(C)c1ccc2c(c1)c1cc(C(C)(C)C)cc3c1n2-c1cc(-c2ccc(F)cc2)cc2c1B3c1cc(C(C)(C)C)cc3c4cc(C(C)(C)C)ccc4n-2c13,AHVBLIPDKSDZRP-UHFFFAOYSA-N,4F-BN,"Angew. Chem. Int. Ed. 2019, 58, 16912 –16917 | https://doi.org/10.1002/ange.201911266",toluene,2,2.568076166389522,2.568076166389522,0.0015171255731568098,2.5670033966088313,2.5691489361702127,0.0021455395613814154,2.568076166389522,both_sources,C1CCC(C2CC3C4C5CCCCC5C5CCCC(C54)C4C5CCCC6C7CCCCC7C(C(C2)C34)C65)CC1,c1ccc(-c2cc3c4c(c2)-n2c5ccccc5c5cccc(c52)B4c2cccc4c5ccccc5n-3c24)cc1,exact_CzBN_core_derivative,aryl_expansion,CZBN_CLUSTER_01
E00_133_00116,CC(C)(C)c1ccc2c(c1)c1cc(C(C)(C)C)cc3c1n2-c1cc(-c2ccc(N4c5ccccc5Oc5ccccc54)cc2)cc2c1B3c1cc(C(C)(C)C)cc3c4cc(C(C)(C)C)ccc4n-2c13,PXNYTWMRGQIZTJ-UHFFFAOYSA-N,tBuCzBN-Ph-PXZ,"Chem. Sci.,2024, 15, 18335–18346",toluene,1,2.5816543177780664,2.5816543177780664,0.0,2.5816543177780664,2.5816543177780664,0.0,2.5816543177780664,MR_TADF_only,C1CCC2C(C1)CC1CCCCC1C2C1CCC(C2CC3C4C5CCCCC5C5CCCC(C54)C4C5CCCC6C7CCCCC7C(C(C2)C34)C65)CC1,c1ccc2c(c1)Oc1ccccc1N2c1ccc(-c2cc3c4c(c2)-n2c5ccccc5c5cccc(c52)B4c2cccc4c5ccccc5n-3c24)cc1,exact_CzBN_core_derivative,oxygen_heterocycle,CZBN_CLUSTER_01
E00_133_00117,CC(C)(C)c1ccc2c(c1)c1cc(C(C)(C)C)cc3c1n2-c1cc(-c2ccc(N4c5ccccc5Sc5ccccc54)cc2)cc2c1B3c1cc(C(C)(C)C)cc3c4cc(C(C)(C)C)ccc4n-2c13,YVKISXACZOPWHN-UHFFFAOYSA-N,tBuCzBN-Ph-PTZ,"Chem. Sci.,2024, 15, 18335–18346",toluene,1,2.5765107969551035,2.5765107969551035,0.0,2.5765107969551035,2.5765107969551035,0.0,2.5765107969551035,MR_TADF_only,C1CCC2C(C1)CC1CCCCC1C2C1CCC(C2CC3C4C5CCCCC5C5CCCC(C54)C4C5CCCC6C7CCCCC7C(C(C2)C34)C65)CC1,c1ccc2c(c1)Sc1ccccc1N2c1ccc(-c2cc3c4c(c2)-n2c5ccccc5c5cccc(c52)B4c2cccc4c5ccccc5n-3c24)cc1,exact_CzBN_core_derivative,sulfur_or_selenium,CZBN_CLUSTER_01
E00_133_00118,CC(C)(C)c1ccc2c(c1)c1cc(C(C)(C)C)cc3c1n2-c1cc(-c2ccc(N4c5ccccc5[Se]c5ccccc54)cc2)cc2c1B3c1cc(C(C)(C)C)cc3c4cc(C(C)(C)C)ccc4n-2c13,JJISZSBPVQEILC-UHFFFAOYSA-N,tBuCzBN-Ph-PSeZ,"Chem. Sci.,2024, 15, 18335–18346",toluene,1,2.5816543177780664,2.5816543177780664,0.0,2.5816543177780664,2.5816543177780664,0.0,2.5816543177780664,MR_TADF_only,C1CCC2C(C1)CC1CCCCC1C2C1CCC(C2CC3C4C5CCCCC5C5CCCC(C54)C4C5CCCC6C7CCCCC7C(C(C2)C34)C65)CC1,c1ccc2c(c1)[Se]c1ccccc1N2c1ccc(-c2cc3c4c(c2)-n2c5ccccc5c5cccc(c52)B4c2cccc4c5ccccc5n-3c24)cc1,exact_CzBN_core_derivative,sulfur_or_selenium,CZBN_CLUSTER_01
E00_133_00119,CC(C)(C)c1ccc2c(c1)c1cc(C(C)(C)C)cc3c1n2-c1cc(-c2ccc4c(c2)-c2ccccc2C4=O)cc2c1B3c1cc(C(C)(C)C)cc3c4cc(C(C)(C)C)ccc4n-2c13,OPBJUJJYKTZDFG-UHFFFAOYSA-N,TCzBN-FP,"Adv. Optical. Mater. 2023, 11, 2202950",toluene,1,2.4945639433841773,2.4945639433841773,0.0,2.4945639433841773,2.4945639433841773,0.0,2.4945639433841773,MR_TADF_only,CC1C2CCCCC2C2CC(C3CC4C5C6CCCCC6C6CCCC(C65)C5C6CCCC7C8CCCCC8C(C(C3)C45)C76)CCC12,O=C1c2ccccc2-c2cc(-c3cc4c5c(c3)-n3c6ccccc6c6cccc(c63)B5c3cccc5c6ccccc6n-4c35)ccc21,exact_CzBN_core_derivative,carbonyl_or_oxo,CZBN_CLUSTER_01
E00_133_00120,CC(C)(C)c1ccc2c(c1)c1cc(C(C)(C)C)cc3c1n2-c1cc(-c2ccc4c(c2)Oc2ccccc2[Se]4)cc2c1B3c1cc(C(C)(C)C)cc3c4cc(C(C)(C)C)ccc4n-2c13,TXSARJSILDYJLX-UHFFFAOYSA-N,pPXSe-BN,"Adv. Funct.Mater 2024, 34, 2404278",toluene,1,2.5840511253125866,2.5840511253125866,0.0,2.5840511253125866,2.5840511253125866,0.0,2.5840511253125866,MR_TADF_only,C1CCC2CC3CC(C4CC5C6C7CCCCC7C7CCCC(C76)C6C7CCCC8C9CCCCC9C(C(C4)C56)C87)CCC3CC2C1,c1ccc2c(c1)Oc1cc(-c3cc4c5c(c3)-n3c6ccccc6c6cccc(c63)B5c3cccc5c6ccccc6n-4c35)ccc1[Se]2,exact_CzBN_core_derivative,sulfur_or_selenium,CZBN_CLUSTER_17
E00_133_00121,CC(C)(C)c1ccc2c(c1)c1cc(C(C)(C)C)cc3c1n2-c1cc(-c2ccc4c(c2)[Se]c2ccccc2O4)cc2c1B3c1cc(C(C)(C)C)cc3c4cc(C(C)(C)C)ccc4n-2c13,CXJNQFNUOBNQOI-UHFFFAOYSA-N,mPXSe-BN,"Adv. Funct.Mater 2024, 34, 2404278",toluene,1,2.5922495521866398,2.5922495521866398,0.0,2.5922495521866398,2.5922495521866398,0.0,2.5922495521866398,MR_TADF_only,C1CCC2CC3CC(C4CC5C6C7CCCCC7C7CCCC(C76)C6C7CCCC8C9CCCCC9C(C(C4)C56)C87)CCC3CC2C1,c1ccc2c(c1)Oc1ccc(-c3cc4c5c(c3)-n3c6ccccc6c6cccc(c63)B5c3cccc5c6ccccc6n-4c35)cc1[Se]2,exact_CzBN_core_derivative,sulfur_or_selenium,CZBN_CLUSTER_17
E00_133_00122,CC(C)(C)c1ccc2c(c1)c1cc(C(C)(C)C)cc3c1n2-c1cc(-c2ccc4c(c2)c2cc5c(cc2n4-c2ccc(-c4nc(-c6ccccc6)nc(-c6ccccc6)n4)cc2)C(C)(C)c2ccccc2-5)cc2c1B3c1cc(C(C)(C)C)cc3c4cc(C(C)(C)C)ccc4n-2c13,JBWJNOKGVFCZJL-UHFFFAOYSA-N,p-DT-BCzBN,"Chem. Sci.,2025, 16,3904–3915",toluene,1,2.5694465299258233,2.5694465299258233,0.0,2.5694465299258233,2.5694465299258233,0.0,2.5694465299258233,MR_TADF_only,C1CCC(C2CC(C3CCCCC3)CC(C3CCC(C4C5CCC(C6CC7C8C9CCCCC9C9CCCC(C98)C8C9CCCC%10C%11CCCCC%11C(C(C6)C78)C%109)CC5C5CC6C(CC7CCCCC76)CC54)CC3)C2)CC1,c1ccc(-c2nc(-c3ccccc3)nc(-c3ccc(-n4c5ccc(-c6cc7c8c(c6)-n6c9ccccc9c9cccc(c96)B8c6cccc8c9ccccc9n-7c68)cc5c5cc6c(cc54)Cc4ccccc4-6)cc3)n2)cc1,exact_CzBN_core_derivative,nitrogen_heteroaryl,CZBN_CLUSTER_19
E00_133_00123,CC(C)(C)c1ccc2c(c1)c1cc(C(C)(C)C)cc3c1n2-c1cc(-c2ccc4c(c2)c2cc5c(cc2n4-c2cccc(-c4nc(-c6ccccc6)nc(-c6ccccc6)n4)c2)C(C)(C)c2ccccc2-5)cc2c1B3c1cc(C(C)(C)C)cc3c4cc(C(C)(C)C)ccc4n-2c13,XONPCUPWELZXJZ-UHFFFAOYSA-N,m-DT-BCzBN,"Chem. Sci.,2025, 16,3904–3915",toluene,1,2.577311577311577,2.577311577311577,0.0,2.577311577311577,2.577311577311577,0.0,2.577311577311577,MR_TADF_only,C1CCC(C2CC(C3CCCCC3)CC(C3CCCC(C4C5CCC(C6CC7C8C9CCCCC9C9CCCC(C98)C8C9CCCC%10C%11CCCCC%11C(C(C6)C78)C%109)CC5C5CC6C(CC7CCCCC76)CC54)C3)C2)CC1,c1ccc(-c2nc(-c3ccccc3)nc(-c3cccc(-n4c5ccc(-c6cc7c8c(c6)-n6c9ccccc9c9cccc(c96)B8c6cccc8c9ccccc9n-7c68)cc5c5cc6c(cc54)Cc4ccccc4-6)c3)n2)cc1,exact_CzBN_core_derivative,nitrogen_heteroaryl,CZBN_CLUSTER_19
E00_133_00124,CC(C)(C)c1ccc2c(c1)c1cc(C(C)(C)C)cc3c1n2-c1cc(-c2ccc4c5c(cccc25)C(=O)N(c2ccccc2)C4=O)cc2c1B3c1cc(C(C)(C)C)cc3c4cc(C(C)(C)C)ccc4n-2c13,XPPNPRQUBITRDR-UHFFFAOYSA-N,BNNDI,10.1039/d5tc02393a,toluene,1,2.5053872506487105,2.5053872506487105,0.0,2.5053872506487105,2.5053872506487105,0.0,2.5053872506487105,MR_TADF_only,CC1C2CCCC3C(C4CC5C6C7CCCCC7C7CCCC(C76)C6C7CCCC8C9CCCCC9C(C(C4)C56)C87)CCC(C(C)C1C1CCCCC1)C23,O=C1c2cccc3c(-c4cc5c6c(c4)-n4c7ccccc7c7cccc(c74)B6c4cccc6c7ccccc7n-5c46)ccc(c23)C(=O)N1c1ccccc1,exact_CzBN_core_derivative,carbonyl_or_oxo,CZBN_CLUSTER_23
E00_133_00125,CC(C)(C)c1ccc2c(c1)c1cc(C(C)(C)C)cc3c1n2-c1cc(-c2cccc(F)c2)cc2c1B3c1cc(C(C)(C)C)cc3c4cc(C(C)(C)C)ccc4n-2c13,QAZRVUYECKXONU-UHFFFAOYSA-N,3F-BN,"Angew. Chem. Int. Ed. 2019, 58, 16912 –16917 | https://doi.org/10.1002/ange.201911266",toluene,2,2.5696646330333657,2.5696646330333657,0.01926207105061567,2.556044291973778,2.583284974092953,0.027240682119174853,2.5696646330333657,both_sources,C1CCC(C2CC3C4C5CCCCC5C5CCCC(C54)C4C5CCCC6C7CCCCC7C(C(C2)C34)C65)CC1,c1ccc(-c2cc3c4c(c2)-n2c5ccccc5c5cccc(c52)B4c2cccc4c5ccccc5n-3c24)cc1,exact_CzBN_core_derivative,aryl_expansion,CZBN_CLUSTER_01
E00_133_00126,CC(C)(C)c1ccc2c(c1)c1cc(C(C)(C)C)cc3c1n2-c1cc(-c2cccc4c5ccccc5n(-c5ccccc5)c24)cc2c1B3c1cc(C(C)(C)C)cc3c4cc(C(C)(C)C)ccc4n-2c13,PBLQWFSGBXVWTQ-UHFFFAOYSA-N,p-1-PCzBN,"Adv. Optical Mater. 2023, 2203002",toluene,1,2.5842418558607845,2.5842418558607845,0.0,2.5842418558607845,2.5842418558607845,0.0,2.5842418558607845,MR_TADF_only,C1CCC(C2C3CCCCC3C3CCCC(C4CC5C6C7CCCCC7C7CCCC(C76)C6C7CCCC8C9CCCCC9C(C(C4)C56)C87)C32)CC1,c1ccc(-n2c3ccccc3c3cccc(-c4cc5c6c(c4)-n4c7ccccc7c7cccc(c74)B6c4cccc6c7ccccc7n-5c46)c32)cc1,exact_CzBN_core_derivative,nitrogen_heteroaryl,CZBN_CLUSTER_01
E00_133_00127,CC(C)(C)c1ccc2c(c1)c1cc(C(C)(C)C)cc3c1n2-c1cc(-c2ccccc2)cc2c1B3c1c3c(sc4ccccc43)c(-c3ccccc3)c3c4cc5c(cc4n-2c13)C(C)(C)CCC5(C)C,ROTOZNWNKYMMJO-UHFFFAOYSA-N,Th-Cz-BN6,10.1002/advs.202512796,toluene,1,2.41562718140156,2.41562718140156,0.0,2.41562718140156,2.41562718140156,0.0,2.41562718140156,MR_TADF_only,C1CCC(C2CC3C4C5CCCCC5C5CCCC(C54)C4C3C(C2)C2C3CC5CCCCC5CC3C3C(C5CCCCC5)C5CC6CCCCC6C5C4C23)CC1,c1ccc(-c2cc3c4c(c2)-n2c5cc6c(cc5c5c(-c7ccccc7)c7sc8ccccc8c7c(c52)B4c2cccc4c5ccccc5n-3c24)CCCC6)cc1,exact_CzBN_core_derivative,aryl_expansion,CZBN_CLUSTER_15
E00_133_00128,CC(C)(C)c1ccc2c(c1)c1cc(C(C)(C)C)cc3c1n2-c1cc(-c2ccccc2)cc2c1B3c1cc3sc4ccccc4c3c3c4cc5c(cc4n-2c13)C(C)(C)CCC5(C)C,XZWBXKZAJLSFSR-UHFFFAOYSA-N,Th-Cz-BN3,10.1002/advs.202512796,toluene,1,2.4417112755491637,2.4417112755491637,0.0,2.4417112755491637,2.4417112755491637,0.0,2.4417112755491637,MR_TADF_only,C1CCC(C2CC3C4C5CCCCC5C5CCCC(C54)C4C5CC6CC7CCCCC7C6C6C7CC8CCCCC8CC7C(C(C2)C34)C56)CC1,c1ccc(-c2cc3c4c(c2)-n2c5cc6c(cc5c5c7c(cc(c52)B4c2cccc4c5ccccc5n-3c24)sc2ccccc27)CCCC6)cc1,exact_CzBN_core_derivative,aryl_expansion,CZBN_CLUSTER_15
E00_133_00129,CC(C)(C)c1ccc2c(c1)c1cc(C(C)(C)C)cc3c1n2-c1cc(-c2ccccc2-c2nc(-c4ccccc4)nc(-c4ccccc4)n2)cc2c1B3c1cc(C(C)(C)C)cc3c4cc(C(C)(C)C)ccc4n-2c13,CZGQAXBOCIKXOM-UHFFFAOYSA-N,BNTRZ,10.1039/d5tc02393a,toluene,1,2.5683887318870102,2.5683887318870102,0.0,2.5683887318870102,2.5683887318870102,0.0,2.5683887318870102,MR_TADF_only,C1CCC(C2CC(C3CCCCC3)CC(C3CCCCC3C3CC4C5C6CCCCC6C6CCCC(C65)C5C6CCCC7C8CCCCC8C(C(C3)C45)C76)C2)CC1,c1ccc(-c2nc(-c3ccccc3)nc(-c3ccccc3-c3cc4c5c(c3)-n3c6ccccc6c6cccc(c63)B5c3cccc5c6ccccc6n-4c35)n2)cc1,exact_CzBN_core_derivative,nitrogen_heteroaryl,CZBN_CLUSTER_01
E00_133_00130,CC(C)(C)c1ccc2c(c1)c1cc(C(C)(C)C)cc3c1n2-c1cc(-c2ccccc2F)cc2c1B3c1cc(C(C)(C)C)cc3c4cc(C(C)(C)C)ccc4n-2c13,OVJOMBABMSANCG-UHFFFAOYSA-N,2F-BN,"Angew. Chem. Int. Ed. 2019, 58, 16912 –16917 | https://doi.org/10.1002/ange.201911266",toluene,2,2.567603573069429,2.567603573069429,0.017314896119777046,2.555360092607594,2.579847053531264,0.024486960923669976,2.567603573069429,both_sources,C1CCC(C2CC3C4C5CCCCC5C5CCCC(C54)C4C5CCCC6C7CCCCC7C(C(C2)C34)C65)CC1,c1ccc(-c2cc3c4c(c2)-n2c5ccccc5c5cccc(c52)B4c2cccc4c5ccccc5n-3c24)cc1,exact_CzBN_core_derivative,aryl_expansion,CZBN_CLUSTER_01
E00_133_00131,CC(C)(C)c1ccc2c(c1)c1cc(C(C)(C)C)cc3c1n2-c1cc(-c2ccccc2N2c4ccccc4C4(c5ccccc5-c5ccccc54)c4ccccc42)cc2c1B3c1cc(C(C)(C)C)cc3c4cc(C(C)(C)C)ccc4n-2c13,ZQJJPFCAAMRNNX-UHFFFAOYSA-N,o-SPAC-tCzBN,10.1016/j.cej.2023.143557,toluene,1,2.5686200507788377,2.5686200507788377,0.0,2.5686200507788377,2.5686200507788377,0.0,2.5686200507788377,MR_TADF_only,C1CCC(C2C3CCCCC3C3(C4CCCCC4C4CCCCC43)C3CCCCC23)C(C2CC3C4C5CCCCC5C5CCCC(C54)C4C5CCCC6C7CCCCC7C(C(C2)C34)C65)C1,c1ccc(N2c3ccccc3C3(c4ccccc4-c4ccccc43)c3ccccc32)c(-c2cc3c4c(c2)-n2c5ccccc5c5cccc(c52)B4c2cccc4c5ccccc5n-3c24)c1,exact_CzBN_core_derivative,amine_or_carbazole_donor,CZBN_CLUSTER_03
E00_133_00132,CC(C)(C)c1ccc2c(c1)c1cc(C(C)(C)C)cc3c1n2-c1cc(-c2cccnc2-c2ccccc2)cc2c1B3c1cc(C(C)(C)C)cc3c4cc(C(C)(C)C)ccc4n-2c13,RIBIALSJCCLCTD-UHFFFAOYSA-N,BN-DP-N4,"Angew. Chem. Int. Ed. 2023, 62, e20230193",toluene,1,2.575910538168828,2.575910538168828,0.0,2.575910538168828,2.575910538168828,0.0,2.575910538168828,MR_TADF_only,C1CCC(C2CCCCC2C2CC3C4C5CCCCC5C5CCCC(C54)C4C5CCCC6C7CCCCC7C(C(C2)C34)C65)CC1,c1ccc(-c2ncccc2-c2cc3c4c(c2)-n2c5ccccc5c5cccc(c52)B4c2cccc4c5ccccc5n-3c24)cc1,exact_CzBN_core_derivative,nitrogen_heteroaryl,CZBN_CLUSTER_01
E00_133_00133,CC(C)(C)c1ccc2c(c1)c1cc(C(C)(C)C)cc3c1n2-c1cc(-c2ccncc2-c2ccccc2)cc2c1B3c1cc(C(C)(C)C)cc3c4cc(C(C)(C)C)ccc4n-2c13,GNCGMGRLTKYQJL-UHFFFAOYSA-N,BN-DP-N2,"Angew. Chem. Int. Ed. 2023, 62, e20230193",toluene,1,2.562683610029378,2.562683610029378,0.0,2.562683610029378,2.562683610029378,0.0,2.562683610029378,MR_TADF_only,C1CCC(C2CCCCC2C2CC3C4C5CCCCC5C5CCCC(C54)C4C5CCCC6C7CCCCC7C(C(C2)C34)C65)CC1,c1ccc(-c2cnccc2-c2cc3c4c(c2)-n2c5ccccc5c5cccc(c52)B4c2cccc4c5ccccc5n-3c24)cc1,exact_CzBN_core_derivative,nitrogen_heteroaryl,CZBN_CLUSTER_01
E00_133_00134,CC(C)(C)c1ccc2c(c1)c1cc(C(C)(C)C)cc3c1n2-c1cc(-c2cnccc2-c2ccccc2)cc2c1B3c1cc(C(C)(C)C)cc3c4cc(C(C)(C)C)ccc4n-2c13,CBVJZGIHKYJNHM-UHFFFAOYSA-N,BN-DP-N3,"Angew. Chem. Int. Ed. 2023, 62, e20230193",toluene,1,2.5838828570312264,2.5838828570312264,0.0,2.5838828570312264,2.5838828570312264,0.0,2.5838828570312264,MR_TADF_only,C1CCC(C2CCCCC2C2CC3C4C5CCCCC5C5CCCC(C54)C4C5CCCC6C7CCCCC7C(C(C2)C34)C65)CC1,c1ccc(-c2ccncc2-c2cc3c4c(c2)-n2c5ccccc5c5cccc(c52)B4c2cccc4c5ccccc5n-3c24)cc1,exact_CzBN_core_derivative,nitrogen_heteroaryl,CZBN_CLUSTER_01
E00_133_00135,CC(C)(C)c1ccc2c(c1)c1cc(C(C)(C)C)cc3c1n2-c1cc(-c2ncccc2-c2ccccc2)cc2c1B3c1cc(C(C)(C)C)cc3c4cc(C(C)(C)C)ccc4n-2c13,SFVDNKDIOYIMGK-UHFFFAOYSA-N,BN-DP-N1,"Angew. Chem. Int. Ed. 2023, 62, e20230193",toluene,1,2.5364661984380295,2.5364661984380295,0.0,2.5364661984380295,2.5364661984380295,0.0,2.5364661984380295,MR_TADF_only,C1CCC(C2CCCCC2C2CC3C4C5CCCCC5C5CCCC(C54)C4C5CCCC6C7CCCCC7C(C(C2)C34)C65)CC1,c1ccc(-c2cccnc2-c2cc3c4c(c2)-n2c5ccccc5c5cccc(c52)B4c2cccc4c5ccccc5n-3c24)cc1,exact_CzBN_core_derivative,nitrogen_heteroaryl,CZBN_CLUSTER_01
E00_133_00136,CC(C)(C)c1ccc2c(c1)c1cc(C(C)(C)C)cc3c1n2-c1cc(N(c2cccc4c2oc2ccccc24)c2cccc4c2oc2ccccc24)cc2c1B3c1cc(C(C)(C)C)cc3c4cc(C(C)(C)C)ccc4n-2c13,CCGDZLBBNRUYHJ-UHFFFAOYSA-N,DtCzB-DFN,Chemical Engineering Journal 504 (2025) 158909,toluene,1,2.6649122807017545,2.6649122807017545,0.0,2.6649122807017545,2.6649122807017545,0.0,2.6649122807017545,MR_TADF_only,C1CCC2C(C1)CC1C2CCCC1C(C1CC2C3C4CCCCC4C4CCCC(C43)C3C4CCCC5C6CCCCC6C(C(C1)C23)C54)C1CCCC2C3CCCCC3CC21,c1ccc2c(c1)oc1c(N(c3cc4c5c(c3)-n3c6ccccc6c6cccc(c63)B5c3cccc5c6ccccc6n-4c35)c3cccc4c3oc3ccccc34)cccc12,exact_CzBN_core_derivative,oxygen_heterocycle,CZBN_CLUSTER_18
E00_133_00137,CC(C)(C)c1ccc2c(c1)c1cc(C(C)(C)C)cc3c1n2-c1cc(N2c4ccccc4C(C)(C)c4ccccc42)cc2c1B3c1cc(C(C)(C)C)cc3c4cc(C(C)(C)C)ccc4n-2c13,HCARRQZQBMZTFO-UHFFFAOYSA-N,BNCz-DMAC,10.1016/j.dyepig.2023.111421,toluene,1,2.633278026258837,2.633278026258837,0.0,2.633278026258837,2.633278026258837,0.0,2.633278026258837,MR_TADF_only,C1CCC2C(C1)CC1CCCCC1C2C1CC2C3C4CCCCC4C4CCCC(C43)C3C4CCCC5C6CCCCC6C(C(C1)C23)C54,c1ccc2c(c1)Cc1ccccc1N2c1cc2c3c(c1)-n1c4ccccc4c4cccc(c41)B3c1cccc3c4ccccc4n-2c13,exact_CzBN_core_derivative,amine_or_carbazole_donor,CZBN_CLUSTER_03
E00_133_00138,CC(C)(C)c1ccc2c(c1)c1cc(C(C)(C)C)cc3c1n2-c1cc(N2c4ccccc4C4(c5ccccc5-c5ccccc54)c4cc5ccccc5cc42)cc2c1B3c1cc(C(C)(C)C)cc3c4cc(C(C)(C)C)ccc4n-2c13,QLTQFWTXSLEEAB-UHFFFAOYSA-N,SPBAC-tCzBN,10.1016/j.cej.2023.143557,toluene,1,2.6307595392368612,2.6307595392368612,0.0,2.6307595392368612,2.6307595392368612,0.0,2.6307595392368612,MR_TADF_only,C1CCC2CC3C(CC2C1)C(C1CC2C4C5CCCCC5C5CCCC(C54)C4C5CCCC6C7CCCCC7C(C(C1)C24)C65)C1CCCCC1C31C2CCCCC2C2CCCCC21,c1ccc2c(c1)-c1ccccc1C21c2ccccc2N(c2cc3c4c(c2)-n2c5ccccc5c5cccc(c52)B4c2cccc4c5ccccc5n-3c24)c2cc3ccccc3cc21,exact_CzBN_core_derivative,amine_or_carbazole_donor,CZBN_CLUSTER_03
E00_133_00139,CC(C)(C)c1ccc2c(c1)c1cc(C(C)(C)C)cc3c1n2-c1cc(N2c4ccccc4C4(c5ccccc5-c5ccccc54)c4ccccc42)cc2c1B3c1cc(C(C)(C)C)cc3c4cc(C(C)(C)C)ccc4n-2c13,OMLMARNBRSDEDJ-UHFFFAOYSA-N,BNCz-SAF / SPAC-tCzBN,10.1016/j.dyepig.2023.111421 | 10.1016/j.cej.2023.143557,toluene,1,2.6306618837268685,2.6306618837268685,0.0,2.6306618837268685,2.6306618837268685,0.0,2.6306618837268685,MR_TADF_only,C1CCC2C(C1)C1CCCC3C1C2C1CC(C2C4CCCCC4C4(C5CCCCC5C5CCCCC54)C4CCCCC24)CC2C4C5CCCCC5C5CCCC(C54)C3C12,c1ccc2c(c1)-c1ccccc1C21c2ccccc2N(c2cc3c4c(c2)-n2c5ccccc5c5cccc(c52)B4c2cccc4c5ccccc5n-3c24)c2ccccc21,exact_CzBN_core_derivative,amine_or_carbazole_donor,CZBN_CLUSTER_03
E00_133_00140,CC(C)(C)c1ccc2c(c1)c1cc(C(C)(C)C)cc3c1n2-c1cc(N2c4ccccc4Oc4ccccc42)cc2c1B3c1cc(C(C)(C)C)cc3c4cc(C(C)(C)C)ccc4n-2c13,OLUYFLNIZPSUCQ-UHFFFAOYSA-N,tBuCzBN-PXZ / BNCz-PXZ,"Chem. Sci.,2024, 15, 18335–18346 | 10.1016/j.dyepig.2023.111421",toluene,1,2.6362563190149397,2.6362563190149397,0.0,2.6362563190149397,2.6362563190149397,0.0,2.6362563190149397,MR_TADF_only,C1CCC2C(C1)CC1CCCCC1C2C1CC2C3C4CCCCC4C4CCCC(C43)C3C4CCCC5C6CCCCC6C(C(C1)C23)C54,c1ccc2c(c1)Oc1ccccc1N2c1cc2c3c(c1)-n1c4ccccc4c4cccc(c41)B3c1cccc3c4ccccc4n-2c13,exact_CzBN_core_derivative,oxygen_heterocycle,CZBN_CLUSTER_03
E00_133_00141,CC(C)(C)c1ccc2c(c1)c1cc(C(C)(C)C)cc3c1n2-c1cc(N2c4ccccc4Sc4ccccc42)cc2c1B3c1cc(C(C)(C)C)cc3c4cc(C(C)(C)C)ccc4n-2c13,VRTSQDLKDDDXLJ-UHFFFAOYSA-N,tBuCzBN-PTZ,"Chem. Sci.,2024, 15, 18335–18346",toluene,1,2.644897216663635,2.644897216663635,0.0,2.644897216663635,2.644897216663635,0.0,2.644897216663635,MR_TADF_only,C1CCC2C(C1)CC1CCCCC1C2C1CC2C3C4CCCCC4C4CCCC(C43)C3C4CCCC5C6CCCCC6C(C(C1)C23)C54,c1ccc2c(c1)Sc1ccccc1N2c1cc2c3c(c1)-n1c4ccccc4c4cccc(c41)B3c1cccc3c4ccccc4n-2c13,exact_CzBN_core_derivative,sulfur_or_selenium,CZBN_CLUSTER_03
E00_133_00142,CC(C)(C)c1ccc2c(c1)c1cc(C(C)(C)C)cc3c1n2-c1cc(N2c4ccccc4[Se]c4ccccc42)cc2c1B3c1cc(C(C)(C)C)cc3c4cc(C(C)(C)C)ccc4n-2c13,YYKPLKALTYLCMW-UHFFFAOYSA-N,tBuCzBN-PSeZ,"Chem. Sci.,2024, 15, 18335–18346",toluene,1,2.6766702992706852,2.6766702992706852,0.0,2.6766702992706852,2.6766702992706852,0.0,2.6766702992706852,MR_TADF_only,C1CCC2C(C1)CC1CCCCC1C2C1CC2C3C4CCCCC4C4CCCC(C43)C3C4CCCC5C6CCCCC6C(C(C1)C23)C54,c1ccc2c(c1)[Se]c1ccccc1N2c1cc2c3c(c1)-n1c4ccccc4c4cccc(c41)B3c1cccc3c4ccccc4n-2c13,exact_CzBN_core_derivative,sulfur_or_selenium,CZBN_CLUSTER_03
E00_133_00143,CC(C)(C)c1ccc2c(c1)c1cc(C(C)(C)C)cc3c1n2-c1cc([Se]c2ccccc2)cc2c1B3c1cc(C(C)(C)C)cc3c4cc(C(C)(C)C)ccc4n-2c13,NMCJYTGXQMXUAL-UHFFFAOYSA-N,SetBuNBN,"Adv.OpticalMater.2024,2302354",toluene,1,2.6280741615514835,2.6280741615514835,0.0,2.6280741615514835,2.6280741615514835,0.0,2.6280741615514835,MR_TADF_only,C1CCC(CC2CC3C4C5CCCCC5C5CCCC(C54)C4C5CCCC6C7CCCCC7C(C(C2)C34)C65)CC1,c1ccc([Se]c2cc3c4c(c2)-n2c5ccccc5c5cccc(c52)B4c2cccc4c5ccccc5n-3c24)cc1,exact_CzBN_core_derivative,sulfur_or_selenium,CZBN_CLUSTER_01
E00_133_00144,CC(C)(C)c1ccc2c(c1)c1cc(C(C)(C)C)cc3c1n2-c1cc2c(c4c1B3c1cc(C(C)(C)C)cc3c5cc(C(C)(C)C)ccc5n-4c13)c1ccccc1c1nc(-c3ccccc3)nc(-c3ccccc3)c21,HFGZQDYLWNGGNY-UHFFFAOYSA-N,BN-DPBQ,Organic Electronics 125 (2024) 106973,toluene,1,2.358855291186118,2.358855291186118,0.0,2.358855291186118,2.358855291186118,0.0,2.358855291186118,MR_TADF_only,C1CCC(C2CC(C3CCCCC3)C3C(C2)C2CCCCC2C2C3CC3C4C5CCCCC5C5CCCC(C54)C4C5CCCC6C7CCCCC7C(C65)C2C34)CC1,c1ccc(-c2nc(-c3ccccc3)c3c4cc5c6c(c4c4ccccc4c3n2)-n2c3ccccc3c3cccc(c32)B6c2cccc3c4ccccc4n-5c23)cc1,exact_CzBN_core_derivative,nitrogen_heteroaryl,CZBN_CLUSTER_06
E00_133_00145,CC(C)(C)c1ccc2c(c1)c1cc(C(C)(C)C)cc3c1n2-c1cc2c(c4c1B3c1cc(C(C)(C)C)cc3c5cc(C(C)(C)C)ccc5n-4c13)c1ccccc1n2-c1ccccc1,JSQULMUUWYCAKP-UHFFFAOYSA-N,NBNP,10.1002/adom.202102513,toluene,1,2.550782241014799,2.550782241014799,0.0,2.550782241014799,2.550782241014799,0.0,2.550782241014799,MR_TADF_only,C1CCC(C2C3CCCCC3C3C2CC2C4C5CCCCC5C5CCCC(C54)C4C5CCCC6C7CCCCC7C(C65)C3C24)CC1,c1ccc(-n2c3ccccc3c3c4c5c(cc32)-n2c3ccccc3c3cccc(c32)B5c2cccc3c5ccccc5n-4c23)cc1,exact_CzBN_core_derivative,nitrogen_heteroaryl,CZBN_CLUSTER_02
E00_133_00146,CC(C)(C)c1ccc2c(c1)c1cc(C(C)(C)C)cc3c1n2-c1cc2c4cccnc4c4ccccc4c2c2c1B3c1cc(C(C)(C)C)cc3c4cc(C(C)(C)C)ccc4n-2c13,DSVOKGGJATVDSF-UHFFFAOYSA-N,BN-TP-N4,"Angew. Chem. Int. Ed. 2023, 62, e20230193",toluene,1,2.4323076923076923,2.4323076923076923,0.0,2.4323076923076923,2.4323076923076923,0.0,2.4323076923076923,MR_TADF_only,C1CCC2C(C1)C1CCCCC1C1C2CC2C3C4CCCCC4C4CCCC(C43)C3C4CCCC5C6CCCCC6C(C54)C1C23,c1ccc2c(c1)c1ncccc1c1cc3c4c(c21)-n1c2ccccc2c2cccc(c21)B4c1cccc2c4ccccc4n-3c12,exact_CzBN_core_derivative,nitrogen_heteroaryl,CZBN_CLUSTER_06
E00_133_00147,CC(C)(C)c1ccc2c(c1)c1cc(C(C)(C)C)cc3c1n2-c1cc2c4ccncc4c4ccccc4c2c2c1B3c1cc(C(C)(C)C)cc3c4cc(C(C)(C)C)ccc4n-2c13,HANWSHQYHHQTIO-UHFFFAOYSA-N,BN-TP-N2,"Angew. Chem. Int. Ed. 2023, 62, e20230193",toluene,1,2.3947148651873063,2.3947148651873063,0.0,2.3947148651873063,2.3947148651873063,0.0,2.3947148651873063,MR_TADF_only,C1CCC2C(C1)C1CCCCC1C1C2CC2C3C4CCCCC4C4CCCC(C43)C3C4CCCC5C6CCCCC6C(C54)C1C23,c1ccc2c(c1)c1cnccc1c1cc3c4c(c21)-n1c2ccccc2c2cccc(c21)B4c1cccc2c4ccccc4n-3c12,exact_CzBN_core_derivative,nitrogen_heteroaryl,CZBN_CLUSTER_06
E00_133_00148,CC(C)(C)c1ccc2c(c1)c1cc(C(C)(C)C)cc3c1n2-c1cc2c4cnccc4c4ccccc4c2c2c1B3c1cc(C(C)(C)C)cc3c4cc(C(C)(C)C)ccc4n-2c13,JWOFAZFLOPWCCM-UHFFFAOYSA-N,BN-TP-N3,"Angew. Chem. Int. Ed. 2023, 62, e20230193",toluene,1,2.4370899795737913,2.4370899795737913,0.0,2.4370899795737913,2.4370899795737913,0.0,2.4370899795737913,MR_TADF_only,C1CCC2C(C1)C1CCCCC1C1C2CC2C3C4CCCCC4C4CCCC(C43)C3C4CCCC5C6CCCCC6C(C54)C1C23,c1ccc2c(c1)c1ccncc1c1cc3c4c(c21)-n1c2ccccc2c2cccc(c21)B4c1cccc2c4ccccc4n-3c12,exact_CzBN_core_derivative,nitrogen_heteroaryl,CZBN_CLUSTER_06
E00_133_00149,CC(C)(C)c1ccc2c(c1)c1cc(C(C)(C)C)cc3c1n2-c1cc2c4ncccc4c4ccccc4c2c2c1B3c1cc(C(C)(C)C)cc3c4cc(C(C)(C)C)ccc4n-2c13,WPQALHYWKOUVCK-UHFFFAOYSA-N,BN-TP-N1,"Angew. Chem. Int. Ed. 2023, 62, e20230193",toluene,1,2.404003667022348,2.404003667022348,0.0,2.404003667022348,2.404003667022348,0.0,2.404003667022348,MR_TADF_only,C1CCC2C(C1)C1CCCCC1C1C2CC2C3C4CCCCC4C4CCCC(C43)C3C4CCCC5C6CCCCC6C(C54)C1C23,c1ccc2c(c1)c1cccnc1c1cc3c4c(c21)-n1c2ccccc2c2cccc(c21)B4c1cccc2c4ccccc4n-3c12,exact_CzBN_core_derivative,nitrogen_heteroaryl,CZBN_CLUSTER_06
E00_133_00150,CC(C)(C)c1ccc2c(c1)c1cc(C(C)(C)C)cc3c1n2-c1cc2oc4ccccc4c2c2c1B3c1cc(C(C)(C)C)cc3c4cc(C(C)(C)C)ccc4n-2c13,YXDTTXCGOQJJCX-UHFFFAOYSA-N,NBO,10.1002/adom.202102513,toluene,1,2.603572719020719,2.603572719020719,0.0,2.603572719020719,2.603572719020719,0.0,2.603572719020719,MR_TADF_only,C1CCC2C(C1)CC1CC3C4C5CCCCC5C5CCCC(C54)C4C5CCCC6C7CCCCC7C(C65)C(C12)C34,c1ccc2c(c1)oc1cc3c4c(c12)-n1c2ccccc2c2cccc(c21)B4c1cccc2c4ccccc4n-3c12,exact_CzBN_core_derivative,oxygen_heterocycle,CZBN_CLUSTER_31
E00_133_00151,CC(C)(C)c1ccc2c(c1)c1cc(C(C)(C)C)cc3c1n2-c1ccc(-c2cc4c5ccccc5n5c6ccccc6c(c2)c45)c2c1B3c1cc(C(C)(C)C)cc3c4cc(C(C)(C)C)ccc4n-2c13,FFUBQFCARXIUTA-UHFFFAOYSA-N,m-Icz-BNCz,"Adv. Optical Mater. 2024, 2400200",toluene,1,2.5041163332844265,2.5041163332844265,0.0,2.5041163332844265,2.5041163332844265,0.0,2.5041163332844265,MR_TADF_only,C1CCC2C(C1)C1CC(C3CCC4C5C6CCCCC6C6CCCC(C65)C5C6CCCC7C8CCCCC8C(C76)C3C45)CC3C4CCCCC4C2C13,c1ccc2c(c1)c1cccc3c1n2-c1ccc(-c2cc4c5ccccc5n5c6ccccc6c(c2)c45)c2c1B3c1cccc3c4ccccc4n-2c13,exact_CzBN_core_derivative,nitrogen_heteroaryl,CZBN_CLUSTER_02
E00_133_00152,CC(C)(C)c1ccc2c(c1)c1cc(C(C)(C)C)cc3c1n2-c1ccc(-c2ccc(C#N)cc2)c2c1B3c1cc(C(C)(C)C)cc3c4cc(C(C)(C)C)ccc4n-2c13,BYPDKCFHYUSVEV-UHFFFAOYSA-N,m-BN–BNCz,10.1002/adma.202205166,toluene,1,2.5840511253125866,2.5840511253125866,0.0,2.5840511253125866,2.5840511253125866,0.0,2.5840511253125866,MR_TADF_only,C1CCC(C2CCC3C4C5CCCCC5C5CCCC(C54)C4C5CCCC6C7CCCCC7C(C65)C2C34)CC1,c1ccc(-c2ccc3c4c2-n2c5ccccc5c5cccc(c52)B4c2cccc4c5ccccc5n-3c24)cc1,exact_CzBN_core_derivative,cyano_or_nitrile,CZBN_CLUSTER_02
E00_133_00153,CC(C)(C)c1ccc2c(c1)c1cc(C(C)(C)C)cc3c1n2-c1ccc(-c2ccc(N4c5ccccc5C(c5ccccc5)(c5ccccc5)c5ccccc54)cc2)c2c1B3c1cc(C(C)(C)C)cc3c4cc(C(C)(C)C)ccc4n-2c13,GGONHLHDUTWKRI-UHFFFAOYSA-N,m-DPAcP–BNCz,10.1002/adma.202205166,toluene,1,2.576288446270151,2.576288446270151,0.0,2.576288446270151,2.576288446270151,0.0,2.576288446270151,MR_TADF_only,C1CCC(C2(C3CCCCC3)C3CCCCC3C(C3CCC(C4CCC5C6C7CCCCC7C7CCCC(C76)C6C7CCCC8C9CCCCC9C(C87)C4C56)CC3)C3CCCCC32)CC1,c1ccc(C2(c3ccccc3)c3ccccc3N(c3ccc(-c4ccc5c6c4-n4c7ccccc7c7cccc(c74)B6c4cccc6c7ccccc7n-5c46)cc3)c3ccccc32)cc1,exact_CzBN_core_derivative,amine_or_carbazole_donor,CZBN_CLUSTER_02
E00_133_00154,CC(C)(C)c1ccc2c(c1)c1cc(C(C)(C)C)cc3c1n2-c1ccc(-c2ccc4c(c2)C2(c5ccccc5-c5ccccc52)c2ccccc2-4)c2c1B3c1cc(C(C)(C)C)cc3c4cc(C(C)(C)C)ccc4n-2c13,IOLSIVCOOSZAMW-UHFFFAOYSA-N,m-SF–BNCz,10.1002/adma.202205166,toluene,1,2.5707460018733834,2.5707460018733834,0.0,2.5707460018733834,2.5707460018733834,0.0,2.5707460018733834,MR_TADF_only,C1CCC2C(C1)C1CCCC3C1C2C1CCC(C2CCC4C5CCCCC5C5(C6CCCCC6C6CCCCC65)C4C2)C2C4C5CCCCC5C5CCCC(C54)C3C12,c1ccc2c(c1)-c1ccccc1C21c2ccccc2-c2ccc(-c3ccc4c5c3-n3c6ccccc6c6cccc(c63)B5c3cccc5c6ccccc6n-4c35)cc21,exact_CzBN_core_derivative,aryl_expansion,CZBN_CLUSTER_02
E00_133_00155,CC(C)(C)c1ccc2c(c1)c1cc(C(C)(C)C)cc3c1n2-c1ccc(-c2ccc4c(c2)c2ccccc2n4-c2ccccc2)c2c1B3c1cc(C(C)(C)C)cc3c4cc(C(C)(C)C)ccc4n-2c13,PKZKGGDSDBDEKC-UHFFFAOYSA-N,m-PCz–BNCz,10.1002/adma.202205166,toluene,1,2.56307760638207,2.56307760638207,0.0,2.56307760638207,2.56307760638207,0.0,2.56307760638207,MR_TADF_only,C1CCC(C2C3CCCCC3C3CC(C4CCC5C6C7CCCCC7C7CCCC(C76)C6C7CCCC8C9CCCCC9C(C87)C4C56)CCC32)CC1,c1ccc(-n2c3ccccc3c3cc(-c4ccc5c6c4-n4c7ccccc7c7cccc(c74)B6c4cccc6c7ccccc7n-5c46)ccc32)cc1,exact_CzBN_core_derivative,nitrogen_heteroaryl,CZBN_CLUSTER_02
E00_133_00156,CC(C)(C)c1ccc2c(c1)c1cc(C(C)(C)C)cc3c1n2-c1ccc(-c2cccc4c5ccccc5n(-c5ccccc5)c24)c2c1B3c1cc(C(C)(C)C)cc3c4cc(C(C)(C)C)ccc4n-2c13,DRRDJGSMDQTBQG-UHFFFAOYSA-N,m-1-PCzBN,"Adv. Optical Mater. 2023, 2203002",toluene,1,2.5514079562852623,2.5514079562852623,0.0,2.5514079562852623,2.5514079562852623,0.0,2.5514079562852623,MR_TADF_only,C1CCC(C2C3CCCCC3C3CCCC(C4CCC5C6C7CCCCC7C7CCCC(C76)C6C7CCCC8C9CCCCC9C(C87)C4C56)C32)CC1,c1ccc(-n2c3ccccc3c3cccc(-c4ccc5c6c4-n4c7ccccc7c7cccc(c74)B6c4cccc6c7ccccc7n-5c46)c32)cc1,exact_CzBN_core_derivative,nitrogen_heteroaryl,CZBN_CLUSTER_02
E00_133_00157,CC(C)(C)c1ccc2c(c1)c1cc(C(C)(C)C)cc3c1n2-c1ccc2c(=O)c4cc(C(C)(C)C)cc5c6cc(C(C)(C)C)cc7c6n(c2c1B37)c45,LWCCBUBDFAEINT-UHFFFAOYSA-N,CO-BCzBN,10.1002/anie.202518419,toluene,1,2.710644763624896,2.710644763624896,0.0,2.710644763624896,2.710644763624896,0.0,2.710644763624896,MR_TADF_only,CC1C2CCCC3C4CCCC5C6C7CCCC8C9CCCCC9C(C9CCC1C(C96)C(C23)C45)C87,O=c1c2ccc3c4c2n2c5c(cccc5c5cccc1c52)B4c1cccc2c4ccccc4n-3c12,related_extended_CzBN_core,oxygen_heterocycle,CZBN_CLUSTER_29
E00_133_00158,CC(C)(C)c1ccc2c(c1)c1cc(C(C)(C)C)cc3c1n2-c1ccc2c4c1B3c1cc(C(C)(C)C)cc3c5cc(C(C)(C)C)cc(c5n-4c13)-c1cc(-c3ccccc3)cc(-c3ccccc3)c1-2,MMHXISUSTPSAKD-UHFFFAOYSA-N,m-TPAz-BNCz,10.1002/adma.202503383,toluene,1,2.442800192346472,2.442800192346472,0.0,2.442800192346472,2.442800192346472,0.0,2.442800192346472,MR_TADF_only,C1CCC(C2CC(C3CCCCC3)C3C(C2)C2CCCC4C5CCCC6C7C8CCCC9C%10CCCCC%10C(C%10CCC3C(C%107)C(C24)C56)C98)CC1,c1ccc(-c2cc(-c3ccccc3)c3c(c2)-c2cccc4c5cccc6c5n(c24)-c2c-3ccc3c2B6c2cccc4c5ccccc5n-3c24)cc1,exact_CzBN_core_derivative,aryl_expansion,CZBN_CLUSTER_27
E00_133_00159,CC(C)(C)c1ccc2c(c1)c1cc(C(C)(C)C)cc3c1n2-c1ccc2c4c1B3c1cc(C(C)(C)C)cc3c5cc(C(C)(C)C)cc(c5n-4c13)-c1cc3c(cc1-2)-c1ccccc1C31c2ccccc2-c2ccccc21,VWTRYNJSKRFQIC-UHFFFAOYSA-N,m-SFAz-BNCz,10.1002/adma.202503383,toluene,1,2.43295336069957,2.43295336069957,0.0,2.43295336069957,2.43295336069957,0.0,2.43295336069957,MR_TADF_only,C1CCC2C(C1)C1CCCC3C1C2C1CCC2C4CC5C6CCCCC6C6(C7CCCCC7C7CCCCC76)C5CC4C4CCCC5C6CCCC7C3C1C2C(C45)C67,c1ccc2c(c1)-c1ccccc1C21c2ccccc2-c2cc3c(cc21)-c1cccc2c4cccc5c4n(c12)-c1c-3ccc2c1B5c1cccc3c4ccccc4n-2c13,exact_CzBN_core_derivative,aryl_expansion,CZBN_CLUSTER_14
E00_133_00160,CC(C)(C)c1ccc2c(c1)c1cc(C(C)(C)C)cc3c1n2-c1ccc2c4c1B3c1cc(C(C)(C)C)cc3c5cc(C(C)(C)C)cc(c5n-4c13)-c1ccc(N3c4ccccc4C(c4ccccc4)(c4ccccc4)c4ccccc43)cc1-2,AMVAFHQFUVJKBN-UHFFFAOYSA-N,m-DPAcPAz-BNCz,10.1002/adma.202503383,toluene,1,2.4666126193818836,2.4666126193818836,0.0,2.4666126193818836,2.4666126193818836,0.0,2.4666126193818836,MR_TADF_only,C1CCC(C2(C3CCCCC3)C3CCCCC3C(C3CCC4C(C3)C3CCC5C6C7CCCCC7C7CCCC(C76)C6C7CCCC8C9CCCC4C9C(C87)C3C56)C3CCCCC32)CC1,c1ccc(C2(c3ccccc3)c3ccccc3N(c3ccc4c(c3)-c3ccc5c6c3-n3c7c(cccc7c7cccc-4c73)B6c3cccc4c6ccccc6n-5c34)c3ccccc32)cc1,exact_CzBN_core_derivative,amine_or_carbazole_donor,CZBN_CLUSTER_14
E00_133_00161,CC(C)(C)c1ccc2c(c1)c1cc(C(C)(C)C)cc3c1n2-c1ccc2c4c1B3c1cc(C(C)(C)C)cc3c5cc(C(C)(C)C)cc(c5n-4c13)-c1ccccc1-2,CEHWOTNHNJYCMH-UHFFFAOYSA-N,m-PAz-BNCz,10.1002/adma.202503383,toluene,1,2.449914183179903,2.449914183179903,0.0,2.449914183179903,2.449914183179903,0.0,2.449914183179903,MR_TADF_only,C1CCC2C(C1)C1CCCC3C1C2C1CCC2C4CCCCC4C4CCCC5C6CCCC7C3C1C2C(C45)C67,c1ccc2c(c1)-c1ccc3c4c1-n1c5c(cccc5c5cccc-2c51)B4c1cccc2c4ccccc4n-3c12,exact_CzBN_core_derivative,aryl_expansion,CZBN_CLUSTER_02
E00_133_00162,CC(C)(C)c1ccc2c(c1)c1cc(C(C)(C)C)cc3c1n2-c1ccc2c4c1B3c1cc(C(C)(C)C)cc3c5cc(C(C)(C)C)cc(c5n-4c13)P2(=O)c1ccccc1,QGCZALBRZQMIPZ-UHFFFAOYSA-N,PO-BCzBN,10.1002/anie.202518065,toluene,1,2.696110869524116,2.696110869524116,0.0,2.696110869524116,2.696110869524116,0.0,2.696110869524116,MR_TADF_only,CC1(C2CCCCC2)C2CCCC3C4CCCC5C6C7CCCC8C9CCCCC9C(C9CCC1C(C96)C(C45)C32)C87,O=P1(c2ccccc2)c2ccc3c4c2-n2c5c(cccc5c5cccc1c52)B4c1cccc2c4ccccc4n-3c12,exact_CzBN_core_derivative,phosphorus_containing,CZBN_CLUSTER_26
E00_133_00163,CC(C)(C)c1ccc2c(c1)c1cc(C(C)(C)C)cc3c1n2-c1ccc2c4c1B3c1cccc3c5ccc6c7ccccc7n2c6c5n4c13,SOUHDBPTBYTQHI-UHFFFAOYSA-N,RBN-ICz,10.1039/d5sc09303a,toluene,1,2.073422177520744,2.073422177520744,0.0,2.073422177520744,2.073422177520744,0.0,2.073422177520744,MR_TADF_only,C1CCC2C(C1)C1CCCC3C1C2C1CCC2C4C5CCCCC5C5CCC6C7CCCC8C3C1C2C(C78)C6C54,c1ccc2c(c1)c1cccc3c1n2-c1ccc2c4c1B3c1cccc3c5ccc6c7ccccc7n2c6c5n4c13,related_extended_CzBN_core,nitrogen_heteroaryl,CZBN_CLUSTER_08
E00_133_00164,CC(C)(C)c1ccc2c(c1)c1cc(C(C)(C)C)cc3c1n2-c1ccc2c4ccccc4n4c2c1B3c1ccccc1-4,YMJLBDKGHNFNHB-UHFFFAOYSA-N,Cz-scZ,"J. Mater. Chem. C, 2024, 12, 2578–2584",toluene,1,2.6882821601713704,2.6882821601713704,0.0,2.6882821601713704,2.6882821601713704,0.0,2.6882821601713704,MR_TADF_only,C1CCC2C(C1)C1CCCC3C1C2C1CCC2C4CCCCC4C4C5CCCCC5C3C1C24,c1ccc2c(c1)B1c3cccc4c5ccccc5n(c34)-c3ccc4c5ccccc5n-2c4c31,related_extended_CzBN_core,nitrogen_heteroaryl,CZBN_CLUSTER_08
E00_133_00165,CC(C)(C)c1ccc2c(c1)c1cc(C(C)(C)C)cc3c1n2-c1cccc2c1B3c1cc(-n3c4ccccc4c4ccccc43)cc3c4cc(-n5c6ccccc6c6ccccc65)ccc4n-2c13,FIQIINKMPSYPHP-UHFFFAOYSA-N,BN1,"Adv. Funct. Mater. 31, 2102017 (2021)",toluene,1,2.547071129707113,2.547071129707113,0.0,2.547071129707113,2.547071129707113,0.0,2.547071129707113,MR_TADF_only,C1CCC2C(C1)C1CCCCC1C2C1CCC2C(C1)C1CC(C3C4CCCCC4C4CCCCC43)CC3C1C2C1CCCC2C4C5CCCCC5C5CCCC(C54)C3C21,c1cc2c3c(c1)-n1c4ccc(-n5c6ccccc6c6ccccc65)cc4c4cc(-n5c6ccccc6c6ccccc65)cc(c41)B3c1cccc3c4ccccc4n-2c13,exact_CzBN_core_derivative,nitrogen_heteroaryl,CZBN_CLUSTER_08
E00_133_00166,CC(C)(C)c1ccc2c(c1)c1cc(C(C)(C)C)cc3c1n2-c1cccc2c1B3c1cc(C(C)(C)C)cc3c4cc(C(C)(C)C)ccc4n-2c13,QUOIONVYAPAHAM-UHFFFAOYSA-N,DtCzB / tBuNBN / BBCz-SB,"J. Mater. Chem. C, 2022, 10, 15408–15415 | Adv.OpticalMater.2024,2302354 | 10.1002/adom.202102513",toluene,1,2.6059736418022474,2.6059736418022474,0.0,2.6059736418022474,2.6059736418022474,0.0,2.6059736418022474,MR_TADF_only,C1CCC2C(C1)C1CCCC3C1C2C1CCCC2C4C5CCCCC5C5CCCC(C54)C3C12,c1cc2c3c(c1)-n1c4ccccc4c4cccc(c41)B3c1cccc3c4ccccc4n-2c13,exact_CzBN_core_derivative,alkyl_or_other_periphery,CZBN_CLUSTER_01
E00_133_00167,CC(C)(C)c1ccc2c(c1)c1cc(C(C)(C)C)cc3c1n2-c1cccc2c1B3c1cc(N(c3ccccc3)c3ccccc3)cc3c4cc(N(c5ccccc5)c5ccccc5)ccc4n-2c13,UYQFVJOQIYHTJI-UHFFFAOYSA-N,BN2,"Adv. Funct. Mater. 31, 2102017 (2021)",toluene,1,2.393653062896032,2.393653062896032,0.0,2.393653062896032,2.393653062896032,0.0,2.393653062896032,MR_TADF_only,C1CCC(C(C2CCCCC2)C2CCC3C(C2)C2CC(C(C4CCCCC4)C4CCCCC4)CC4C2C3C2CCCC3C5C6CCCCC6C6CCCC(C65)C4C32)CC1,c1ccc(N(c2ccccc2)c2ccc3c(c2)c2cc(N(c4ccccc4)c4ccccc4)cc4c2n3-c2cccc3c2B4c2cccc4c5ccccc5n-3c24)cc1,exact_CzBN_core_derivative,amine_or_carbazole_donor,CZBN_CLUSTER_05
E00_133_00168,CC(C)(C)c1ccc2c(c1)c1cc(C(C)(C)C)cc3c1n2-c1cccc2c1B3c1cc3c4ccccc4n(-c4ccccc4)c3c3c4ccccc4n-2c13,DCGMXTQCQVMUJM-UHFFFAOYSA-N,CzYCzPhBN,"Chem. Commun., 2025, 61, 7434–7437",toluene,1,2.5846907447053358,2.5846907447053358,0.0,2.5846907447053358,2.5846907447053358,0.0,2.5846907447053358,MR_TADF_only,C1CCC(C2C3CCCCC3C3CC4C5C6CCCC7C8CCCCC8C(C8CCCC(C85)C5C8CCCCC8C(C32)C45)C76)CC1,c1ccc(-n2c3ccccc3c3cc4c5c(c6ccccc6n5-c5cccc6c5B4c4cccc5c7ccccc7n-6c45)c32)cc1,exact_CzBN_core_derivative,nitrogen_heteroaryl,CZBN_CLUSTER_02
E00_133_00169,CC(C)(C)c1ccc2c(c1)c1cc(C(C)(C)C)cc3c1n2-c1cccc2c1B3c1cccc3c1N2c1cc(C(C)(C)C)cc2c4cc(C(C)(C)C)ccc4n-3c12,FWMPEAMQVUSKLK-UHFFFAOYSA-N,BNIP-tBuCz,"Adv. Funct. Mater. 2023, 33, 2213056",toluene,1,2.317365436330449,2.317365436330449,0.0,2.317365436330449,2.317365436330449,0.0,2.317365436330449,MR_TADF_only,C1CCC2C(C1)C1CCCC3C1C2C1CCCC2C4C5CCCC6C7CCCCC7C(C7CCCC(C3C12)C74)C65,c1cc2c3c(c1)-n1c4ccccc4c4cccc(c41)B3c1cccc3c1N2c1cccc2c4ccccc4n-3c12,related_extended_CzBN_core,nitrogen_heteroaryl,CZBN_CLUSTER_07
E00_133_00170,CC(C)(C)c1ccc2c(c1)c1cc(C(C)(C)C)cc3c1n2-c1cccc2c1B3c1cccc3c1N2c1ccccc1-c1ccccc1-3,QUVDBVUVWKYLBZ-UHFFFAOYSA-N,BN-TCzTBA,Chemical Engineering Journal 499 (2024) 155864,toluene,1,2.605064987743153,2.605064987743153,0.0,2.605064987743153,2.605064987743153,0.0,2.605064987743153,MR_TADF_only,C1CCC2C(C1)C1CCCCC1C1C3CCCC4C5C6CCCCC6C6CCCC(C65)C(C5CCCC2C51)C34,c1ccc2c(c1)-c1ccccc1N1c3cccc4c3B(c3cccc-2c31)c1cccc2c3ccccc3n-4c12,related_extended_CzBN_core,nitrogen_heteroaryl,CZBN_CLUSTER_07
E00_133_00171,CC(C)(C)c1ccc2c(c1)c1cc(C(C)(C)C)cc3c1n2-c1cccc2c1N3c1cccc3c1B2c1cc(N(c2ccccc2)c2ccccc2)cc2c4cc(N(c5ccccc5)c5ccccc5)ccc4n-3c12,YOGIOPHMIQYYNT-UHFFFAOYSA-N,BNIP-CzDPA,"Adv. Funct. Mater. 2023, 33, 2213056",toluene,1,2.231073123302097,2.231073123302097,0.0,2.231073123302097,2.231073123302097,0.0,2.231073123302097,MR_TADF_only,C1CCC(C(C2CCCCC2)C2CCC3C(C2)C2CC(C(C4CCCCC4)C4CCCCC4)CC4C2C3C2CCCC3C5C6CCCC7C8CCCCC8C(C8CCCC(C85)C4C23)C76)CC1,c1ccc(N(c2ccccc2)c2ccc3c(c2)c2cc(N(c4ccccc4)c4ccccc4)cc4c2n3-c2cccc3c2B4c2cccc4c2N3c2cccc3c5ccccc5n-4c23)cc1,related_extended_CzBN_core,nitrogen_heteroaryl,CZBN_CLUSTER_05
E00_133_00172,CC(C)(C)c1ccc2c(c1)c1cc(C(C)(C)C)cc3c1n2-c1cccc2c1N3c1cccc3c1B2c1cccc2c1N3c1cc(C(C)(C)C)cc3c4cc(C(C)(C)C)ccc4n-2c13,RVEBEHZKHFCUNO-UHFFFAOYSA-N,BNDIP,"Adv. Funct. Mater. 2023, 33, 2213056",toluene,1,2.29431721798134,2.29431721798134,0.0,2.29431721798134,2.29431721798134,0.0,2.29431721798134,MR_TADF_only,C1CCC2C(C1)C1CCCC3C1C2C1CCCC2C1C3C1CCCC3C4C5CCCC6C7CCCCC7C(C7CCCC(C74)C2C13)C65,c1cc2c3c(c1)N1c4c(cccc4-n4c5ccccc5c5cccc1c54)B3c1cccc3c1N2c1cccc2c4ccccc4n-3c12,related_extended_CzBN_core,nitrogen_heteroaryl,CZBN_CLUSTER_07
E00_133_00173,CC(C)(C)c1ccc2c(c1)c1cc(C(C)(C)C)ccc1n2-c1c(-c2ccc3c(c2)C2(c4ccccc4-c4ccccc42)c2ccccc2-3)cc2c3c1-n1c4ccc(C(C)(C)C)cc4c4cc(C(C)(C)C)cc(c41)B3c1cc(C(C)(C)C)cc3c4cc(C(C)(C)C)ccc4n-2c13,AHRGSFAMMYNNBY-UHFFFAOYSA-N,3CzSF-BN,10.1002/adom.202400490,toluene,1,2.4602013528393893,2.4602013528393893,0.0,2.4602013528393893,2.4602013528393893,0.0,2.4602013528393893,MR_TADF_only,C1CCC2C(C1)C1CCCC3C1C2C1CC(C2CCC4C5CCCCC5C5(C6CCCCC6C6CCCCC65)C4C2)C(C2C4CCCCC4C4CCCCC42)C2C4C5CCCCC5C5CCCC(C54)C3C12,c1ccc2c(c1)-c1ccccc1C21c2ccccc2-c2ccc(-c3cc4c5c(c3-n3c6ccccc6c6ccccc63)-n3c6ccccc6c6cccc(c63)B5c3cccc5c6ccccc6n-4c35)cc21,exact_CzBN_core_derivative,nitrogen_heteroaryl,CZBN_CLUSTER_03
E00_133_00174,CC(C)(C)c1ccc2c(c1)c1cc(C(C)(C)C)ccc1n2-c1c(C#N)c(-n2c3ccc(C(C)(C)C)cc3c3cc(C(C)(C)C)ccc32)c(-n2c3ccc(C(C)(C)C)cc3c3cc(C(C)(C)C)ccc32)c(-n2c3ccc(C(C)(C)C)cc3c3cc(C(C)(C)C)ccc32)c1-n1c2ccc(C(C)(C)C)cc2c2cc(C(C)(C)C)ccc21,MXHYQOWIOCQRCN-UHFFFAOYSA-N,,10.1039/C5MH00258C,toluene,1,2.7404340460334153,2.7404340460334153,0.0,2.7404340460334153,2.7404340460334153,0.0,2.7404340460334153,general_only,C1CCC2C(C1)C1CCCCC1C2C1CC(C2C3CCCCC3C3CCCCC32)C(C2C3CCCCC3C3CCCCC32)C(C2C3CCCCC3C3CCCCC32)C1C1C2CCCCC2C2CCCCC21,c1ccc2c(c1)c1ccccc1n2-c1cc(-n2c3ccccc3c3ccccc32)c(-n2c3ccccc3c3ccccc32)c(-n2c3ccccc3c3ccccc32)c1-n1c2ccccc2c2ccccc21,outside_MR_TADF,outside_CzBN_domain,outside_CzBN_domain
E00_133_00175,CC(C)(C)c1ccc2c(c1)c1cc(C(C)(C)C)ccc1n2-c1cc(-n2c3ccc(C(C)(C)C)cc3c3cc(C(C)(C)C)ccc32)c(-n2c3ccc(C(C)(C)C)cc3c3cc(C(C)(C)C)ccc32)c(-c2cc3c4c(c2)-n2c5ccc(C(C)(C)C)cc5c5cc(C(C)(C)C)cc(c52)B4c2cc(C(C)(C)C)cc4c5cc(C(C)(C)C)ccc5n-3c24)c1-n1c2ccc(C(C)(C)C)cc2c2cc(C(C)(C)C)ccc21,VNCCJWKKAYQFQY-UHFFFAOYSA-N,6TBN,"ACS Appl. Mater. Interfaces 2023, 15, 33, 39669–39676",toluene,1,2.5652501326396138,2.5652501326396138,0.0,2.5652501326396138,2.5652501326396138,0.0,2.5652501326396138,MR_TADF_only,C1CCC2C(C1)C1CCCCC1C2C1CC(C2C3CCCCC3C3CCCCC32)C(C2C3CCCCC3C3CCCCC32)C(C2CC3C4C5CCCCC5C5CCCC(C54)C4C5CCCC6C7CCCCC7C(C(C2)C34)C65)C1C1C2CCCCC2C2CCCCC21,c1ccc2c(c1)c1ccccc1n2-c1cc(-n2c3ccccc3c3ccccc32)c(-n2c3ccccc3c3ccccc32)c(-c2cc3c4c(c2)-n2c5ccccc5c5cccc(c52)B4c2cccc4c5ccccc5n-3c24)c1-n1c2ccccc2c2ccccc21,exact_CzBN_core_derivative,nitrogen_heteroaryl,CZBN_CLUSTER_01
E00_133_00176,CC(C)(C)c1ccc2c(c1)c1cc(C(C)(C)C)ccc1n2-c1cc(-n2c3ccc(C(C)(C)C)cc3c3cc(C(C)(C)C)ccc32)c(-n2c3ccc(C(C)(C)C)cc3c3cc(C(C)(C)C)ccc32)c(C#N)c1-n1c2ccc(C(C)(C)C)cc2c2cc(C(C)(C)C)ccc21,VUUZCXZPRBJDHJ-UHFFFAOYSA-N,,10.1039/C5MH00258C,toluene,1,2.8259247826310645,2.8259247826310645,0.0,2.8259247826310645,2.8259247826310645,0.0,2.8259247826310645,general_only,C1CCC2C(C1)C1CCCCC1C2C1CC(C2C3CCCCC3C3CCCCC32)C(C2C3CCCCC3C3CCCCC32)CC1C1C2CCCCC2C2CCCCC21,c1ccc2c(c1)c1ccccc1n2-c1cc(-n2c3ccccc3c3ccccc32)c(-n2c3ccccc3c3ccccc32)cc1-n1c2ccccc2c2ccccc21,outside_MR_TADF,outside_CzBN_domain,outside_CzBN_domain
E00_133_00177,CC(C)(C)c1ccc2c(c1)c1cc(C(C)(C)C)ccc1n2-c1cc(C(=O)c2ccccc2)cc(-n2c3ccc(C(C)(C)C)cc3c3cc(C(C)(C)C)ccc32)c1,HYLUDPMIRXPFOT-UHFFFAOYSA-N,,10.1039/C7TC00457E ,toluene,1,2.9151268179129155,2.9151268179129155,0.0,2.9151268179129155,2.9151268179129155,0.0,2.9151268179129155,general_only,CC(C1CCCCC1)C1CC(C2C3CCCCC3C3CCCCC32)CC(C2C3CCCCC3C3CCCCC32)C1,O=C(c1ccccc1)c1cc(-n2c3ccccc3c3ccccc32)cc(-n2c3ccccc3c3ccccc32)c1,outside_MR_TADF,outside_CzBN_domain,outside_CzBN_domain
E00_133_00178,CC(C)(C)c1ccc2c(c1)c1cc(C(C)(C)C)ccc1n2-c1cc(C(=O)c2ccncc2)cc(-n2c3ccc(C(C)(C)C)cc3c3cc(C(C)(C)C)ccc32)c1,YNDRVHKTMOOPPW-UHFFFAOYSA-N,,10.1039/C7TC00457E ,toluene,1,2.814427972985276,2.814427972985276,0.0,2.814427972985276,2.814427972985276,0.0,2.814427972985276,general_only,CC(C1CCCCC1)C1CC(C2C3CCCCC3C3CCCCC32)CC(C2C3CCCCC3C3CCCCC32)C1,O=C(c1ccncc1)c1cc(-n2c3ccccc3c3ccccc32)cc(-n2c3ccccc3c3ccccc32)c1,outside_MR_TADF,outside_CzBN_domain,outside_CzBN_domain
E00_133_00179,CC(C)(C)c1ccc2c(c1)c1cc(C(C)(C)C)ccc1n2-c1cc(N2c3ccccc3C(c3ccccc3)(c3ccccc3)c3ccccc32)cc(-n2c3ccc(C(C)(C)C)cc3c3cc(C(C)(C)C)ccc32)c1C#N,RDSNZTHIUXQKAC-UHFFFAOYSA-N,,DOI: 10.1021/acsami.9b07820,toluene,1,2.9939234306046534,2.9939234306046534,0.0,2.9939234306046534,2.9939234306046534,0.0,2.9939234306046534,general_only,C1CCC(C2(C3CCCCC3)C3CCCCC3C(C3CC(C4C5CCCCC5C5CCCCC54)CC(C4C5CCCCC5C5CCCCC54)C3)C3CCCCC32)CC1,c1ccc(C2(c3ccccc3)c3ccccc3N(c3cc(-n4c5ccccc5c5ccccc54)cc(-n4c5ccccc5c5ccccc54)c3)c3ccccc32)cc1,outside_MR_TADF,outside_CzBN_domain,outside_CzBN_domain
E00_133_00180,CC(C)(C)c1ccc2c(c1)c1cc(C(C)(C)C)ccc1n2-c1cc2c3c(c1)-n1c4ccc(C(C)(C)C)cc4c4cc(C(C)(C)C)cc(c41)B3c1cc(C(C)(C)C)cc3c4cc(C(C)(C)C)ccc4n-2c13,JEKLZPQGLWKLJY-UHFFFAOYSA-N,3tCzBN,"Angew. Chem. Int. Ed. 2024, 63, e202408522",toluene,1,2.6613854089904203,2.6613854089904203,0.0,2.6613854089904203,2.6613854089904203,0.0,2.6613854089904203,MR_TADF_only,C1CCC2C(C1)C1CCCCC1C2C1CC2C3C4CCCCC4C4CCCC(C43)C3C4CCCC5C6CCCCC6C(C(C1)C23)C54,c1ccc2c(c1)c1ccccc1n2-c1cc2c3c(c1)-n1c4ccccc4c4cccc(c41)B3c1cccc3c4ccccc4n-2c13,exact_CzBN_core_derivative,nitrogen_heteroaryl,CZBN_CLUSTER_01
E00_133_00181,CC(C)(C)c1ccc2c(c1)c1cc(C(C)(C)C)ccc1n2-c1cc2c3c(c1)-n1c4ccccc4c4c5c6ccccc6n(-c6ccccc6)c5cc(c41)B3c1cc3c(c4ccccc4n3-c3ccccc3)c3c4ccccc4n-2c13,MUVPBJISBDWLDA-UHFFFAOYSA-N,BpIC-Cz,Chemical Engineering Journal 481 (2024) 148781,toluene,1,2.362599076735476,2.362599076735476,0.0,2.362599076735476,2.362599076735476,0.0,2.362599076735476,MR_TADF_only,C1CCC(C2C3CCCCC3C3C2CC2C4C5CC6C(C7CCCCC7)C7CCCCC7C6C6C7CCCCC7C(C7CC(C8C9CCCCC9C9CCCCC98)CC(C74)C4C7CCCCC7C3C24)C56)CC1,c1ccc(-n2c3ccccc3c3c4c5ccccc5n5c4c(cc32)B2c3c-5cc(-n4c5ccccc5c5ccccc54)cc3-n3c4ccccc4c4c5c6ccccc6n(-c6ccccc6)c5cc2c43)cc1,exact_CzBN_core_derivative,nitrogen_heteroaryl,CZBN_CLUSTER_12
E00_133_00182,CC(C)(C)c1ccc2c(c1)c1cc(C(C)(C)C)ccc1n2-c1cc2c3c(n1)-n1c4ccc(C(C)(C)C)cc4c4cc(C(C)(C)C)cc(c41)B3c1cc(C(C)(C)C)cc3c4cc(C(C)(C)C)ccc4n-2c13,HONFJHCBLBMJLA-UHFFFAOYSA-N,Py-BN,"Angew. Chem. Int. Ed. 2024, 63, e202408522",toluene,1,2.8409615788368674,2.8409615788368674,0.0,2.8409615788368674,2.8409615788368674,0.0,2.8409615788368674,MR_TADF_only,C1CCC2C(C1)C1CCCCC1C2C1CC2C3C4CCCCC4C4CCCC(C43)C3C4CCCC5C6CCCCC6C(C(C1)C23)C54,c1ccc2c(c1)c1ccccc1n2-c1cc2c3c(n1)-n1c4ccccc4c4cccc(c41)B3c1cccc3c4ccccc4n-2c13,related_extended_CzBN_core,nitrogen_heteroaryl,CZBN_CLUSTER_20
E00_133_00183,CC(C)(C)c1ccc2c(c1)c1cc(C(C)(C)C)ccc1n2-c1cc2c3c4c1c1ccccc1n4-c1ccccc1B3c1cc(C(C)(C)C)cc3c4cc(C(C)(C)C)ccc4n-2c13,BBSIYMJLBCTKIZ-UHFFFAOYSA-N,BCz-SCz,"J. Mater. Chem. C, 2024, 12, 2578–2584",toluene,1,2.729465323518016,2.729465323518016,0.0,2.729465323518016,2.729465323518016,0.0,2.729465323518016,MR_TADF_only,C1CCC2C(C1)C1CCCCC1C2C1CC2C3C4CCCCC4C4CCCC(C43)C3C4CCCCC4C4C5CCCCC5C1C4C23,c1ccc2c(c1)B1c3cccc4c5ccccc5n(c34)-c3cc(-n4c5ccccc5c5ccccc54)c4c5ccccc5n-2c4c31,related_extended_CzBN_core,nitrogen_heteroaryl,CZBN_CLUSTER_08
E00_133_00184,CC(C)(C)c1ccc2c(c1)c1cc(C(C)(C)C)ccc1n2-c1cc[n+]2c(c1)-c1ccccc1O[B-]2(F)F,YYTRHEJLIUHNDT-UHFFFAOYSA-N,,DOI: 10.1021/acsami.9b08107,toluene,1,2.964115574348132,2.964115574348132,0.0,2.964115574348132,2.964115574348132,0.0,2.964115574348132,general_only,C1CCC2C(C1)CCC1CCC(C3C4CCCCC4C4CCCCC43)CC12,[BH2-]1Oc2ccccc2-c2cc(-n3c4ccccc4c4ccccc43)cc[n+]21,outside_MR_TADF,outside_CzBN_domain,outside_CzBN_domain
E00_133_00185,CC(C)(C)c1ccc2c(c1)c1cc(C(C)(C)C)ccc1n2-c1ccc(-c2ccc3c(c2)C(=O)c2ccc(-c4ccc(-n5c6ccc(C(C)(C)C)cc6c6cc(C(C)(C)C)ccc65)cc4)cc2C3=O)cc1,HKKYNAMZMRXYGN-UHFFFAOYSA-N,,http://dx.doi.org/10.1021/ja510144h,toluene,1,2.5665101721439747,2.5665101721439747,0.0,2.5665101721439747,2.5665101721439747,0.0,2.5665101721439747,general_only,CC1C2CCC(C3CCC(C4C5CCCCC5C5CCCCC54)CC3)CC2C(C)C2CCC(C3CCC(C4C5CCCCC5C5CCCCC54)CC3)CC12,O=C1c2ccc(-c3ccc(-n4c5ccccc5c5ccccc54)cc3)cc2C(=O)c2ccc(-c3ccc(-n4c5ccccc5c5ccccc54)cc3)cc21,outside_MR_TADF,outside_CzBN_domain,outside_CzBN_domain
E00_133_00186,CC(C)(C)c1ccc2c(c1)c1cc(C(C)(C)C)ccc1n2-c1ccc(-c2nc(-c3ccc(-n4c5ccc(C(C)(C)C)cc5c5cc(C(C)(C)C)ccc54)cc3)nc(-c3ccc(P(=O)(c4ccccc4)c4ccccc4)cc3)n2)cc1,KVNJLAODCWONTL-UHFFFAOYSA-N,,10.1002/adma.201804228,toluene,1,2.884312153455512,2.884312153455512,0.0,2.884312153455512,2.884312153455512,0.0,2.884312153455512,general_only,CC(C1CCCCC1)(C1CCCCC1)C1CCC(C2CC(C3CCC(C4C5CCCCC5C5CCCCC54)CC3)CC(C3CCC(C4C5CCCCC5C5CCCCC54)CC3)C2)CC1,O=P(c1ccccc1)(c1ccccc1)c1ccc(-c2nc(-c3ccc(-n4c5ccccc5c5ccccc54)cc3)nc(-c3ccc(-n4c5ccccc5c5ccccc54)cc3)n2)cc1,outside_MR_TADF,outside_CzBN_domain,outside_CzBN_domain
E00_133_00187,CC(C)(C)c1ccc2c(c1)c1cc(C(C)(C)C)ccc1n2-c1ccc(-c2nc(-c3ccc(P(=O)(c4ccccc4)c4ccccc4)cc3)nc(-c3ccc(P(=O)(c4ccccc4)c4ccccc4)cc3)n2)cc1,NZMUWWCZJGKQCR-UHFFFAOYSA-N,,10.1002/adma.201804228,toluene,1,3.0122932265451148,3.0122932265451148,0.0,3.0122932265451148,3.0122932265451148,0.0,3.0122932265451148,general_only,CC(C1CCCCC1)(C1CCCCC1)C1CCC(C2CC(C3CCC(C4C5CCCCC5C5CCCCC54)CC3)CC(C3CCC(C(C)(C4CCCCC4)C4CCCCC4)CC3)C2)CC1,O=P(c1ccccc1)(c1ccccc1)c1ccc(-c2nc(-c3ccc(-n4c5ccccc5c5ccccc54)cc3)nc(-c3ccc(P(=O)(c4ccccc4)c4ccccc4)cc3)n2)cc1,outside_MR_TADF,outside_CzBN_domain,outside_CzBN_domain
E00_133_00188,CC(C)(C)c1ccc2c(c1)c1cc(C(C)(C)C)ccc1n2-c1ccc(-c2nc(-c3ccccc3)nc(-c3ccccc3)n2)c2c1c1ccccc1n2-c1ccccc1,HSDGZXKNTMPVLT-UHFFFAOYSA-N,,chem.201902615,toluene,1,3.1398436063683786,3.1398436063683786,0.0,3.1398436063683786,3.1398436063683786,0.0,3.1398436063683786,general_only,C1CCC(C2CC(C3CCCCC3)CC(C3CCC(C4C5CCCCC5C5CCCCC54)C4C5CCCCC5C(C5CCCCC5)C34)C2)CC1,c1ccc(-c2nc(-c3ccccc3)nc(-c3ccc(-n4c5ccccc5c5ccccc54)c4c5ccccc5n(-c5ccccc5)c34)n2)cc1,outside_MR_TADF,outside_CzBN_domain,outside_CzBN_domain
E00_133_00189,CC(C)(C)c1ccc2c(c1)c1cc(C(C)(C)C)ccc1n2-c1ccc(-c2nc3c(C#N)ccc(C#N)c3nc2-c2ccc(-n3c4ccc(C(C)(C)C)cc4c4cc(C(C)(C)C)ccc43)cc2)cc1,NWYSGBRAYJNHQB-UHFFFAOYSA-N,,DOI: 10.1021/acsami.9b02824,toluene,1,2.3892669619547684,2.3892669619547684,0.0,2.3892669619547684,2.3892669619547684,0.0,2.3892669619547684,general_only,C1CCC2CC(C3CCC(C4C5CCCCC5C5CCCCC54)CC3)C(C3CCC(C4C5CCCCC5C5CCCCC54)CC3)CC2C1,c1ccc2nc(-c3ccc(-n4c5ccccc5c5ccccc54)cc3)c(-c3ccc(-n4c5ccccc5c5ccccc54)cc3)nc2c1,outside_MR_TADF,outside_CzBN_domain,outside_CzBN_domain
E00_133_00190,CC(C)(C)c1ccc2c(c1)c1cc(C(C)(C)C)ccc1n2-c1ccc(-c2nc3cc(C#N)c(C#N)cc3nc2-c2ccc(-n3c4ccc(C(C)(C)C)cc4c4cc(C(C)(C)C)ccc43)cc2)cc1,MKVORLIPBFPJIY-UHFFFAOYSA-N,,DOI: 10.1021/acsami.9b02824,toluene,1,2.539254415084318,2.539254415084318,0.0,2.539254415084318,2.539254415084318,0.0,2.539254415084318,general_only,C1CCC2CC(C3CCC(C4C5CCCCC5C5CCCCC54)CC3)C(C3CCC(C4C5CCCCC5C5CCCCC54)CC3)CC2C1,c1ccc2nc(-c3ccc(-n4c5ccccc5c5ccccc54)cc3)c(-c3ccc(-n4c5ccccc5c5ccccc54)cc3)nc2c1,outside_MR_TADF,outside_CzBN_domain,outside_CzBN_domain
E00_133_00191,CC(C)(C)c1ccc2c(c1)c1cc(C(C)(C)C)ccc1n2-c1ccc(-n2c3ccc(C(C)(C)C)cc3c3cc(C(C)(C)C)ccc32)c(C(=O)c2ccncc2)c1,WTKSSZXLHRLOAP-UHFFFAOYSA-N,,DOI: 10.1021/jacs.5b10950,toluene,1,2.7037260294616283,2.7037260294616283,0.0,2.7037260294616283,2.7037260294616283,0.0,2.7037260294616283,general_only,CC(C1CCCCC1)C1CC(C2C3CCCCC3C3CCCCC32)CCC1C1C2CCCCC2C2CCCCC21,O=C(c1ccncc1)c1cc(-n2c3ccccc3c3ccccc32)ccc1-n1c2ccccc2c2ccccc21,outside_MR_TADF,outside_CzBN_domain,outside_CzBN_domain
E00_133_00192,CC(C)(C)c1ccc2c(c1)c1cc(C(C)(C)C)ccc1n2-c1ccc(C#Cc2ccc(C#Cc3ccc(-n4c5ccc(C(C)(C)C)cc5c5cc(C(C)(C)C)ccc54)cc3)cc2)cc1,GGCXQTVDJVXZSW-UHFFFAOYSA-N,,DOI: 10.1021/jo0703911,toluene,1,3.2770194986072423,3.2770194986072423,0.0,3.2770194986072423,3.2770194986072423,0.0,3.2770194986072423,general_only,C1CCC2C(C1)C1CCCCC1C2C1CCC(CCC2CCC(CCC3CCC(C4C5CCCCC5C5CCCCC54)CC3)CC2)CC1,C(#Cc1ccc(-n2c3ccccc3c3ccccc32)cc1)c1ccc(C#Cc2ccc(-n3c4ccccc4c4ccccc43)cc2)cc1,outside_MR_TADF,outside_CzBN_domain,outside_CzBN_domain
E00_133_00193,CC(C)(C)c1ccc2c(c1)c1cc(C(C)(C)C)ccc1n2-c1ccc(C#Cc2ccc(C=C(C#N)C#N)cc2)cc1,FMTRBXQGURAVCV-UHFFFAOYSA-N,,10.1021/jo9002757,toluene,1,2.900742769409519,2.900742769409519,0.0,2.900742769409519,2.900742769409519,0.0,2.900742769409519,general_only,C1CCC(CCC2CCC(C3C4CCCCC4C4CCCCC43)CC2)CC1,C(#Cc1ccc(-n2c3ccccc3c3ccccc32)cc1)c1ccccc1,outside_MR_TADF,outside_CzBN_domain,outside_CzBN_domain
E00_133_00194,CC(C)(C)c1ccc2c(c1)c1cc(C(C)(C)C)ccc1n2-c1ccc(C#Cc2cccc(C#Cc3ccc(-n4c5ccc(C(C)(C)C)cc5c5cc(C(C)(C)C)ccc54)cc3)c2)cc1,ACBSAGKTIISEOI-UHFFFAOYSA-N,,DOI: 10.1021/jo0703911,toluene,1,3.432985354288555,3.432985354288555,0.0,3.432985354288555,3.432985354288555,0.0,3.432985354288555,general_only,C1CC(CCC2CCC(C3C4CCCCC4C4CCCCC43)CC2)CC(CCC2CCC(C3C4CCCCC4C4CCCCC43)CC2)C1,C(#Cc1cccc(C#Cc2ccc(-n3c4ccccc4c4ccccc43)cc2)c1)c1ccc(-n2c3ccccc3c3ccccc32)cc1,outside_MR_TADF,outside_CzBN_domain,outside_CzBN_domain
E00_133_00195,CC(C)(C)c1ccc2c(c1)c1cc(C(C)(C)C)ccc1n2-c1ccc(C#Cc2ccccc2)cc1,HVSUKADPSODRTQ-UHFFFAOYSA-N,,DOI: 10.1021/jo0703911,toluene,1,3.5085002793519036,3.5085002793519036,0.0,3.5085002793519036,3.5085002793519036,0.0,3.5085002793519036,general_only,C1CCC(CCC2CCC(C3C4CCCCC4C4CCCCC43)CC2)CC1,C(#Cc1ccc(-n2c3ccccc3c3ccccc32)cc1)c1ccccc1,outside_MR_TADF,outside_CzBN_domain,outside_CzBN_domain
E00_133_00196,CC(C)(C)c1ccc2c(c1)c1cc(C(C)(C)C)ccc1n2-c1ccc(C(=C(C#N)C#N)c2ccc(-n3c4ccc(C(C)(C)C)cc4c4cc(C(C)(C)C)ccc43)cc2)cc1,DIYWFCBOJXALJI-UHFFFAOYSA-N,,DOI: 10.1021/acs.jpcc.6b10854,toluene,1,2.5109314745792792,2.5109314745792792,0.0,2.5109314745792792,2.5109314745792792,0.0,2.5109314745792792,general_only,CC(C1CCC(C2C3CCCCC3C3CCCCC32)CC1)C1CCC(C2C3CCCCC3C3CCCCC32)CC1,C=C(c1ccc(-n2c3ccccc3c3ccccc32)cc1)c1ccc(-n2c3ccccc3c3ccccc32)cc1,outside_MR_TADF,outside_CzBN_domain,outside_CzBN_domain
E00_133_00197,CC(C)(C)c1ccc2c(c1)c1cc(C(C)(C)C)ccc1n2-c1ccc(C(=CC#N)c2ccc(-n3c4ccc(C(C)(C)C)cc4c4cc(C(C)(C)C)ccc43)cc2)cc1,DAXQYOXLLNCGPZ-UHFFFAOYSA-N,,DOI: 10.1021/acs.jpcc.6b10854,toluene,1,3.081074481074481,3.081074481074481,0.0,3.081074481074481,3.081074481074481,0.0,3.081074481074481,general_only,CC(C1CCC(C2C3CCCCC3C3CCCCC32)CC1)C1CCC(C2C3CCCCC3C3CCCCC32)CC1,C=C(c1ccc(-n2c3ccccc3c3ccccc32)cc1)c1ccc(-n2c3ccccc3c3ccccc32)cc1,outside_MR_TADF,outside_CzBN_domain,outside_CzBN_domain
E00_133_00198,CC(C)(C)c1ccc2c(c1)c1cc(C(C)(C)C)ccc1n2-c1ccc(C(=O)c2ccc(-n3c4ccc(C(C)(C)C)cc4c4cc(C(C)(C)C)ccc43)nc2)cn1,PTYAMIYRWYBAHG-UHFFFAOYSA-N,,10.1021/jacs.7b03848,toluene,1,2.9475143905305456,2.9475143905305456,0.0,2.9475143905305456,2.9475143905305456,0.0,2.9475143905305456,general_only,CC(C1CCC(C2C3CCCCC3C3CCCCC32)CC1)C1CCC(C2C3CCCCC3C3CCCCC32)CC1,O=C(c1ccc(-n2c3ccccc3c3ccccc32)nc1)c1ccc(-n2c3ccccc3c3ccccc32)nc1,outside_MR_TADF,outside_CzBN_domain,outside_CzBN_domain
E00_133_00199,CC(C)(C)c1ccc2c(c1)c1cc(C(C)(C)C)ccc1n2-c1ccc(C(=O)c2ccncc2)cc1,NTSNPLBHFNIOSJ-UHFFFAOYSA-N,,10.1021/acsami.6b10678,toluene,1,2.987453448251626,2.987453448251626,0.0,2.987453448251626,2.987453448251626,0.0,2.987453448251626,general_only,CC(C1CCCCC1)C1CCC(C2C3CCCCC3C3CCCCC32)CC1,O=C(c1ccncc1)c1ccc(-n2c3ccccc3c3ccccc32)cc1,outside_MR_TADF,outside_CzBN_domain,outside_CzBN_domain
E00_133_00200,CC(C)(C)c1ccc2c(c1)c1cc(C(C)(C)C)ccc1n2-c1ccc(S(=O)(=O)c2ccc(-n3c4ccc(C(C)(C)C)cc4c4cc(C(C)(C)C)ccc43)cn2)nc1,IKXQAVKYEWMAQT-UHFFFAOYSA-N,,10.1039/C9TC01498E,toluene,1,3.0902817714698214,3.0902817714698214,0.0,3.0902817714698214,3.0902817714698214,0.0,3.0902817714698214,general_only,CC(C)(C1CCC(C2C3CCCCC3C3CCCCC32)CC1)C1CCC(C2C3CCCCC3C3CCCCC32)CC1,O=S(=O)(c1ccc(-n2c3ccccc3c3ccccc32)cn1)c1ccc(-n2c3ccccc3c3ccccc32)cn1,outside_MR_TADF,outside_CzBN_domain,outside_CzBN_domain
E00_133_00201,CC(C)(C)c1ccc2c(c1)c1cc(C(C)(C)C)ccc1n2-c1ccc(S(=O)(=O)c2ccc(-n3c4ccc(C(C)(C)C)cc4c4cc(C(C)(C)C)ccc43)nc2)cn1,SXCNMXGPXQXVPL-UHFFFAOYSA-N,,10.1039/C9TC01498E,toluene,1,3.13862574726189,3.13862574726189,0.0,3.13862574726189,3.13862574726189,0.0,3.13862574726189,general_only,CC(C)(C1CCC(C2C3CCCCC3C3CCCCC32)CC1)C1CCC(C2C3CCCCC3C3CCCCC32)CC1,O=S(=O)(c1ccc(-n2c3ccccc3c3ccccc32)nc1)c1ccc(-n2c3ccccc3c3ccccc32)nc1,outside_MR_TADF,outside_CzBN_domain,outside_CzBN_domain
E00_133_00202,CC(C)(C)c1ccc2c(c1)c1cc(C(C)(C)C)ccc1n2-c1ccc(S(=O)(=O)c2ccc(S(=O)(=O)c3ccc(-n4c5ccc(C(C)(C)C)cc5c5cc(C(C)(C)C)ccc54)cc3)cc2)cc1,RCWNYIKRZOYADG-UHFFFAOYSA-N,,10.1039/C5CC05435D,toluene,1,3.0981235098642355,3.0981235098642355,0.0,3.0981235098642355,3.0981235098642355,0.0,3.0981235098642355,general_only,CC(C)(C1CCC(C2C3CCCCC3C3CCCCC32)CC1)C1CCC(C(C)(C)C2CCC(C3C4CCCCC4C4CCCCC43)CC2)CC1,O=S(=O)(c1ccc(-n2c3ccccc3c3ccccc32)cc1)c1ccc(S(=O)(=O)c2ccc(-n3c4ccccc4c4ccccc43)cc2)cc1,outside_MR_TADF,outside_CzBN_domain,outside_CzBN_domain
E00_133_00203,CC(C)(C)c1ccc2c(c1)c1cc(C(C)(C)C)ccc1n2-c1ccc(S(=O)(=O)c2cccc(S(=O)(=O)c3ccc(-n4c5ccc(C(C)(C)C)cc5c5cc(C(C)(C)C)ccc54)cc3)c2)cc1,SXAJBKFUOBVNMA-UHFFFAOYSA-N,,10.1039/C5CC05435D,toluene,1,3.2508035081985076,3.2508035081985076,0.0,3.2508035081985076,3.2508035081985076,0.0,3.2508035081985076,general_only,CC(C)(C1CCC(C2C3CCCCC3C3CCCCC32)CC1)C1CCCC(C(C)(C)C2CCC(C3C4CCCCC4C4CCCCC43)CC2)C1,O=S(=O)(c1ccc(-n2c3ccccc3c3ccccc32)cc1)c1cccc(S(=O)(=O)c2ccc(-n3c4ccccc4c4ccccc43)cc2)c1,outside_MR_TADF,outside_CzBN_domain,outside_CzBN_domain
E00_133_00204,CC(C)(C)c1ccc2c(c1)c1cc(C(C)(C)C)ccc1n2-c1ccc2c(c1)C(=O)c1ccc(-n3c4ccc(C(C)(C)C)cc4c4cc(C(C)(C)C)ccc43)cc1C2=O,XWUDBEJKOBRISB-UHFFFAOYSA-N,,http://dx.doi.org/10.1021/ja510144h,toluene,1,2.368993204796108,2.368993204796108,0.0,2.368993204796108,2.368993204796108,0.0,2.368993204796108,general_only,CC1C2CCC(C3C4CCCCC4C4CCCCC43)CC2C(C)C2CCC(C3C4CCCCC4C4CCCCC43)CC12,O=C1c2ccc(-n3c4ccccc4c4ccccc43)cc2C(=O)c2ccc(-n3c4ccccc4c4ccccc43)cc21,outside_MR_TADF,outside_CzBN_domain,outside_CzBN_domain
E00_133_00205,CC(C)(C)c1ccc2c(c1)c1cc(C(C)(C)C)ccc1n2-c1ccc2c3c1-n1c4ccc(C(C)(C)C)cc4c4cc(C(C)(C)C)cc(c41)B3c1cc(C(C)(C)C)cc3c4cc(C(C)(C)C)ccc4n-2c13,JAWFPWFMKHRSKD-UHFFFAOYSA-N,m-Cz-BNCz,10.1039/d5sc09303a,toluene,1,2.475596745171101,2.475596745171101,0.0,2.475596745171101,2.475596745171101,0.0,2.475596745171101,MR_TADF_only,C1CCC2C(C1)C1CCCCC1C2C1CCC2C3C4CCCCC4C4CCCC(C43)C3C4CCCC5C6CCCCC6C(C54)C1C23,c1ccc2c(c1)c1ccccc1n2-c1ccc2c3c1-n1c4ccccc4c4cccc(c41)B3c1cccc3c4ccccc4n-2c13,exact_CzBN_core_derivative,nitrogen_heteroaryl,CZBN_CLUSTER_02
E00_133_00206,CC(C)(C)c1ccc2c(c1)c1cc(C(C)(C)C)ccc1n2-c1ccc2oc3nc4oc5ccc(C(F)(F)F)cc5c4cc3c2c1,YASSYFGXQZHGRN-UHFFFAOYSA-N,,DOI: 10.1021/acs.joc.8b01451,toluene,1,3.2767744877233222,3.2767744877233222,0.0,3.2767744877233222,3.2767744877233222,0.0,3.2767744877233222,general_only,C1CCC2C(C1)CC1CC3CC4CCC(C5C6CCCCC6C6CCCCC65)CC4C3CC12,c1ccc2c(c1)oc1nc3oc4ccc(-n5c6ccccc6c6ccccc65)cc4c3cc12,outside_MR_TADF,outside_CzBN_domain,outside_CzBN_domain
E00_133_00207,CC(C)(C)c1ccc2c(c1)c1cc(C(C)(C)C)ccc1n2-c1cccc(-c2nc(-c3cccc(-n4c5ccc(C(C)(C)C)cc5c5cc(C(C)(C)C)ccc54)c3)nc(-c3cccc(P(=O)(c4ccccc4)c4ccccc4)c3)n2)c1,NMPUCPLIPUYUHY-UHFFFAOYSA-N,,10.1002/adma.201804228,toluene,1,3.0888408569767436,3.0888408569767436,0.0,3.0888408569767436,3.0888408569767436,0.0,3.0888408569767436,general_only,CC(C1CCCCC1)(C1CCCCC1)C1CCCC(C2CC(C3CCCC(C4C5CCCCC5C5CCCCC54)C3)CC(C3CCCC(C4C5CCCCC5C5CCCCC54)C3)C2)C1,O=P(c1ccccc1)(c1ccccc1)c1cccc(-c2nc(-c3cccc(-n4c5ccccc5c5ccccc54)c3)nc(-c3cccc(-n4c5ccccc5c5ccccc54)c3)n2)c1,outside_MR_TADF,outside_CzBN_domain,outside_CzBN_domain
E00_133_00208,CC(C)(C)c1ccc2c(c1)c1cc(C(C)(C)C)ccc1n2-c1cccc(-c2nc(-c3cccc(P(=O)(c4ccccc4)c4ccccc4)c3)nc(-c3cccc(P(=O)(c4ccccc4)c4ccccc4)c3)n2)c1,JMFLMRGDUWDQOM-UHFFFAOYSA-N,,10.1002/adma.201804228,toluene,1,3.097155843275303,3.097155843275303,0.0,3.097155843275303,3.097155843275303,0.0,3.097155843275303,general_only,CC(C1CCCCC1)(C1CCCCC1)C1CCCC(C2CC(C3CCCC(C4C5CCCCC5C5CCCCC54)C3)CC(C3CCCC(C(C)(C4CCCCC4)C4CCCCC4)C3)C2)C1,O=P(c1ccccc1)(c1ccccc1)c1cccc(-c2nc(-c3cccc(-n4c5ccccc5c5ccccc54)c3)nc(-c3cccc(P(=O)(c4ccccc4)c4ccccc4)c3)n2)c1,outside_MR_TADF,outside_CzBN_domain,outside_CzBN_domain
E00_133_00209,CC(C)(C)c1ccc2c(c1)c1cc(C(C)(C)C)ccc1n2-c1cccc(-n2c3ccc(C(C)(C)C)cc3c3cc(C(C)(C)C)ccc32)c1C#N,WKEXWWJZZFWVCF-UHFFFAOYSA-N,,https://doi.org/10.1002/adfm.201706023,toluene,1,3.186957838065527,3.186957838065527,0.0,3.186957838065527,3.186957838065527,0.0,3.186957838065527,general_only,C1CC(C2C3CCCCC3C3CCCCC32)CC(C2C3CCCCC3C3CCCCC32)C1,c1cc(-n2c3ccccc3c3ccccc32)cc(-n2c3ccccc3c3ccccc32)c1,outside_MR_TADF,outside_CzBN_domain,outside_CzBN_domain
E00_133_00210,CC(C)(C)c1ccc2c(c1)c1cc(C(C)(C)C)ccc1n2-c1cccc(C(=O)c2cccc(-n3c4ccc(C(C)(C)C)cc4c4cc(C(C)(C)C)ccc43)n2)n1,SIHBJHVTUONVRB-UHFFFAOYSA-N,,10.1021/jacs.7b03848,toluene,1,3.459296061361414,3.459296061361414,0.0,3.459296061361414,3.459296061361414,0.0,3.459296061361414,general_only,CC(C1CCCC(C2C3CCCCC3C3CCCCC32)C1)C1CCCC(C2C3CCCCC3C3CCCCC32)C1,O=C(c1cccc(-n2c3ccccc3c3ccccc32)n1)c1cccc(-n2c3ccccc3c3ccccc32)n1,outside_MR_TADF,outside_CzBN_domain,outside_CzBN_domain
E00_133_00211,CC(C)(C)c1ccc2c(c1)c1cc(C(C)(C)C)ccc1n2-c1cccc2c1Oc1c(-c3nc(-c4ccccc4)nc(-c4ccccc4)n3)cccc1C2(C)C,AMZWENFFTCPUIY-UHFFFAOYSA-N,,DOI: 10.1021/jacs.7b00873,toluene,1,3.1666303525883395,3.1666303525883395,0.0,3.1666303525883395,3.1666303525883395,0.0,3.1666303525883395,general_only,C1CCC(C2CC(C3CCCCC3)CC(C3CCCC4CC5CCCC(C6C7CCCCC7C7CCCCC76)C5CC43)C2)CC1,c1ccc(-c2nc(-c3ccccc3)nc(-c3cccc4c3Oc3c(cccc3-n3c5ccccc5c5ccccc53)C4)n2)cc1,outside_MR_TADF,outside_CzBN_domain,outside_CzBN_domain
E00_133_00212,CC(C)(C)c1ccc2c(c1)c1cc(C(C)(C)C)ccc1n2-c1ccccc1-c1nc(-c2ccccc2-n2c3ccc(C(C)(C)C)cc3c3cc(C(C)(C)C)ccc32)nc(-c2ccccc2P(=O)(c2ccccc2)c2ccccc2)n1,JCNUTJFYUOTYKD-UHFFFAOYSA-N,,10.1002/adma.201804228,toluene,1,3.0768423912746496,3.0768423912746496,0.0,3.0768423912746496,3.0768423912746496,0.0,3.0768423912746496,general_only,CC(C1CCCCC1)(C1CCCCC1)C1CCCCC1C1CC(C2CCCCC2C2C3CCCCC3C3CCCCC32)CC(C2CCCCC2C2C3CCCCC3C3CCCCC32)C1,O=P(c1ccccc1)(c1ccccc1)c1ccccc1-c1nc(-c2ccccc2-n2c3ccccc3c3ccccc32)nc(-c2ccccc2-n2c3ccccc3c3ccccc32)n1,outside_MR_TADF,outside_CzBN_domain,outside_CzBN_domain
E00_133_00213,CC(C)(C)c1ccc2c(c1)c1cc(C(C)(C)C)ccc1n2-c1ccccc1-c1nc(-c2ccccc2P(=O)(c2ccccc2)c2ccccc2)nc(-c2ccccc2P(=O)(c2ccccc2)c2ccccc2)n1,UAGZNAPABFBARW-UHFFFAOYSA-N,,10.1002/adma.201804228,toluene,1,3.179339958397795,3.179339958397795,0.0,3.179339958397795,3.179339958397795,0.0,3.179339958397795,general_only,CC(C1CCCCC1)(C1CCCCC1)C1CCCCC1C1CC(C2CCCCC2C2C3CCCCC3C3CCCCC32)CC(C2CCCCC2C(C)(C2CCCCC2)C2CCCCC2)C1,O=P(c1ccccc1)(c1ccccc1)c1ccccc1-c1nc(-c2ccccc2-n2c3ccccc3c3ccccc32)nc(-c2ccccc2P(=O)(c2ccccc2)c2ccccc2)n1,outside_MR_TADF,outside_CzBN_domain,outside_CzBN_domain
E00_133_00214,CC(C)(C)c1ccc2c(c1)c1cc(C(C)(C)C)ccc1n2-c1nc2c3c(n1)-n1c4ccc(C(C)(C)C)cc4c4cc(C(C)(C)C)cc(c41)B3c1cc(C(C)(C)C)cc3c4cc(C(C)(C)C)ccc4n-2c13,XLBIUULHZIRKGA-UHFFFAOYSA-N,Pm-BN,"Angew. Chem. Int. Ed. 2024, 63, e202408522",toluene,1,3.050545885884432,3.050545885884432,0.0,3.050545885884432,3.050545885884432,0.0,3.050545885884432,MR_TADF_only,C1CCC2C(C1)C1CCCCC1C2C1CC2C3C4CCCCC4C4CCCC(C43)C3C4CCCC5C6CCCCC6C(C(C1)C23)C54,c1ccc2c(c1)c1ccccc1n2-c1nc2c3c(n1)-n1c4ccccc4c4cccc(c41)B3c1cccc3c4ccccc4n-2c13,related_extended_CzBN_core,nitrogen_heteroaryl,CZBN_CLUSTER_20
E00_133_00215,CC(C)(C)c1ccc2c(c1)c1cc(C(C)(C)C)ccc1n2-c1nc2ccccc2nc1-n1c2ccc(C(C)(C)C)cc2c2cc(C(C)(C)C)ccc21,OHTPNTMVBWLJAG-UHFFFAOYSA-N,,DOI: 10.1021/acs.jpclett.8b00136,toluene,1,2.65618419205391,2.65618419205391,0.0,2.65618419205391,2.65618419205391,0.0,2.65618419205391,general_only,C1CCC2CC(C3C4CCCCC4C4CCCCC43)C(C3C4CCCCC4C4CCCCC43)CC2C1,c1ccc2nc(-n3c4ccccc4c4ccccc43)c(-n3c4ccccc4c4ccccc43)nc2c1,outside_MR_TADF,outside_CzBN_domain,outside_CzBN_domain
E00_133_00216,CC(C)(C)c1ccc2c(c1)c1cc3c4cc(C(C)(C)C)ccc4c4c5c6ccc(C(C)(C)C)cc6c6cc7c8cc(C(C)(C)C)ccc8c8c2c1c(c34)c(c78)c65,PFPFHKQGWPNSRM-UHFFFAOYSA-N,,10.1021/jo0613939,toluene,1,2.0404199999162693,2.0404199999162693,0.0,2.0404199999162693,2.0404199999162693,0.0,2.0404199999162693,general_only,C1CCC2C(C1)C1CC3C4CCCCC4C4C5C6CCCCC6C6CC7C8CCCCC8C8C2C1C(C34)C(C78)C65,c1ccc2c(c1)c1cc3c4ccccc4c4c5c6ccccc6c6cc7c8ccccc8c8c2c1c(c34)c(c78)c65,outside_MR_TADF,outside_CzBN_domain,outside_CzBN_domain
E00_133_00217,CC(C)(C)c1ccc2c(c1)sc1[n+]2[B-](F)(F)n2c(c3cccc4c(Br)ccc2c43)=C1C#N,UUGYCEODRBQPMF-UHFFFAOYSA-N,,DOI: 10.1021/ol503379c,toluene,1,2.2430481274676244,2.2430481274676244,0.0,2.2430481274676244,2.2430481274676244,0.0,2.2430481274676244,general_only,C1CCC2C(C1)CC1CC3C(CC12)C1CCCC2CCCC3C21,[BH2-]1n2c(c3cccc4cccc2c43)=Cc2sc3ccccc3[n+]21,outside_MR_TADF,outside_CzBN_domain,outside_CzBN_domain
E00_133_00218,CC(C)(C)c1ccc2c(c1)sc1[n+]2[B-](F)(F)n2c(c3cccc4c(Br)ccc2c43)=N1,GAHMYYSFIMQOSL-UHFFFAOYSA-N,,DOI: 10.1021/ol503379c,toluene,1,2.4281860265489437,2.4281860265489437,0.0,2.4281860265489437,2.4281860265489437,0.0,2.4281860265489437,general_only,C1CCC2C(C1)CC1CC3C(CC12)C1CCCC2CCCC3C21,[BH2-]1n2c(c3cccc4cccc2c43)=Nc2sc3ccccc3[n+]21,outside_MR_TADF,outside_CzBN_domain,outside_CzBN_domain
E00_133_00219,CC(C)(C)c1ccc2c(c1)sc1[n+]2[B-](F)(F)n2c(c3cccc4cccc2c43)=C1C#N,GPALQXLVYDHWBZ-UHFFFAOYSA-N,,DOI: 10.1021/ol503379c,toluene,1,2.3096373632091014,2.3096373632091014,0.0,2.3096373632091014,2.3096373632091014,0.0,2.3096373632091014,general_only,C1CCC2C(C1)CC1CC3C(CC12)C1CCCC2CCCC3C21,[BH2-]1n2c(c3cccc4cccc2c43)=Cc2sc3ccccc3[n+]21,outside_MR_TADF,outside_CzBN_domain,outside_CzBN_domain
E00_133_00220,CC(C)(C)c1ccc2c(c1)sc1[n+]2[B-](F)(F)n2c(c3cccc4cccc2c43)=N1,LHFFBXZCXRCOCQ-UHFFFAOYSA-N,,DOI: 10.1021/ol503379c,toluene,1,2.5010166072968003,2.5010166072968003,0.0,2.5010166072968003,2.5010166072968003,0.0,2.5010166072968003,general_only,C1CCC2C(C1)CC1CC3C(CC12)C1CCCC2CCCC3C21,[BH2-]1n2c(c3cccc4cccc2c43)=Nc2sc3ccccc3[n+]21,outside_MR_TADF,outside_CzBN_domain,outside_CzBN_domain
E00_133_00221,CC(C)(C)c1ccc2c3c(c4ccc(C(C)(C)C)cc4c2c1)=[N+]1C(=C(c2ccccc2)c2c(Br)c4c5ccc(C(C)(C)C)cc5c5cc(C(C)(C)C)ccc5c4n2[B-]1(F)F)C=3Br,MULQPAHVORSYDM-UHFFFAOYSA-N,,DOI: 10.1021/acs.joc.9b01425,toluene,1,1.7643832289273678,1.7643832289273678,0.0,1.7643832289273678,1.7643832289273678,0.0,1.7643832289273678,general_only,C1CCC(C2C3CC4C5CCCCC5C5CCCCC5C4C3CC3C2CC2C4CCCCC4C4CCCCC4C23)CC1,[BH2-]1n2c(cc3c4ccccc4c4ccccc4c32)C(c2ccccc2)=C2C=c3c(c4ccccc4c4ccccc34)=[N+]12,outside_MR_TADF,outside_CzBN_domain,outside_CzBN_domain
E00_133_00222,CC(C)(C)c1ccc2c3c(c4ccc(C(C)(C)C)cc4c2c1)=[N+]1C(=C(c2ccccc2)c2cc4c5ccc(C(C)(C)C)cc5c5cc(C(C)(C)C)ccc5c4n2[B-]1(F)F)C=3,IXEGPXLCWVEIQP-UHFFFAOYSA-N,,DOI: 10.1021/acs.joc.9b01425,toluene,1,1.7629369753163764,1.7629369753163764,0.0,1.7629369753163764,1.7629369753163764,0.0,1.7629369753163764,general_only,C1CCC(C2C3CC4C5CCCCC5C5CCCCC5C4C3CC3C2CC2C4CCCCC4C4CCCCC4C23)CC1,[BH2-]1n2c(cc3c4ccccc4c4ccccc4c32)C(c2ccccc2)=C2C=c3c(c4ccccc4c4ccccc34)=[N+]12,outside_MR_TADF,outside_CzBN_domain,outside_CzBN_domain
E00_133_00223,CC(C)(C)c1ccc2oc(-c3ccc(-c4nc5cc(C(C)(C)C)ccc5o4)s3)nc2c1,AIXZBGVLNVRQSS-UHFFFAOYSA-N,,dx.doi.org/10.1021/jp207136k,toluene,1,3.0775075987841944,3.0775075987841944,0.0,3.0775075987841944,3.0775075987841944,0.0,3.0775075987841944,general_only,C1CCC2CC(C3CCC(C4CC5CCCCC5C4)C3)CC2C1,c1ccc2oc(-c3ccc(-c4nc5ccccc5o4)s3)nc2c1,outside_MR_TADF,outside_CzBN_domain,outside_CzBN_domain
E00_133_00224,CC(C)(C)c1ccccc1N(c1ccccc1)c1ccc(S(=O)(=O)c2ccc(S(=O)(=O)c3ccc(N(c4ccccc4)c4ccccc4C(C)(C)C)cc3)cc2)cc1,ZWXMFBCCCZLNCK-UHFFFAOYSA-N,,DOI: 10.1021/acs.chemmater.7b02964,toluene,1,3.178005591798695,3.178005591798695,0.0,3.178005591798695,3.178005591798695,0.0,3.178005591798695,general_only,CC(C)(C1CCC(C(C2CCCCC2)C2CCCCC2)CC1)C1CCC(C(C)(C)C2CCC(C(C3CCCCC3)C3CCCCC3)CC2)CC1,O=S(=O)(c1ccc(N(c2ccccc2)c2ccccc2)cc1)c1ccc(S(=O)(=O)c2ccc(N(c3ccccc3)c3ccccc3)cc2)cc1,outside_MR_TADF,outside_CzBN_domain,outside_CzBN_domain
E00_133_00225,CC(C)(c1ccccc1)c1ccc(N(c2ccc(C(C)(C)c3ccccc3)cc2)c2ccc3c(c2)c2cc(N(c4ccc(C(C)(C)c5ccccc5)cc4)c4ccc(C(C)(C)c5ccccc5)cc4)cc4c2n3-c2cc(-c3cc(-c5ccccc5)nc(-c5ccccc5)n3)cc3c2B4c2cc(N(c4ccc(C(C)(C)c5ccccc5)cc4)c4ccc(C(C)(C)c5ccccc5)cc4)cc4c5cc(N(c6ccc(C(C)(C)c7ccccc7)cc6)c6ccc(C(C)(C)c7ccccc7)cc6)ccc5n-3c24)cc1,AIWHKJWGLDRGBP-UHFFFAOYSA-N,BN-R1,"Adv. Optical Mater. 2023, 2302811",toluene,1,2.119027622247107,2.119027622247107,0.0,2.119027622247107,2.119027622247107,0.0,2.119027622247107,MR_TADF_only,C1CCC(CC2CCC(C(C3CCC(CC4CCCCC4)CC3)C3CCC4C(C3)C3CC(C(C5CCC(CC6CCCCC6)CC5)C5CCC(CC6CCCCC6)CC5)CC5C3C4C3CC(C4CC(C6CCCCC6)CC(C6CCCCC6)C4)CC4C6C7CCC(C(C8CCC(CC9CCCCC9)CC8)C8CCC(CC9CCCCC9)CC8)CC7C7CC(C(C8CCC(CC9CCCCC9)CC8)C8CCC(CC9CCCCC9)CC8)CC(C76)C5C34)CC2)CC1,c1ccc(Cc2ccc(N(c3ccc(Cc4ccccc4)cc3)c3ccc4c(c3)c3cc(N(c5ccc(Cc6ccccc6)cc5)c5ccc(Cc6ccccc6)cc5)cc5c3n4-c3cc(-c4cc(-c6ccccc6)nc(-c6ccccc6)n4)cc4c3B5c3cc(N(c5ccc(Cc6ccccc6)cc5)c5ccc(Cc6ccccc6)cc5)cc5c6cc(N(c7ccc(Cc8ccccc8)cc7)c7ccc(Cc8ccccc8)cc7)ccc6n-4c35)cc2)cc1,exact_CzBN_core_derivative,nitrogen_heteroaryl,CZBN_CLUSTER_09
E00_133_00226,CC(C)(c1ccccc1)c1ccc(N(c2ccc(C(C)(C)c3ccccc3)cc2)c2ccc3c(c2)c2cc(N(c4ccc(C(C)(C)c5ccccc5)cc4)c4ccc(C(C)(C)c5ccccc5)cc4)cc4c2n3-c2cc(-c3cnc(-c5ccccc5)nc3)cc3c2B4c2cc(N(c4ccc(C(C)(C)c5ccccc5)cc4)c4ccc(C(C)(C)c5ccccc5)cc4)cc4c5cc(N(c6ccc(C(C)(C)c7ccccc7)cc6)c6ccc(C(C)(C)c7ccccc7)cc6)ccc5n-3c24)cc1,PMOBSQJPXJMCAK-UHFFFAOYSA-N,BN-R3,"Adv. Optical Mater. 2023, 2302811",toluene,1,2.1912159211429287,2.1912159211429287,0.0,2.1912159211429287,2.1912159211429287,0.0,2.1912159211429287,MR_TADF_only,C1CCC(CC2CCC(C(C3CCC(CC4CCCCC4)CC3)C3CCC4C(C3)C3CC(C(C5CCC(CC6CCCCC6)CC5)C5CCC(CC6CCCCC6)CC5)CC5C3C4C3CC(C4CCC(C6CCCCC6)CC4)CC4C6C7CCC(C(C8CCC(CC9CCCCC9)CC8)C8CCC(CC9CCCCC9)CC8)CC7C7CC(C(C8CCC(CC9CCCCC9)CC8)C8CCC(CC9CCCCC9)CC8)CC(C76)C5C34)CC2)CC1,c1ccc(Cc2ccc(N(c3ccc(Cc4ccccc4)cc3)c3ccc4c(c3)c3cc(N(c5ccc(Cc6ccccc6)cc5)c5ccc(Cc6ccccc6)cc5)cc5c3n4-c3cc(-c4cnc(-c6ccccc6)nc4)cc4c3B5c3cc(N(c5ccc(Cc6ccccc6)cc5)c5ccc(Cc6ccccc6)cc5)cc5c6cc(N(c7ccc(Cc8ccccc8)cc7)c7ccc(Cc8ccccc8)cc7)ccc6n-4c35)cc2)cc1,exact_CzBN_core_derivative,nitrogen_heteroaryl,CZBN_CLUSTER_09
E00_133_00227,CC(C)(c1ccccc1)c1ccc(N(c2ccc(C(C)(C)c3ccccc3)cc2)c2ccc3c(c2)c2cc(N(c4ccc(C(C)(C)c5ccccc5)cc4)c4ccc(C(C)(C)c5ccccc5)cc4)cc4c2n3-c2cc(-c3nc(-c5ccccc5)cc(-c5ccccc5)n3)cc3c2B4c2cc(N(c4ccc(C(C)(C)c5ccccc5)cc4)c4ccc(C(C)(C)c5ccccc5)cc4)cc4c5cc(N(c6ccc(C(C)(C)c7ccccc7)cc6)c6ccc(C(C)(C)c7ccccc7)cc6)ccc5n-3c24)cc1,RXABAGGGUNDNJG-UHFFFAOYSA-N,BN-R2,"Adv. Optical Mater. 2023, 2302811",toluene,1,2.145219653697778,2.145219653697778,0.0,2.145219653697778,2.145219653697778,0.0,2.145219653697778,MR_TADF_only,C1CCC(CC2CCC(C(C3CCC(CC4CCCCC4)CC3)C3CCC4C(C3)C3CC(C(C5CCC(CC6CCCCC6)CC5)C5CCC(CC6CCCCC6)CC5)CC5C3C4C3CC(C4CC(C6CCCCC6)CC(C6CCCCC6)C4)CC4C6C7CCC(C(C8CCC(CC9CCCCC9)CC8)C8CCC(CC9CCCCC9)CC8)CC7C7CC(C(C8CCC(CC9CCCCC9)CC8)C8CCC(CC9CCCCC9)CC8)CC(C76)C5C34)CC2)CC1,c1ccc(Cc2ccc(N(c3ccc(Cc4ccccc4)cc3)c3ccc4c(c3)c3cc(N(c5ccc(Cc6ccccc6)cc5)c5ccc(Cc6ccccc6)cc5)cc5c3n4-c3cc(-c4nc(-c6ccccc6)cc(-c6ccccc6)n4)cc4c3B5c3cc(N(c5ccc(Cc6ccccc6)cc5)c5ccc(Cc6ccccc6)cc5)cc5c6cc(N(c7ccc(Cc8ccccc8)cc7)c7ccc(Cc8ccccc8)cc7)ccc6n-4c35)cc2)cc1,exact_CzBN_core_derivative,nitrogen_heteroaryl,CZBN_CLUSTER_09
E00_133_00228,CC(C)CCCCN1CCc2c1ccc1c3c(ccc21)C(=O)CCC3,OJTWRLDRDVIRFB-UHFFFAOYSA-N,,https://doi.org/10.1016/j.jphotochem.2012.04.011,toluene,1,3.0564640246248556,3.0564640246248556,0.0,3.0564640246248556,3.0564640246248556,0.0,3.0564640246248556,general_only,CC1CCCC2C1CCC1C3CCCC3CCC21,O=C1CCCc2c1ccc1c3c(ccc21)NCC3,outside_MR_TADF,outside_CzBN_domain,outside_CzBN_domain
E00_133_00229,CC(C)CCCCN1CCc2c1ccc1c3c(ccc21)CCCC3=O,KVDJPLMEBCTARW-UHFFFAOYSA-N,,https://doi.org/10.1016/j.jphotochem.2012.04.011,toluene,1,2.574532635040084,2.574532635040084,0.0,2.574532635040084,2.574532635040084,0.0,2.574532635040084,general_only,CC1CCCC2CCC3C4CCCC4CCC3C12,O=C1CCCc2ccc3c4c(ccc3c21)NCC4,outside_MR_TADF,outside_CzBN_domain,outside_CzBN_domain
E00_133_00230,CC(C)CCC[C@@H](C)[C@H]1CC[C@H]2[C@@H]3CC=C4C[C@@H](OC(=O)Oc5cc(/C=C/C=C/c6ccc(N(C)C)cc6)ccc5[N+](=O)[O-])CC[C@]4(C)[C@H]3CC[C@]12C,AOKMDKCXNKOIDJ-QVERNMHWSA-N,,https://doi.org/10.1016/j.jphotochem.2014.02.013,toluene,1,2.4106702283562433,2.4106702283562433,0.0,2.4106702283562433,2.4106702283562433,0.0,2.4106702283562433,general_only,CC(CC1CCCC(CCCCC2CCCCC2)C1)CC1CCC2C(CCC3C4CCCC4CCC23)C1,O=C(Oc1cccc(/C=C/C=C/c2ccccc2)c1)O[C@H]1CCC2C(=CC[C@H]3[C@@H]4CCCC4CC[C@H]23)C1,outside_MR_TADF,outside_CzBN_domain,outside_CzBN_domain
E00_133_00231,CC(C)CCC[C@@H](C)[C@H]1CC[C@H]2[C@@H]3CC=C4C[C@@H](OC(=O)Oc5cc(/C=C/c6ccc(N(C)C)cc6)ccc5[N+](=O)[O-])CC[C@]4(C)[C@H]3CC[C@]12C,FBAHXZNCNGFYFH-ZXHDDSFKSA-N,,https://doi.org/10.1016/j.jphotochem.2014.02.013,toluene,1,2.649997771538084,2.649997771538084,0.0,2.649997771538084,2.649997771538084,0.0,2.649997771538084,general_only,CC(CC1CCCC(CCC2CCCCC2)C1)CC1CCC2C(CCC3C4CCCC4CCC23)C1,O=C(Oc1cccc(/C=C/c2ccccc2)c1)O[C@H]1CCC2C(=CC[C@H]3[C@@H]4CCCC4CC[C@H]23)C1,outside_MR_TADF,outside_CzBN_domain,outside_CzBN_domain
E00_133_00232,CC(C)[Si](C#Cc1c2ccc(C(C)(C)C)cc2c(C#C[Si](C(C)C)(C(C)C)C(C)C)c2ccc(C(C)(C)C)cc12)(C(C)C)C(C)C,PMYVLQSBMYSIMQ-UHFFFAOYSA-N,,DOI: 10.1021/acs.joc.8b00311,toluene,1,2.753993295208046,2.753993295208046,0.0,2.753993295208046,2.753993295208046,0.0,2.753993295208046,general_only,C1CCC2CC3CCCCC3CC2C1,c1ccc2cc3ccccc3cc2c1,outside_MR_TADF,outside_CzBN_domain,outside_CzBN_domain
E00_133_00233,CC(C)[Si](C#Cc1c2ccc(C(C)(C)C)cc2c(C#Cc2c3ccc(C(C)(C)C)cc3c(C#C[Si](C(C)C)(C(C)C)C(C)C)c3ccc(C(C)(C)C)cc23)c2ccc(C(C)(C)C)cc12)(C(C)C)C(C)C,JTTYJZNFSLORRW-UHFFFAOYSA-N,,DOI: 10.1021/acs.joc.8b00311,toluene,1,2.3314943292465267,2.3314943292465267,0.0,2.3314943292465267,2.3314943292465267,0.0,2.3314943292465267,general_only,C1CCC2C(C1)CC1CCCCC1C2CCC1C2CCCCC2CC2CCCCC21,C(#Cc1c2ccccc2cc2ccccc12)c1c2ccccc2cc2ccccc12,outside_MR_TADF,outside_CzBN_domain,outside_CzBN_domain
E00_133_00234,CC(C)[Si](C#Cc1c2ccc(C(C)(C)C)cc2c(C#Cc2c3ccc(C(C)(C)C)cc3c(C#Cc3c4ccc(C(C)(C)C)cc4c(C#C[Si](C(C)C)(C(C)C)C(C)C)c4ccc(C(C)(C)C)cc34)c3ccc(C(C)(C)C)cc23)c2ccc(C(C)(C)C)cc12)(C(C)C)C(C)C,RILKIVSLSWQZSU-UHFFFAOYSA-N,,DOI: 10.1021/acs.joc.8b00311,toluene,1,2.1403508771929824,2.1403508771929824,0.0,2.1403508771929824,2.1403508771929824,0.0,2.1403508771929824,general_only,C1CCC2C(C1)CC1CCCCC1C2CCC1C2CCCCC2C(CCC2C3CCCCC3CC3CCCCC32)C2CCCCC21,C(#Cc1c2ccccc2c(C#Cc2c3ccccc3cc3ccccc23)c2ccccc12)c1c2ccccc2cc2ccccc12,outside_MR_TADF,outside_CzBN_domain,outside_CzBN_domain
E00_133_00235,CC(C)[Si](C#Cc1c2ccccc2c(C#Cc2c3ccccc3c(C#Cc3c4ccccc4c(C#Cc4c5ccccc5c(C#C[Si](C(C)C)(C(C)C)C(C)C)c5ccccc45)c4ccccc34)c3ccccc23)c2ccccc12)(C(C)C)C(C)C,VZJUTEIOUADBAF-UHFFFAOYSA-N,,DOI: 10.1021/acs.joc.8b00311,toluene,1,2.0833544935926733,2.0833544935926733,0.0,2.0833544935926733,2.0833544935926733,0.0,2.0833544935926733,general_only,C1CCC2C(C1)CC1CCCCC1C2CCC1C2CCCCC2C(CCC2C3CCCCC3C(CCC3C4CCCCC4CC4CCCCC43)C3CCCCC32)C2CCCCC21,C(#Cc1c2ccccc2c(C#Cc2c3ccccc3c(C#Cc3c4ccccc4cc4ccccc34)c3ccccc23)c2ccccc12)c1c2ccccc2cc2ccccc12,outside_MR_TADF,outside_CzBN_domain,outside_CzBN_domain
E00_133_00236,CC(C)[Si](C#Cc1c2ccccc2c(C#Cc2c3ccccc3c(C#Cc3c4ccccc4c(C#Cc4c5ccccc5c(C#Cc5c6ccccc6c(C#C[Si](C(C)C)(C(C)C)C(C)C)c6ccccc56)c5ccccc45)c4ccccc34)c3ccccc23)c2ccccc12)(C(C)C)C(C)C,JGOGWYODIXQVKZ-UHFFFAOYSA-N,,DOI: 10.1021/acs.joc.8b00311,toluene,1,2.0550136505192684,2.0550136505192684,0.0,2.0550136505192684,2.0550136505192684,0.0,2.0550136505192684,general_only,C1CCC2C(C1)CC1CCCCC1C2CCC1C2CCCCC2C(CCC2C3CCCCC3C(CCC3C4CCCCC4C(CCC4C5CCCCC5CC5CCCCC54)C4CCCCC43)C3CCCCC32)C2CCCCC21,C(#Cc1c2ccccc2c(C#Cc2c3ccccc3c(C#Cc3c4ccccc4c(C#Cc4c5ccccc5cc5ccccc45)c4ccccc34)c3ccccc23)c2ccccc12)c1c2ccccc2cc2ccccc12,outside_MR_TADF,outside_CzBN_domain,outside_CzBN_domain
E00_133_00237,CC(C)[Si](C#Cc1c2ccccc2c(C#Cc2c3ccccc3c(C#Cc3c4ccccc4c(C#Cc4c5ccccc5c(C#Cc5c6ccccc6c(C#Cc6c7ccccc7c(C#C[Si](C(C)C)(C(C)C)C(C)C)c7ccccc67)c6ccccc56)c5ccccc45)c4ccccc34)c3ccccc23)c2ccccc12)(C(C)C)C(C)C,JYXFIUPAGZLOMU-UHFFFAOYSA-N,,DOI: 10.1021/acs.joc.8b00311,toluene,1,2.0383231528742365,2.0383231528742365,0.0,2.0383231528742365,2.0383231528742365,0.0,2.0383231528742365,general_only,C1CCC2C(C1)CC1CCCCC1C2CCC1C2CCCCC2C(CCC2C3CCCCC3C(CCC3C4CCCCC4C(CCC4C5CCCCC5C(CCC5C6CCCCC6CC6CCCCC65)C5CCCCC54)C4CCCCC43)C3CCCCC32)C2CCCCC21,C(#Cc1c2ccccc2c(C#Cc2c3ccccc3c(C#Cc3c4ccccc4c(C#Cc4c5ccccc5c(C#Cc5c6ccccc6cc6ccccc56)c5ccccc45)c4ccccc34)c3ccccc23)c2ccccc12)c1c2ccccc2cc2ccccc12,outside_MR_TADF,outside_CzBN_domain,outside_CzBN_domain
E00_133_00238,CC(C)[Si](C#Cc1ccc(-c2c3cccc4c5cccc6c(-c7ccc(C#C[Si](C(C)C)(C(C)C)C(C)C)cc7)c7cccc8c9cccc2c9c(c34)c(c65)c78)cc1)(C(C)C)C(C)C,HFTKHJTYCRHDKQ-UHFFFAOYSA-N,,DOI: 10.1021/jo902413h,toluene,1,1.6861531407611188,1.6861531407611188,0.0,1.6861531407611188,1.6861531407611188,0.0,1.6861531407611188,general_only,C1CCC(C2C3CCCC4C5CCCC6C(C7CCCCC7)C7CCCC8C9CCCC2C9C(C43)C(C56)C87)CC1,c1ccc(-c2c3cccc4c5cccc6c(-c7ccccc7)c7cccc8c9cccc2c9c(c34)c(c65)c78)cc1,outside_MR_TADF,outside_CzBN_domain,outside_CzBN_domain
E00_133_00239,CC(C)c1cc(C(C)C)c(-c2cc3c4c(c2)-n2c5ccc(C(C)(C)C)cc5c5cc(C(C)(C)C)cc(c52)B4c2cc(C(C)(C)C)cc4c5cc(C(C)(C)C)ccc5n-3c24)c(C(C)C)c1,OMJQXTHCZGWUPP-UHFFFAOYSA-N,TiP-DtCzB,"J. Mater. Chem. C, 2022, 10, 15408–15415",toluene,1,2.6388832289643247,2.6388832289643247,0.0,2.6388832289643247,2.6388832289643247,0.0,2.6388832289643247,MR_TADF_only,C1CCC(C2CC3C4C5CCCCC5C5CCCC(C54)C4C5CCCC6C7CCCCC7C(C(C2)C34)C65)CC1,c1ccc(-c2cc3c4c(c2)-n2c5ccccc5c5cccc(c52)B4c2cccc4c5ccccc5n-3c24)cc1,exact_CzBN_core_derivative,aryl_expansion,CZBN_CLUSTER_41
E00_133_00240,CC(C)c1cc(C(C)C)c(-c2nnc(-c3ccc(-n4c5ccccc5c5ccccc54)cc3)o2)c(C(C)C)c1,YULHZGAHJAFGLB-UHFFFAOYSA-N,,DOI: 10.1021/jo201488v,toluene,1,3.4680917459822123,3.4680917459822123,0.0,3.4680917459822123,3.4680917459822123,0.0,3.4680917459822123,general_only,C1CCC(C2CCC(C3CCC(C4C5CCCCC5C5CCCCC54)CC3)C2)CC1,c1ccc(-c2nnc(-c3ccc(-n4c5ccccc5c5ccccc54)cc3)o2)cc1,outside_MR_TADF,outside_CzBN_domain,outside_CzBN_domain
E00_133_00241,CC(C)c1cc(C(C)C)c(B2c3ccccc3Oc3cc(N4c5ccccc5C(C)(C)c5ccccc54)ccc32)c(C(C)C)c1,MWSJDTVAEQFZMK-UHFFFAOYSA-N,,DOI: 10.1039/C5CC00307E,toluene,1,2.7272815065185902,2.7272815065185902,0.0,2.7272815065185902,2.7272815065185902,0.0,2.7272815065185902,general_only,C1CCC(C2C3CCCCC3CC3CC(C4C5CCCCC5CC5CCCCC54)CCC32)CC1,c1ccc(B2c3ccccc3Oc3cc(N4c5ccccc5Cc5ccccc54)ccc32)cc1,outside_MR_TADF,outside_CzBN_domain,outside_CzBN_domain
E00_133_00242,CC(C)c1cc(C(C)C)c(B2c3ccccc3Oc3cc(N4c5ccccc5C5(c6ccccc6-c6ccccc65)c5ccccc54)ccc32)c(C(C)C)c1,MWVWJNYTBBAHFV-UHFFFAOYSA-N,,DOI: 10.1039/C5CC00307E,toluene,1,2.8015095879232965,2.8015095879232965,0.0,2.8015095879232965,2.8015095879232965,0.0,2.8015095879232965,general_only,C1CCC(C2C3CCCCC3CC3CC(C4C5CCCCC5C5(C6CCCCC6C6CCCCC65)C5CCCCC45)CCC32)CC1,c1ccc(B2c3ccccc3Oc3cc(N4c5ccccc5C5(c6ccccc6-c6ccccc65)c5ccccc54)ccc32)cc1,outside_MR_TADF,outside_CzBN_domain,outside_CzBN_domain
E00_133_00243,CC(C)c1cc(C(C)C)c(B2c3ccccc3Oc3cc(N4c5ccccc5C5(c6ccccc6Oc6ccccc65)c5ccccc54)ccc32)c(C(C)C)c1,YDFIZJQWKNBDRK-UHFFFAOYSA-N,,DOI: 10.1039/C5CC00307E,toluene,1,2.8199442833589172,2.8199442833589172,0.0,2.8199442833589172,2.8199442833589172,0.0,2.8199442833589172,general_only,C1CCC(C2C3CCCCC3CC3CC(C4C5CCCCC5C5(C6CCCCC6CC6CCCCC65)C5CCCCC45)CCC32)CC1,c1ccc(B2c3ccccc3Oc3cc(N4c5ccccc5C5(c6ccccc6Oc6ccccc65)c5ccccc54)ccc32)cc1,outside_MR_TADF,outside_CzBN_domain,outside_CzBN_domain
E00_133_00244,CC(C)c1cccc(C(C)C)c1N1C(=O)c2cc(Cl)c3c4c(Cl)cc5c6c(cc(Cl)c(c7c(Cl)cc(c2c37)C1=O)c64)C(=O)N(c1c(C(C)C)cccc1C(C)C)C5=O,LELHJBGISZKCNW-UHFFFAOYSA-N,,DOI: 10.1021/acs.joc.9b01131,toluene,1,2.3086568570399315,2.3086568570399315,0.0,2.3086568570399315,2.3086568570399315,0.0,2.3086568570399315,general_only,CC1C2CCC3C4CCC5C(C)C(C6CCCCC6)C(C)C6CCC(C7CCC(C(C)C1C1CCCCC1)C2C37)C4C56,O=C1c2ccc3c4ccc5c6c(ccc(c7ccc(c2c37)C(=O)N1c1ccccc1)c64)C(=O)N(c1ccccc1)C5=O,outside_MR_TADF,outside_CzBN_domain,outside_CzBN_domain
E00_133_00245,CC(C)c1cccc(C(C)C)c1N1C(=O)c2cc(Oc3ccc(C(C)(C)C)cc3)c3c4c(Oc5ccc(C(C)(C)C)cc5)cc5c6c(cc(Oc7ccc(C(C)(C)C)cc7)c(c7c(Oc8ccc(C(C)(C)C)cc8)cc(c2c37)C1=O)c64)C(=O)N(c1c(C(C)C)cccc1C(C)C)C5=O,FWBMUFREAVBYDX-UHFFFAOYSA-N,,DOI: 10.1021/acs.joc.9b01131,toluene,1,2.081855596339062,2.081855596339062,0.0,2.081855596339062,2.081855596339062,0.0,2.081855596339062,general_only,CC1C2CC(CC3CCCCC3)C3C4C(CC5CCCCC5)CC5C(C)C(C6CCCCC6)C(C)C6CC(CC7CCCCC7)C(C7C(CC8CCCCC8)CC(C(C)C1C1CCCCC1)C2C37)C4C56,O=C1c2cc(Oc3ccccc3)c3c4c(Oc5ccccc5)cc5c6c(cc(Oc7ccccc7)c(c7c(Oc8ccccc8)cc(c2c37)C(=O)N1c1ccccc1)c64)C(=O)N(c1ccccc1)C5=O,outside_MR_TADF,outside_CzBN_domain,outside_CzBN_domain
E00_133_00246,CC1(C)C2=C(c3ccc(N(c4ccccc4)c4ccccc4)cc31)P(=O)(c1ccccc1)c1ccccc12,KEWJRYUQASZZBS-UHFFFAOYSA-N,,DOI: 10.1021/acs.inorgchem.7b00658,toluene,1,2.696560829221247,2.696560829221247,0.0,2.696560829221247,2.696560829221247,0.0,2.696560829221247,general_only,CC1(C2CCCCC2)C2CCCCC2C2CC3CC(C(C4CCCCC4)C4CCCCC4)CCC3C21,O=P1(c2ccccc2)C2=C(Cc3cc(N(c4ccccc4)c4ccccc4)ccc32)c2ccccc21,outside_MR_TADF,outside_CzBN_domain,outside_CzBN_domain
E00_133_00247,CC1(C)CC(/C=C/c2cn(-c3ccccc3)nc2-c2ccccc2)=CC(=C(C#N)C#N)C1,LBFJQDXZTYHKSF-BUHFOSPRSA-N,,https://doi.org/10.1016/j.dyepig.2015.11.014,toluene,1,2.6131057519105996,2.6131057519105996,0.0,2.6131057519105996,2.6131057519105996,0.0,2.6131057519105996,general_only,CC1CCCC(CCC2CC(C3CCCCC3)CC2C2CCCCC2)C1,C=C1C=C(/C=C/c2cn(-c3ccccc3)nc2-c2ccccc2)CCC1,outside_MR_TADF,outside_CzBN_domain,outside_CzBN_domain
E00_133_00248,CC1(C)Nc2cc(Cl)ccc2-c2[nH]c3ccccc3c(=O)c21,IEMOAXKZPIMXAO-UHFFFAOYSA-N,,DOI: 10.1021/acs.orglett.5b02680,toluene,1,2.8824795523030566,2.8824795523030566,0.0,2.8824795523030566,2.8824795523030566,0.0,2.8824795523030566,general_only,CC1C2CCCCC2CC2C3CCCCC3CCC12,O=c1c2c([nH]c3ccccc13)-c1ccccc1NC2,outside_MR_TADF,outside_CzBN_domain,outside_CzBN_domain
E00_133_00249,CC1(C)Nc2ccccc2-c2[nH]c3ccccc3c(=O)c21,GQMQMJSOTYXHAS-UHFFFAOYSA-N,,DOI: 10.1021/acs.orglett.5b02680,toluene,1,2.866348195329087,2.866348195329087,0.0,2.866348195329087,2.866348195329087,0.0,2.866348195329087,general_only,CC1C2CCCCC2CC2C3CCCCC3CCC12,O=c1c2c([nH]c3ccccc13)-c1ccccc1NC2,outside_MR_TADF,outside_CzBN_domain,outside_CzBN_domain
E00_133_00250,CC1(C)OB(c2cc3ccc4cc(B5OC(C)(C)C(C)(C)O5)cc5ccc(c2)c3c45)OC1(C)C,OSXGWTSPWMDJLH-UHFFFAOYSA-N,,http://dx.doi.org/10.1021/ja2006862,toluene,1,3.107788944723618,3.107788944723618,0.0,3.107788944723618,3.107788944723618,0.0,3.107788944723618,general_only,C1CCC(C2CC3CCC4CC(C5CCCC5)CC5CCC(C2)C3C45)C1,c1cc2cc(B3OCCO3)cc3ccc4cc(B5OCCO5)cc1c4c23,outside_MR_TADF,outside_CzBN_domain,outside_CzBN_domain
E00_133_00251,CC1(C)OB(c2cc3ccc4cccc5ccc(c2)c3c45)OC1(C)C,PORWCBOPAQPLHP-UHFFFAOYSA-N,,http://dx.doi.org/10.1021/ja2006862,toluene,1,3.2166072269699213,3.2166072269699213,0.0,3.2166072269699213,3.2166072269699213,0.0,3.2166072269699213,general_only,C1CCC(C2CC3CCC4CCCC5CCC(C2)C3C45)C1,c1cc2ccc3cc(B4OCCO4)cc4ccc(c1)c2c34,outside_MR_TADF,outside_CzBN_domain,outside_CzBN_domain
E00_133_00252,CC1(C)OB(c2ccc3ccc4cccc5ccc2c3c45)OC1(C)C,PHBXSUBZBOVYKO-UHFFFAOYSA-N,,http://dx.doi.org/10.1021/ja2006862,toluene,1,3.276095545224833,3.276095545224833,0.0,3.276095545224833,3.276095545224833,0.0,3.276095545224833,general_only,C1CCC(C2CCC3CCC4CCCC5CCC2C3C45)C1,c1cc2ccc3ccc(B4OCCO4)c4ccc(c1)c2c34,outside_MR_TADF,outside_CzBN_domain,outside_CzBN_domain
E00_133_00253,CC1(C)[C@@H]2CC[C@]1(C)c1nc3cc(-c4cccs4)ccc3nc12,LEIKIRWXOLSTQS-ZUOKHONESA-N,,http://dx.doi.org/10.1021/jo500053m,toluene,1,3.3341960716647976,3.3341960716647976,0.0,3.3341960716647976,3.3341960716647976,0.0,3.3341960716647976,general_only,C1CCC(C2CCC3CC4C5CCC(C5)C4CC3C2)C1,c1csc(-c2ccc3nc4c(nc3c2)C2CC[C@H]4C2)c1,outside_MR_TADF,outside_CzBN_domain,outside_CzBN_domain
E00_133_00254,CC1(C)c2cc(-n3c4ccccc4c4ccccc43)ccc2N(c2ccc(-c3cc(-c4ccccc4)nc(-c4ccccc4)n3)cc2)c2ccc(-n3c4ccccc4c4ccccc43)cc21,CVNCALJHBQBLGV-UHFFFAOYSA-N,,10.1002/adom.201600843,toluene,1,2.9144429761739135,2.9144429761739135,0.0,2.9144429761739135,2.9144429761739135,0.0,2.9144429761739135,general_only,C1CCC(C2CC(C3CCCCC3)CC(C3CCC(C4C5CCC(C6C7CCCCC7C7CCCCC76)CC5CC5CC(C6C7CCCCC7C7CCCCC76)CCC54)CC3)C2)CC1,c1ccc(-c2cc(-c3ccc(N4c5ccc(-n6c7ccccc7c7ccccc76)cc5Cc5cc(-n6c7ccccc7c7ccccc76)ccc54)cc3)nc(-c3ccccc3)n2)cc1,outside_MR_TADF,outside_CzBN_domain,outside_CzBN_domain
E00_133_00255,CC1(C)c2cc(C#N)ccc2-c2ccc(N3c4ccccc4Oc4ccccc43)cc21,LKGYDUJLTFAGPV-UHFFFAOYSA-N,,DOI: 10.1039/c9cp00796b,toluene,1,2.862844205760017,2.862844205760017,0.0,2.862844205760017,2.862844205760017,0.0,2.862844205760017,general_only,C1CCC2C(C1)CC1CC(C3C4CCCCC4CC4CCCCC43)CCC12,c1ccc2c(c1)Cc1cc(N3c4ccccc4Oc4ccccc43)ccc1-2,outside_MR_TADF,outside_CzBN_domain,outside_CzBN_domain
E00_133_00256,CC1(C)c2cccc(-c3nc(-c4ccccc4)nc(-c4ccccc4)n3)c2Oc2c(-n3c4ccccc4c4ccccc43)cccc21,VXKCRVSVYUKPQD-UHFFFAOYSA-N,,DOI: 10.1021/jacs.7b00873,toluene,1,3.297895422000434,3.297895422000434,0.0,3.297895422000434,3.297895422000434,0.0,3.297895422000434,general_only,C1CCC(C2CC(C3CCCCC3)CC(C3CCCC4CC5CCCC(C6C7CCCCC7C7CCCCC76)C5CC43)C2)CC1,c1ccc(-c2nc(-c3ccccc3)nc(-c3cccc4c3Oc3c(cccc3-n3c5ccccc5c5ccccc53)C4)n2)cc1,outside_MR_TADF,outside_CzBN_domain,outside_CzBN_domain
E00_133_00257,CC1(C)c2cccc(-c3nc(-c4ccccc4)nc(-c4ccccc4)n3)c2Oc2c(N3c4ccccc4Sc4ccccc43)cccc21,TYAHTTDFMWFABT-UHFFFAOYSA-N,,DOI: 10.1021/jacs.7b00873,toluene,1,3.1032028469750887,3.1032028469750887,0.0,3.1032028469750887,3.1032028469750887,0.0,3.1032028469750887,general_only,C1CCC(C2CC(C3CCCCC3)CC(C3CCCC4CC5CCCC(C6C7CCCCC7CC7CCCCC76)C5CC43)C2)CC1,c1ccc(-c2nc(-c3ccccc3)nc(-c3cccc4c3Oc3c(cccc3N3c5ccccc5Sc5ccccc53)C4)n2)cc1,outside_MR_TADF,outside_CzBN_domain,outside_CzBN_domain
E00_133_00258,CC1(C)c2ccccc2-c2cc3c(cc21)N(c1ccc(-c2nc(-c4ccc(N5c6ccccc6C(c6ccccc6)(c6ccccc6)c6cc7c(cc65)C(C)(C)c5ccccc5-7)cc4)nc(-c4ccc(N5c6ccccc6C(c6ccccc6)(c6ccccc6)c6cc7c(cc65)C(C)(C)c5ccccc5-7)cc4)n2)cc1)c1ccccc1C3(c1ccccc1)c1ccccc1,JFHBHJNUBGBFBU-UHFFFAOYSA-N,,DOI: 10.1021/acsami.7b19681,toluene,1,3.13534766960046,3.13534766960046,0.0,3.13534766960046,3.13534766960046,0.0,3.13534766960046,general_only,C1CCC(C2(C3CCCCC3)C3CCCCC3C(C3CCC(C4CC(C5CCC(C6C7CCCCC7C(C7CCCCC7)(C7CCCCC7)C7CC8C(CC9CCCCC98)CC67)CC5)CC(C5CCC(C6C7CCCCC7C(C7CCCCC7)(C7CCCCC7)C7CC8C(CC9CCCCC98)CC67)CC5)C4)CC3)C3CC4CC5CCCCC5C4CC32)CC1,c1ccc(C2(c3ccccc3)c3ccccc3N(c3ccc(-c4nc(-c5ccc(N6c7ccccc7C(c7ccccc7)(c7ccccc7)c7cc8c(cc76)Cc6ccccc6-8)cc5)nc(-c5ccc(N6c7ccccc7C(c7ccccc7)(c7ccccc7)c7cc8c(cc76)Cc6ccccc6-8)cc5)n4)cc3)c3cc4c(cc32)-c2ccccc2C4)cc1,outside_MR_TADF,outside_CzBN_domain,outside_CzBN_domain
E00_133_00259,CC1(C)c2ccccc2-c2cc3c4ccccc4n(-c4ccc(-c5nc(-c6ccccc6)nc(-c6ccccc6)n5)cc4)c3cc21,HGYCFEBQMVATQG-UHFFFAOYSA-N,,DOI: 10.1021/acsami.8b20699,toluene,1,3.0723563051274594,3.0723563051274594,0.0,3.0723563051274594,3.0723563051274594,0.0,3.0723563051274594,general_only,C1CCC(C2CC(C3CCCCC3)CC(C3CCC(C4C5CCCCC5C5CC6C(CC7CCCCC76)CC54)CC3)C2)CC1,c1ccc(-c2nc(-c3ccccc3)nc(-c3ccc(-n4c5ccccc5c5cc6c(cc54)Cc4ccccc4-6)cc3)n2)cc1,outside_MR_TADF,outside_CzBN_domain,outside_CzBN_domain
E00_133_00260,CC1(C)c2ccccc2N(c2c(F)cc(-c3nnc(-c4ccccc4)o3)cc2F)c2ccccc21,UDDCXEZEKACABE-UHFFFAOYSA-N,,DOI: 10.1021/acsomega.8b01979,toluene,1,2.9142422926617457,2.9142422926617457,0.0,2.9142422926617457,2.9142422926617457,0.0,2.9142422926617457,general_only,C1CCC(C2CCC(C3CCC(C4C5CCCCC5CC5CCCCC54)CC3)C2)CC1,c1ccc(-c2nnc(-c3ccc(N4c5ccccc5Cc5ccccc54)cc3)o2)cc1,outside_MR_TADF,outside_CzBN_domain,outside_CzBN_domain
E00_133_00261,CC1(C)c2ccccc2N(c2cc[n+]3c(c2)-c2ccccc2O[B-]3(F)F)c2ccccc21,UVPVSJTZIABUBV-UHFFFAOYSA-N,,DOI: 10.1021/acsami.9b08107,toluene,1,2.8799917235671426,2.8799917235671426,0.0,2.8799917235671426,2.8799917235671426,0.0,2.8799917235671426,general_only,C1CCC2C(C1)CCC1CCC(C3C4CCCCC4CC4CCCCC43)CC12,[BH2-]1Oc2ccccc2-c2cc(N3c4ccccc4Cc4ccccc43)cc[n+]21,outside_MR_TADF,outside_CzBN_domain,outside_CzBN_domain
E00_133_00262,CC1(C)c2ccccc2N(c2ccc(-c3cc(-c4ccccc4)nc(-c4ccccc4)n3)cc2)c2ccccc21,KFLXNXDUDLDPDS-UHFFFAOYSA-N,,"10.1002/chem.201604883, 10.1002/adom.201600843",toluene,1,2.9571557996545708,2.9571557996545708,0.0,2.9571557996545708,2.9571557996545708,0.0,2.9571557996545708,general_only,C1CCC(C2CC(C3CCCCC3)CC(C3CCC(C4C5CCCCC5CC5CCCCC54)CC3)C2)CC1,c1ccc(-c2cc(-c3ccc(N4c5ccccc5Cc5ccccc54)cc3)nc(-c3ccccc3)n2)cc1,outside_MR_TADF,outside_CzBN_domain,outside_CzBN_domain
E00_133_00263,CC1(C)c2ccccc2N(c2ccc(-c3cc(C#N)c(C#N)cc3-c3ccc(N4c5ccccc5C(C)(C)c5ccccc54)cc3)cc2)c2ccccc21,ACWZCRCBTKBMGC-UHFFFAOYSA-N,,https://doi.org/10.1002/adfm.201505106,toluene,1,2.77999686716792,2.77999686716792,0.0,2.77999686716792,2.77999686716792,0.0,2.77999686716792,general_only,C1CCC2C(C1)CC1CCCCC1C2C1CCC(C2CCCCC2C2CCC(C3C4CCCCC4CC4CCCCC43)CC2)CC1,c1ccc2c(c1)Cc1ccccc1N2c1ccc(-c2ccccc2-c2ccc(N3c4ccccc4Cc4ccccc43)cc2)cc1,outside_MR_TADF,outside_CzBN_domain,outside_CzBN_domain
E00_133_00264,CC1(C)c2ccccc2N(c2ccc(-c3ccc(C#N)c(C#N)n3)cc2)c2ccccc21,KWPJPUZXRBGIRM-UHFFFAOYSA-N,,https://doi.org/10.1002/adfm.201602501,toluene,1,2.637856312321624,2.637856312321624,0.0,2.637856312321624,2.637856312321624,0.0,2.637856312321624,general_only,C1CCC(C2CCC(C3C4CCCCC4CC4CCCCC43)CC2)CC1,c1ccc(-c2ccc(N3c4ccccc4Cc4ccccc43)cc2)nc1,outside_MR_TADF,outside_CzBN_domain,outside_CzBN_domain
E00_133_00265,CC1(C)c2ccccc2N(c2ccc(-c3ccc(C#N)cc3)cc2)c2ccccc21,HVMLQTQNNVBAKA-UHFFFAOYSA-N,,https://doi.org/10.1002/adfm.201602501,toluene,1,3.0738349174103368,3.0738349174103368,0.0,3.0738349174103368,3.0738349174103368,0.0,3.0738349174103368,general_only,C1CCC(C2CCC(C3C4CCCCC4CC4CCCCC43)CC2)CC1,c1ccc(-c2ccc(N3c4ccccc4Cc4ccccc43)cc2)cc1,outside_MR_TADF,outside_CzBN_domain,outside_CzBN_domain
E00_133_00266,CC1(C)c2ccccc2N(c2ccc(-c3ccc(C#N)cn3)cc2)c2ccccc21,YTQPWDXVARCDDS-UHFFFAOYSA-N,,https://doi.org/10.1002/adfm.201602501,toluene,1,2.8447420634920633,2.8447420634920633,0.0,2.8447420634920633,2.8447420634920633,0.0,2.8447420634920633,general_only,C1CCC(C2CCC(C3C4CCCCC4CC4CCCCC43)CC2)CC1,c1ccc(-c2ccc(N3c4ccccc4Cc4ccccc43)cc2)nc1,outside_MR_TADF,outside_CzBN_domain,outside_CzBN_domain
E00_133_00267,CC1(C)c2ccccc2N(c2ccc(-c3ccc(C#N)nc3)cc2)c2ccccc21,RGVSMDPECHQHKV-UHFFFAOYSA-N,,https://doi.org/10.1002/adfm.201602501,toluene,1,2.95070860544671,2.95070860544671,0.0,2.95070860544671,2.95070860544671,0.0,2.95070860544671,general_only,C1CCC(C2CCC(C3C4CCCCC4CC4CCCCC43)CC2)CC1,c1cncc(-c2ccc(N3c4ccccc4Cc4ccccc43)cc2)c1,outside_MR_TADF,outside_CzBN_domain,outside_CzBN_domain
E00_133_00268,CC1(C)c2ccccc2N(c2ccc(-c3ccc4c(c3)C(=O)c3ccc(-c5ccc(N6c7ccccc7C(C)(C)c7ccccc76)cc5)cc3C4=O)cc2)c2ccccc21,XMAFAYPGYGNLSH-UHFFFAOYSA-N,,http://dx.doi.org/10.1021/ja510144h,toluene,1,2.4081969265207244,2.4081969265207244,0.0,2.4081969265207244,2.4081969265207244,0.0,2.4081969265207244,general_only,CC1C2CCC(C3CCC(C4C5CCCCC5CC5CCCCC54)CC3)CC2C(C)C2CCC(C3CCC(C4C5CCCCC5CC5CCCCC54)CC3)CC12,O=C1c2ccc(-c3ccc(N4c5ccccc5Cc5ccccc54)cc3)cc2C(=O)c2ccc(-c3ccc(N4c5ccccc5Cc5ccccc54)cc3)cc21,outside_MR_TADF,outside_CzBN_domain,outside_CzBN_domain
E00_133_00269,CC1(C)c2ccccc2N(c2ccc(-c3ccc4c(c3)c3cc(-c5ccc(N6c7ccccc7C(C)(C)c7ccccc76)cc5)ccc3c3nc(C#N)c(C#N)nc43)cc2)c2ccccc21,WSBZKRHIGFROSS-UHFFFAOYSA-N,,DOI: 10.1021/acsami.6b14796,toluene,1,2.5439360929557004,2.5439360929557004,0.0,2.5439360929557004,2.5439360929557004,0.0,2.5439360929557004,general_only,C1CCC2C(C1)CC1CCCCC1C2C1CCC(C2CCC3C4CCCCC4C4CCC(C5CCC(C6C7CCCCC7CC7CCCCC76)CC5)CC4C3C2)CC1,c1ccc2c(c1)Cc1ccccc1N2c1ccc(-c2ccc3c(c2)c2cc(-c4ccc(N5c6ccccc6Cc6ccccc65)cc4)ccc2c2nccnc32)cc1,outside_MR_TADF,outside_CzBN_domain,outside_CzBN_domain
E00_133_00270,CC1(C)c2ccccc2N(c2ccc(-c3cccc(C#N)c3)cc2)c2ccccc21,VAHVBZHTNCKIPK-UHFFFAOYSA-N,,https://doi.org/10.1002/adfm.201602501,toluene,1,3.240840662601846,3.240840662601846,0.0,3.240840662601846,3.240840662601846,0.0,3.240840662601846,general_only,C1CCC(C2CCC(C3C4CCCCC4CC4CCCCC43)CC2)CC1,c1ccc(-c2ccc(N3c4ccccc4Cc4ccccc43)cc2)cc1,outside_MR_TADF,outside_CzBN_domain,outside_CzBN_domain
E00_133_00271,CC1(C)c2ccccc2N(c2ccc(-c3cnc(C#N)nc3)cc2)c2ccccc21,JBMSXVZJFIIGRC-UHFFFAOYSA-N,,https://doi.org/10.1002/adfm.201602501,toluene,1,2.7977894402035624,2.7977894402035624,0.0,2.7977894402035624,2.7977894402035624,0.0,2.7977894402035624,general_only,C1CCC(C2CCC(C3C4CCCCC4CC4CCCCC43)CC2)CC1,c1ccc2c(c1)Cc1ccccc1N2c1ccc(-c2cncnc2)cc1,outside_MR_TADF,outside_CzBN_domain,outside_CzBN_domain
E00_133_00272,CC1(C)c2ccccc2N(c2ccc(-c3n[n+]4c(o3)-c3ccccc3O[B-]4(F)F)cc2)c2ccccc21,ALLBMVKFXCKBCR-UHFFFAOYSA-N,,DOI: 10.1021/acsami.9b07511,toluene,1,3.0395035998484277,3.0395035998484277,0.0,3.0395035998484277,3.0395035998484277,0.0,3.0395035998484277,general_only,C1CCC2C(C1)CCC1CC(C3CCC(C4C5CCCCC5CC5CCCCC54)CC3)CC12,[BH2-]1Oc2ccccc2-c2oc(-c3ccc(N4c5ccccc5Cc5ccccc54)cc3)n[n+]21,outside_MR_TADF,outside_CzBN_domain,outside_CzBN_domain
E00_133_00273,CC1(C)c2ccccc2N(c2ccc(-c3nc(-c4ccccc4)cc(-c4ccccc4)n3)cc2)c2ccccc21,DSBKDHOUCAISAG-UHFFFAOYSA-N,,"10.1002/chem.201604883, 10.1002/adom.201600843",toluene,1,3.0543550659557868,3.0543550659557868,0.0,3.0543550659557868,3.0543550659557868,0.0,3.0543550659557868,general_only,C1CCC(C2CC(C3CCCCC3)CC(C3CCC(C4C5CCCCC5CC5CCCCC54)CC3)C2)CC1,c1ccc(-c2cc(-c3ccccc3)nc(-c3ccc(N4c5ccccc5Cc5ccccc54)cc3)n2)cc1,outside_MR_TADF,outside_CzBN_domain,outside_CzBN_domain
E00_133_00274,CC1(C)c2ccccc2N(c2ccc(-c3nc(C#N)c(C#N)nc3-c3ccc(N4c5ccccc5C(C)(C)c5ccccc54)cc3)cc2)c2ccccc21,LNEPRUZQMSZVIU-UHFFFAOYSA-N,,https://doi.org/10.1002/adfm.201505106,toluene,1,2.422018348623853,2.422018348623853,0.0,2.422018348623853,2.422018348623853,0.0,2.422018348623853,general_only,C1CCC2C(C1)CC1CCCCC1C2C1CCC(C2CCCCC2C2CCC(C3C4CCCCC4CC4CCCCC43)CC2)CC1,c1ccc2c(c1)Cc1ccccc1N2c1ccc(-c2nccnc2-c2ccc(N3c4ccccc4Cc4ccccc43)cc2)cc1,outside_MR_TADF,outside_CzBN_domain,outside_CzBN_domain
E00_133_00275,CC1(C)c2ccccc2N(c2ccc(-c3nc([C@]45CC6CC(C[C@@H](C6)C4)C5)nc([C@]45C[C@H]6C[C@@H](C[C@H](C6)C4)C5)n3)cc2)c2ccccc21,IJEUALPNTNDVKT-KDXZGXRSSA-N,,10.1002/adma.201705641,toluene,1,3.0058723224928166,3.0058723224928166,0.0,3.0058723224928166,3.0058723224928166,0.0,3.0058723224928166,general_only,C1CCC2C(C1)CC1CCCCC1C2C1CCC(C2CC(C34CC5CC(CC(C5)C3)C4)CC(C34CC5CC(CC(C5)C3)C4)C2)CC1,c1ccc2c(c1)Cc1ccccc1N2c1ccc(-c2nc([C@]34CC5CC(C[C@@H](C5)C3)C4)nc([C@]34C[C@H]5C[C@@H](C[C@H](C5)C3)C4)n2)cc1,outside_MR_TADF,outside_CzBN_domain,outside_CzBN_domain
E00_133_00276,CC1(C)c2ccccc2N(c2ccc(-c3nc4c(C#N)ccc(C#N)c4nc3-c3ccc(N4c5ccccc5C(C)(C)c5ccccc54)cc3)cc2)c2ccccc21,WXVMBNPSTOSEEP-UHFFFAOYSA-N,,DOI: 10.1021/acsami.9b02824,toluene,1,2.2295065448694333,2.2295065448694333,0.0,2.2295065448694333,2.2295065448694333,0.0,2.2295065448694333,general_only,C1CCC2CC(C3CCC(C4C5CCCCC5CC5CCCCC54)CC3)C(C3CCC(C4C5CCCCC5CC5CCCCC54)CC3)CC2C1,c1ccc2c(c1)Cc1ccccc1N2c1ccc(-c2nc3ccccc3nc2-c2ccc(N3c4ccccc4Cc4ccccc43)cc2)cc1,outside_MR_TADF,outside_CzBN_domain,outside_CzBN_domain
E00_133_00277,CC1(C)c2ccccc2N(c2ccc(-c3nc4cc(C#N)c(C#N)cc4nc3-c3ccc(N4c5ccccc5C(C)(C)c5ccccc54)cc3)cc2)c2ccccc21,KWMCPKQKFJKESX-UHFFFAOYSA-N,,DOI: 10.1021/acsami.9b02824,toluene,1,2.3656387665198237,2.3656387665198237,0.0,2.3656387665198237,2.3656387665198237,0.0,2.3656387665198237,general_only,C1CCC2CC(C3CCC(C4C5CCCCC5CC5CCCCC54)CC3)C(C3CCC(C4C5CCCCC5CC5CCCCC54)CC3)CC2C1,c1ccc2c(c1)Cc1ccccc1N2c1ccc(-c2nc3ccccc3nc2-c2ccc(N3c4ccccc4Cc4ccccc43)cc2)cc1,outside_MR_TADF,outside_CzBN_domain,outside_CzBN_domain
E00_133_00278,CC1(C)c2ccccc2N(c2ccc(-c3ncc(C#N)cn3)cc2)c2ccccc21,MNWBRPBGLUUFOG-UHFFFAOYSA-N,,https://doi.org/10.1002/adfm.201602501,toluene,1,2.707461353870194,2.707461353870194,0.0,2.707461353870194,2.707461353870194,0.0,2.707461353870194,general_only,C1CCC(C2CCC(C3C4CCCCC4CC4CCCCC43)CC2)CC1,c1cnc(-c2ccc(N3c4ccccc4Cc4ccccc43)cc2)nc1,outside_MR_TADF,outside_CzBN_domain,outside_CzBN_domain
E00_133_00279,CC1(C)c2ccccc2N(c2ccc(-c3ncccn3)cc2)c2ccccc21,MWSNCCPODJOUGG-UHFFFAOYSA-N,,10.1039/C6SC03793C,toluene,1,3.1109480700358136,3.1109480700358136,0.0,3.1109480700358136,3.1109480700358136,0.0,3.1109480700358136,general_only,C1CCC(C2CCC(C3C4CCCCC4CC4CCCCC43)CC2)CC1,c1cnc(-c2ccc(N3c4ccccc4Cc4ccccc43)cc2)nc1,outside_MR_TADF,outside_CzBN_domain,outside_CzBN_domain
E00_133_00280,CC1(C)c2ccccc2N(c2ccc(-c3nnc(-c4ccc(-n5c6ccccc6c6ccccc65)cc4)o3)cc2)c2ccccc21,GWBNGRLCSLXLKN-UHFFFAOYSA-N,,10.1016/j.optmat.2019.05.040,toluene,1,3.16600790513834,3.16600790513834,0.0,3.16600790513834,3.16600790513834,0.0,3.16600790513834,general_only,C1CCC2C(C1)CC1CCCCC1C2C1CCC(C2CCC(C3CCC(C4C5CCCCC5C5CCCCC54)CC3)C2)CC1,c1ccc2c(c1)Cc1ccccc1N2c1ccc(-c2nnc(-c3ccc(-n4c5ccccc5c5ccccc54)cc3)o2)cc1,outside_MR_TADF,outside_CzBN_domain,outside_CzBN_domain
E00_133_00281,CC1(C)c2ccccc2N(c2ccc(-c3nnc(-c4ccc(N5c6ccccc6C(C)(C)c6ccccc65)cc4)o3)cc2)c2ccccc21,COYIBDNQWKBQGZ-UHFFFAOYSA-N,,10.1016/j.optmat.2019.05.040,toluene,1,3.067124608339359,3.067124608339359,0.0,3.067124608339359,3.067124608339359,0.0,3.067124608339359,general_only,C1CCC2C(C1)CC1CCCCC1C2C1CCC(C2CCC(C3CCC(C4C5CCCCC5CC5CCCCC54)CC3)C2)CC1,c1ccc2c(c1)Cc1ccccc1N2c1ccc(-c2nnc(-c3ccc(N4c5ccccc5Cc5ccccc54)cc3)o2)cc1,outside_MR_TADF,outside_CzBN_domain,outside_CzBN_domain
E00_133_00282,CC1(C)c2ccccc2N(c2ccc(-c3nnc(-c4ccccc4)o3)cc2)c2ccccc21,NKSHILJXXJTIQX-UHFFFAOYSA-N,,"DOI: 10.1021/acsami.8b16199, DOI: 10.1021/acsomega.8b01979",toluene,1,3.1,3.1,0.0,3.1,3.1,0.0,3.1,general_only,C1CCC(C2CCC(C3CCC(C4C5CCCCC5CC5CCCCC54)CC3)C2)CC1,c1ccc(-c2nnc(-c3ccc(N4c5ccccc5Cc5ccccc54)cc3)o2)cc1,outside_MR_TADF,outside_CzBN_domain,outside_CzBN_domain
E00_133_00283,CC1(C)c2ccccc2N(c2ccc(-c3nnc(-c4ccccc4O)o3)cc2)c2ccccc21,PECIERCTUFLHBC-UHFFFAOYSA-N,,DOI: 10.1021/acsami.9b07511,toluene,1,3.0546985243117843,3.0546985243117843,0.0,3.0546985243117843,3.0546985243117843,0.0,3.0546985243117843,general_only,C1CCC(C2CCC(C3CCC(C4C5CCCCC5CC5CCCCC54)CC3)C2)CC1,c1ccc(-c2nnc(-c3ccc(N4c5ccccc5Cc5ccccc54)cc3)o2)cc1,outside_MR_TADF,outside_CzBN_domain,outside_CzBN_domain
E00_133_00284,CC1(C)c2ccccc2N(c2ccc(C(=C(C#N)C#N)c3ccc(N4c5ccccc5C(C)(C)c5ccccc54)cc3)cc2)c2ccccc21,GMMIGJUBLXEEBL-UHFFFAOYSA-N,,DOI: 10.1021/acs.jpcc.6b10854,toluene,1,2.377334219193961,2.377334219193961,0.0,2.377334219193961,2.377334219193961,0.0,2.377334219193961,general_only,CC(C1CCC(C2C3CCCCC3CC3CCCCC32)CC1)C1CCC(C2C3CCCCC3CC3CCCCC32)CC1,C=C(c1ccc(N2c3ccccc3Cc3ccccc32)cc1)c1ccc(N2c3ccccc3Cc3ccccc32)cc1,outside_MR_TADF,outside_CzBN_domain,outside_CzBN_domain
E00_133_00285,CC1(C)c2ccccc2N(c2ccc(C(=CC#N)c3ccc(N4c5ccccc5C(C)(C)c5ccccc54)cc3)cc2)c2ccccc21,DCKYVQXJCKPYRJ-UHFFFAOYSA-N,,DOI: 10.1021/acs.jpcc.6b10854,toluene,1,2.856803401054823,2.856803401054823,0.0,2.856803401054823,2.856803401054823,0.0,2.856803401054823,general_only,CC(C1CCC(C2C3CCCCC3CC3CCCCC32)CC1)C1CCC(C2C3CCCCC3CC3CCCCC32)CC1,C=C(c1ccc(N2c3ccccc3Cc3ccccc32)cc1)c1ccc(N2c3ccccc3Cc3ccccc32)cc1,outside_MR_TADF,outside_CzBN_domain,outside_CzBN_domain
E00_133_00286,CC1(C)c2ccccc2N(c2ccc(C(=O)/C=C(\O)c3ccc(N4c5ccccc5C(C)(C)c5ccccc54)cc3)cc2)c2ccccc21,JVKOUPYCMCDWTG-SENHGUMGSA-N,,DOI: 10.1021/jacs.8b04795,toluene,1,2.6903206129446664,2.6903206129446664,0.0,2.6903206129446664,2.6903206129446664,0.0,2.6903206129446664,general_only,CC(CCC1CCC(C2C3CCCCC3CC3CCCCC32)CC1)C1CCC(C2C3CCCCC3CC3CCCCC32)CC1,O=C(C=Cc1ccc(N2c3ccccc3Cc3ccccc32)cc1)c1ccc(N2c3ccccc3Cc3ccccc32)cc1,outside_MR_TADF,outside_CzBN_domain,outside_CzBN_domain
E00_133_00287,CC1(C)c2ccccc2N(c2ccc3c(c2)-c2cc(N4c5ccccc5C(C)(C)c5ccccc54)ccc2P3(=O)c2ccccc2)c2ccccc21,AAWJVMYJNIRIGO-UHFFFAOYSA-N,,DOI: 10.1021/acsami.9b05950,toluene,1,2.885497000856898,2.885497000856898,0.0,2.885497000856898,2.885497000856898,0.0,2.885497000856898,general_only,CC1(C2CCCCC2)C2CCC(C3C4CCCCC4CC4CCCCC43)CC2C2CC(C3C4CCCCC4CC4CCCCC43)CCC21,O=P1(c2ccccc2)c2ccc(N3c4ccccc4Cc4ccccc43)cc2-c2cc(N3c4ccccc4Cc4ccccc43)ccc21,outside_MR_TADF,outside_CzBN_domain,outside_CzBN_domain
E00_133_00288,CC1(C)c2ccccc2N(c2ccc3c(c2)C(=O)c2ccc(N4c5ccccc5C(C)(C)c5ccccc54)cc2C3=O)c2ccccc21,OREIBTOFGWSNSS-UHFFFAOYSA-N,,http://dx.doi.org/10.1021/ja510144h,toluene,1,2.113026479473965,2.113026479473965,0.0,2.113026479473965,2.113026479473965,0.0,2.113026479473965,general_only,CC1C2CCC(C3C4CCCCC4CC4CCCCC43)CC2C(C)C2CCC(C3C4CCCCC4CC4CCCCC43)CC12,O=C1c2ccc(N3c4ccccc4Cc4ccccc43)cc2C(=O)c2ccc(N3c4ccccc4Cc4ccccc43)cc21,outside_MR_TADF,outside_CzBN_domain,outside_CzBN_domain
E00_133_00289,CC1(C)c2ccccc2N(c2ccc3c(c2)C(C)(C)c2cc(N4c5ccccc5C(C)(C)c5ccccc54)ccc2S3(=O)=O)c2ccccc21,LHXPRWNANIIZKO-UHFFFAOYSA-N,,https://doi.org/10.1016/j.orgel.2015.12.001,toluene,1,3.088850042637897,3.088850042637897,0.0,3.088850042637897,3.088850042637897,0.0,3.088850042637897,general_only,CC1(C)C2CCC(C3C4CCCCC4CC4CCCCC43)CC2CC2CC(C3C4CCCCC4CC4CCCCC43)CCC21,O=S1(=O)c2ccc(N3c4ccccc4Cc4ccccc43)cc2Cc2cc(N3c4ccccc4Cc4ccccc43)ccc21,outside_MR_TADF,outside_CzBN_domain,outside_CzBN_domain
E00_133_00290,CC1(C)c2ccccc2N(c2ccc3c(c2)C(c2ccccc2)(c2ccccc2)c2cc(N4c5ccccc5C(C)(C)c5ccccc54)ccc2S3(=O)=O)c2ccccc21,YMXPUMZVRUPUTK-UHFFFAOYSA-N,,10.1016/j.nanoen.2019.02.067,toluene,1,3.0872252747252746,3.0872252747252746,0.0,3.0872252747252746,3.0872252747252746,0.0,3.0872252747252746,general_only,CC1(C)C2CCC(C3C4CCCCC4CC4CCCCC43)CC2C(C2CCCCC2)(C2CCCCC2)C2CC(C3C4CCCCC4CC4CCCCC43)CCC21,O=S1(=O)c2ccc(N3c4ccccc4Cc4ccccc43)cc2C(c2ccccc2)(c2ccccc2)c2cc(N3c4ccccc4Cc4ccccc43)ccc21,outside_MR_TADF,outside_CzBN_domain,outside_CzBN_domain
E00_133_00291,CC1(C)c2ccccc2N(c2ccc3c(c2)C2(c4cc(N5c6ccccc6C(C)(C)c6ccccc65)ccc4-3)c3ccccc3S(=O)(=O)c3ccccc32)c2ccccc21,QNLZQGXMMHTAFW-UHFFFAOYSA-N,,acsomega.8b03296,toluene,1,3.1220610053562,3.1220610053562,0.0,3.1220610053562,3.1220610053562,0.0,3.1220610053562,general_only,CC1(C)C2CCCCC2C2(C3CC(C4C5CCCCC5CC5CCCCC54)CCC3C3CCC(C4C5CCCCC5CC5CCCCC54)CC32)C2CCCCC21,O=S1(=O)c2ccccc2C2(c3cc(N4c5ccccc5Cc5ccccc54)ccc3-c3ccc(N4c5ccccc5Cc5ccccc54)cc32)c2ccccc21,outside_MR_TADF,outside_CzBN_domain,outside_CzBN_domain
E00_133_00292,CC1(C)c2ccccc2N(c2ccc3c(c2)Oc2ccccc2P3(=O)c2ccccc2)c2ccccc21,UQRHHAAZXZQIJM-UHFFFAOYSA-N,,10.1002/adma.201506391,toluene,1,3.2134798651482575,3.2134798651482575,0.0,3.2134798651482575,3.2134798651482575,0.0,3.2134798651482575,general_only,CC1(C2CCCCC2)C2CCCCC2CC2CC(C3C4CCCCC4CC4CCCCC43)CCC21,O=P1(c2ccccc2)c2ccccc2Oc2cc(N3c4ccccc4Cc4ccccc43)ccc21,outside_MR_TADF,outside_CzBN_domain,outside_CzBN_domain
E00_133_00293,CC1(C)c2ccccc2N(c2ccc3c(c2)Oc2ccccc2S3(=O)=O)c2ccccc21,LWUZIVXAEVVGNA-UHFFFAOYSA-N,,10.1002/adma.201506391,toluene,1,3.1162958718453373,3.1162958718453373,0.0,3.1162958718453373,3.1162958718453373,0.0,3.1162958718453373,general_only,CC1(C)C2CCCCC2CC2CC(C3C4CCCCC4CC4CCCCC43)CCC21,O=S1(=O)c2ccccc2Oc2cc(N3c4ccccc4Cc4ccccc43)ccc21,outside_MR_TADF,outside_CzBN_domain,outside_CzBN_domain
E00_133_00294,CC1(C)c2ccccc2N(c2ccc3c(c2)c(=O)c2cccc4c(=O)c5cc(N6c7ccccc7C(C)(C)c7ccccc76)ccc5n3c24)c2ccccc21,NMMYSCLFBUIUCX-UHFFFAOYSA-N,,DOI: 10.1002/adom.201801536,toluene,1,2.5605937205101124,2.5605937205101124,0.0,2.5605937205101124,2.5605937205101124,0.0,2.5605937205101124,general_only,CC1C2CC(C3C4CCCCC4CC4CCCCC43)CCC2C2C3CCC(C4C5CCCCC5CC5CCCCC54)CC3C(C)C3CCCC1C32,O=c1c2cc(N3c4ccccc4Cc4ccccc43)ccc2n2c3ccc(N4c5ccccc5Cc5ccccc54)cc3c(=O)c3cccc1c32,outside_MR_TADF,outside_CzBN_domain,outside_CzBN_domain
E00_133_00295,CC1(C)c2ccccc2N(c2ccc3c(c2)c2cc(N4c5ccccc5C(C)(C)c5ccccc54)ccc2c2nc(C#N)c(C#N)nc32)c2ccccc21,GCVGLJODCUKZPZ-UHFFFAOYSA-N,,DOI: 10.1021/acsami.6b14796,toluene,1,2.2506611738378597,2.2506611738378597,0.0,2.2506611738378597,2.2506611738378597,0.0,2.2506611738378597,general_only,C1CCC2C(C1)CC1CCCCC1C2C1CCC2C3CCCCC3C3CCC(C4C5CCCCC5CC5CCCCC54)CC3C2C1,c1ccc2c(c1)Cc1ccccc1N2c1ccc2c(c1)c1cc(N3c4ccccc4Cc4ccccc43)ccc1c1nccnc21,outside_MR_TADF,outside_CzBN_domain,outside_CzBN_domain
E00_133_00296,CC1(C)c2ccccc2N(c2ccc3c(c2)c2cc(N4c5ccccc5C(C)(C)c5ccccc54)ccc2c2nc4ccccc4nc32)c2ccccc21,ZVXTYYGDOWPJNX-UHFFFAOYSA-N,,DOI: 10.1021/acsami.9b06401,toluene,1,2.7527362710573904,2.7527362710573904,0.0,2.7527362710573904,2.7527362710573904,0.0,2.7527362710573904,general_only,C1CCC2CC3C4CCC(C5C6CCCCC6CC6CCCCC65)CC4C4CC(C5C6CCCCC6CC6CCCCC65)CCC4C3CC2C1,c1ccc2c(c1)Cc1ccccc1N2c1ccc2c(c1)c1cc(N3c4ccccc4Cc4ccccc43)ccc1c1nc3ccccc3nc21,outside_MR_TADF,outside_CzBN_domain,outside_CzBN_domain
E00_133_00297,CC1(C)c2ccccc2N(c2ccc3c(c2)c2ccccc2c2nc4ccccc4nc32)c2ccccc21,JPFOVPDGQQRMSU-UHFFFAOYSA-N,,DOI: 10.1021/acsami.9b06401,toluene,1,2.769062527218357,2.769062527218357,0.0,2.769062527218357,2.769062527218357,0.0,2.769062527218357,general_only,C1CCC2CC3C4CCC(C5C6CCCCC6CC6CCCCC65)CC4C4CCCCC4C3CC2C1,c1ccc2c(c1)Cc1ccccc1N2c1ccc2c(c1)c1ccccc1c1nc3ccccc3nc21,outside_MR_TADF,outside_CzBN_domain,outside_CzBN_domain
E00_133_00298,CC1(C)c2ccccc2N(c2ccc3c(c2)c2ccccc2n2c4ccccc4nc32)c2ccccc21,WSDUZBXVIXQWLK-UHFFFAOYSA-N,,10.1002/adom.201801282,toluene,1,3.0677004722722625,3.0677004722722625,0.0,3.0677004722722625,3.0677004722722625,0.0,3.0677004722722625,general_only,C1CCC2C(C1)CC1CCCCC1C2C1CCC2C(C1)C1CCCCC1C1C3CCCCC3CC21,c1ccc2c(c1)Cc1ccccc1N2c1ccc2c(c1)c1ccccc1n1c3ccccc3nc21,outside_MR_TADF,outside_CzBN_domain,outside_CzBN_domain
E00_133_00299,CC1(C)c2ccccc2N(c2ccc3c(ccc4nc5ccc6cc(N7c8ccccc8C(C)(C)c8ccccc87)ccc6c5nc43)c2)c2ccccc21,YPWANNYAJYHNAW-UHFFFAOYSA-N,,10.1039/C6SC04863C,toluene,1,2.613573021181717,2.613573021181717,0.0,2.613573021181717,2.613573021181717,0.0,2.613573021181717,general_only,C1CCC2C(C1)CC1CCCCC1C2C1CCC2C(CCC3CC4CCC5CC(C6C7CCCCC7CC7CCCCC76)CCC5C4CC32)C1,c1ccc2c(c1)Cc1ccccc1N2c1ccc2c(ccc3nc4ccc5cc(N6c7ccccc7Cc7ccccc76)ccc5c4nc32)c1,outside_MR_TADF,outside_CzBN_domain,outside_CzBN_domain
E00_133_00300,CC1(C)c2ccccc2N(c2ccc3nc4c5ccc(N6c7ccccc7C(C)(C)c7ccccc76)cc5c5cc(N6c7ccccc7C(C)(C)c7ccccc76)ccc5c4nc3c2)c2ccccc21,SQGWJIIACSSOBE-UHFFFAOYSA-N,,DOI: 10.1021/acsami.9b06401,toluene,1,2.3844425112367693,2.3844425112367693,0.0,2.3844425112367693,2.3844425112367693,0.0,2.3844425112367693,general_only,C1CCC2C(C1)CC1CCCCC1C2C1CCC2CC3C4CCC(C5C6CCCCC6CC6CCCCC65)CC4C4CC(C5C6CCCCC6CC6CCCCC65)CCC4C3CC2C1,c1ccc2c(c1)Cc1ccccc1N2c1ccc2nc3c4ccc(N5c6ccccc6Cc6ccccc65)cc4c4cc(N5c6ccccc6Cc6ccccc65)ccc4c3nc2c1,outside_MR_TADF,outside_CzBN_domain,outside_CzBN_domain
E00_133_00301,CC1(C)c2ccccc2N(c2cccc(S(=O)(=O)c3cccc(N4c5ccccc5C(C)(C)c5ccccc54)c3)c2)c2ccccc21,RCCYHNGZXTYSEV-UHFFFAOYSA-N,,https://doi.org/10.1016/j.jlumin.2018.10.018,toluene,1,3.3276943249835247,3.3276943249835247,0.0,3.3276943249835247,3.3276943249835247,0.0,3.3276943249835247,general_only,CC(C)(C1CCCC(C2C3CCCCC3CC3CCCCC32)C1)C1CCCC(C2C3CCCCC3CC3CCCCC32)C1,O=S(=O)(c1cccc(N2c3ccccc3Cc3ccccc32)c1)c1cccc(N2c3ccccc3Cc3ccccc32)c1,outside_MR_TADF,outside_CzBN_domain,outside_CzBN_domain
E00_133_00302,CC1(C)c2ccccc2N(c2ccccc2)c2ccc(-c3ccc(-c4ccc5c(c4)C(C)(C)c4ccccc4N5c4ccccc4)c4nsnc34)cc21,TXUUBPXPYCCYGT-UHFFFAOYSA-N,,10.1002/adfm.201603520,toluene,1,2.344344160364281,2.344344160364281,0.0,2.344344160364281,2.344344160364281,0.0,2.344344160364281,general_only,C1CCC(C2C3CCCCC3CC3CC(C4CCC(C5CCC6C(C5)CC5CCCCC5C6C5CCCCC5)C5CCCC45)CCC32)CC1,c1ccc(N2c3ccccc3Cc3cc(-c4ccc(-c5ccc6c(c5)Cc5ccccc5N6c5ccccc5)c5nsnc45)ccc32)cc1,outside_MR_TADF,outside_CzBN_domain,outside_CzBN_domain
E00_133_00303,CC1(C)c2ccccc2N(c2ccccc2)c2ccc(-c3ccc(C(=O)c4ccc(-c5ccc6c(c5)C(C)(C)c5ccccc5N6c5ccccc5)cc4)cc3)cc21,KXHSCVQOEDQWRA-UHFFFAOYSA-N,,10.1002/adfm.201603520,toluene,1,3.020632193301221,3.020632193301221,0.0,3.020632193301221,3.020632193301221,0.0,3.020632193301221,general_only,CC(C1CCC(C2CCC3C(C2)CC2CCCCC2C3C2CCCCC2)CC1)C1CCC(C2CCC3C(C2)CC2CCCCC2C3C2CCCCC2)CC1,O=C(c1ccc(-c2ccc3c(c2)Cc2ccccc2N3c2ccccc2)cc1)c1ccc(-c2ccc3c(c2)Cc2ccccc2N3c2ccccc2)cc1,outside_MR_TADF,outside_CzBN_domain,outside_CzBN_domain
E00_133_00304,CC1(C)c2ccccc2N(c2ccccc2)c2ccc(-c3ccc(S(=O)(=O)c4ccc(-c5ccc6c(c5)C(C)(C)c5ccccc5N6c5ccccc5)cc4)cc3)cc21,GDKWOEPGBQIJDV-UHFFFAOYSA-N,,10.1002/adfm.201603520,toluene,1,3.185805829767491,3.185805829767491,0.0,3.185805829767491,3.185805829767491,0.0,3.185805829767491,general_only,CC(C)(C1CCC(C2CCC3C(C2)CC2CCCCC2C3C2CCCCC2)CC1)C1CCC(C2CCC3C(C2)CC2CCCCC2C3C2CCCCC2)CC1,O=S(=O)(c1ccc(-c2ccc3c(c2)Cc2ccccc2N3c2ccccc2)cc1)c1ccc(-c2ccc3c(c2)Cc2ccccc2N3c2ccccc2)cc1,outside_MR_TADF,outside_CzBN_domain,outside_CzBN_domain
E00_133_00305,CC1(C)c2ccccc2N(c2ccccc2)c2ccc(-c3nc(-c4ccccc4)nc(-c4ccccc4)n3)cc21,CTBJZGALDJMHPU-UHFFFAOYSA-N,,10.1002/adfm.201603520,toluene,1,3.029457767674751,3.029457767674751,0.0,3.029457767674751,3.029457767674751,0.0,3.029457767674751,general_only,C1CCC(C2CC(C3CCCCC3)CC(C3CCC4C(C3)CC3CCCCC3C4C3CCCCC3)C2)CC1,c1ccc(-c2nc(-c3ccccc3)nc(-c3ccc4c(c3)Cc3ccccc3N4c3ccccc3)n2)cc1,outside_MR_TADF,outside_CzBN_domain,outside_CzBN_domain
E00_133_00306,CC1(C)c2ccccc2N(c2ccccc2)c2ccc(C(=O)c3ccc4c(c3)C(C)(C)c3ccccc3N4c3ccccc3)cc21,IXFBVIJNZHDSHG-UHFFFAOYSA-N,,10.1002/adfm.201603520,toluene,1,3.1674879575144836,3.1674879575144836,0.0,3.1674879575144836,3.1674879575144836,0.0,3.1674879575144836,general_only,CC(C1CCC2C(C1)CC1CCCCC1C2C1CCCCC1)C1CCC2C(C1)CC1CCCCC1C2C1CCCCC1,O=C(c1ccc2c(c1)Cc1ccccc1N2c1ccccc1)c1ccc2c(c1)Cc1ccccc1N2c1ccccc1,outside_MR_TADF,outside_CzBN_domain,outside_CzBN_domain
E00_133_00307,CC1(C)c2ccccc2N(c2ccccc2)c2ccc(S(=O)(=O)c3ccc4c(c3)C(C)(C)c3ccccc3N4c3ccccc3)cc21,BHYRONZVRJMIDQ-UHFFFAOYSA-N,,10.1002/adfm.201603520,toluene,1,3.493747270407634,3.493747270407634,0.0,3.493747270407634,3.493747270407634,0.0,3.493747270407634,general_only,CC(C)(C1CCC2C(CC3CCCCC3C2C2CCCCC2)C1)C1CCC2C(CC3CCCCC3C2C2CCCCC2)C1,O=S(=O)(c1ccc2c(c1)Cc1ccccc1N2c1ccccc1)c1ccc2c(c1)Cc1ccccc1N2c1ccccc1,outside_MR_TADF,outside_CzBN_domain,outside_CzBN_domain
E00_133_00308,CC1(C)c2ccccc2N2c3cccc4c3B(c3cccc1c32)c1cccc2c1N4c1ccccc1C2(C)C,IGLMLYDHKLUFBJ-UHFFFAOYSA-N,DMAc-BN,"J. Mater. Chem. C, 2021, 9, 8308–8313",toluene,1,2.628817822493712,2.628817822493712,0.0,2.628817822493712,2.628817822493712,0.0,2.628817822493712,MR_TADF_only,C1CCC2C(C1)CC1CCCC3C1C2C1CCCC2C4C5CCCCC5CC5CCCC(C54)C3C12,c1ccc2c(c1)Cc1cccc3c1N2c1cccc2c1B3c1cccc3c1N2c1ccccc1C3,related_extended_CzBN_core,amine_or_carbazole_donor,CZBN_CLUSTER_35
E00_133_00309,CC1(C)c2ccccc2N2c3ccccc3C3(c4cc(C#N)ccc4-c4ccc(C#N)cc43)c3cccc1c32,XBGCWGMMYGGHEC-UHFFFAOYSA-N,,10.1002/adom.201901150,toluene,1,3.168890525106721,3.168890525106721,0.0,3.168890525106721,3.168890525106721,0.0,3.168890525106721,general_only,C1CCC2C(C1)CC1CCCC3C1C2C1CCCCC1C31C2CCCCC2C2CCCCC21,c1ccc2c(c1)Cc1cccc3c1N2c1ccccc1C31c2ccccc2-c2ccccc21,outside_MR_TADF,outside_CzBN_domain,outside_CzBN_domain
E00_133_00310,CC1=C(Cc2ccccc2)C(C)=[N+]2C1=C(C)c1c(C)c(-c3csc(N4CCOCC4)n3)c(C)n1[B-]2(F)F,BKLCZINNZFLRQB-UHFFFAOYSA-N,,https://doi.org/10.1016/j.dyepig.2016.08.049,toluene,1,2.2046629597112477,2.2046629597112477,0.0,2.2046629597112477,2.2046629597112477,0.0,2.2046629597112477,general_only,C1CCC(CC2CC3CC4CC(C5CCC(C6CCCCC6)C5)CC4CC3C2)CC1,[BH2-]1n2cc(-c3csc(N4CCOCC4)n3)cc2C=C2C=C(Cc3ccccc3)C=[N+]12,outside_MR_TADF,outside_CzBN_domain,outside_CzBN_domain
E00_133_00311,CC1=C(c2ccccc2)C(C)=[N+]2C1=C(c1ccccc1)c1c(C)c(-c3ccccc3)c(C)n1[B-]2(F)F,MMNPKKKCRPJHQX-UHFFFAOYSA-N,,https://doi.org/10.1021/jo202215x,toluene,1,2.2849192344237816,2.2849192344237816,0.0,2.2849192344237816,2.2849192344237816,0.0,2.2849192344237816,general_only,C1CCC(C2CC3CC4CC(C5CCCCC5)CC4C(C4CCCCC4)C3C2)CC1,[BH2-]1n2cc(-c3ccccc3)cc2C(c2ccccc2)=C2C=C(c3ccccc3)C=[N+]12,outside_MR_TADF,outside_CzBN_domain,outside_CzBN_domain
E00_133_00312,CC1=C(c2cccs2)C(C)=[N+]2C1=C(c1ccc(O)cc1)c1c(C)c(-c3cccs3)c(C)n1[B-]2(F)F,YOSPJHCVKKNTHW-UHFFFAOYSA-N,,https://doi.org/10.1021/jo202215x,toluene,1,2.1963013869798824,2.1963013869798824,0.0,2.1963013869798824,2.1963013869798824,0.0,2.1963013869798824,general_only,C1CCC(C2C3CC(C4CCCC4)CC3CC3CC(C4CCCC4)CC32)CC1,[BH2-]1n2cc(-c3cccs3)cc2C(c2ccccc2)=C2C=C(c3cccs3)C=[N+]12,outside_MR_TADF,outside_CzBN_domain,outside_CzBN_domain
E00_133_00313,CC1=C(c2cccs2)C(C)=[N+]2C1=C(c1ccc(OS(=O)(=O)c3ccc([N+](=O)[O-])cc3[N+](=O)[O-])cc1)c1c(C)c(-c3cccs3)c(C)n1[B-]2(F)F,WCXZOOWUNCGPJD-UHFFFAOYSA-N,,https://doi.org/10.1021/jo202215x,toluene,1,2.17861534677816,2.17861534677816,0.0,2.17861534677816,2.17861534677816,0.0,2.17861534677816,general_only,CC(C)(CC1CCC(C2C3CC(C4CCCC4)CC3CC3CC(C4CCCC4)CC32)CC1)C1CCCCC1,O=S(=O)(Oc1ccc(C2=C3C=C(c4cccs4)C=[N+]3[BH2-]n3cc(-c4cccs4)cc32)cc1)c1ccccc1,outside_MR_TADF,outside_CzBN_domain,outside_CzBN_domain
E00_133_00314,CC1=C(c2cccs2)C(C)=[N+]2C1=C(c1ccccc1)c1c(C)c(-c3cccs3)c(C)n1[B-]2(F)F,TVCRUWHXWOIUQI-UHFFFAOYSA-N,,https://doi.org/10.1021/jo202215x,toluene,1,2.1878737181274595,2.1878737181274595,0.0,2.1878737181274595,2.1878737181274595,0.0,2.1878737181274595,general_only,C1CCC(C2C3CC(C4CCCC4)CC3CC3CC(C4CCCC4)CC32)CC1,[BH2-]1n2cc(-c3cccs3)cc2C(c2ccccc2)=C2C=C(c3cccs3)C=[N+]12,outside_MR_TADF,outside_CzBN_domain,outside_CzBN_domain
E00_133_00315,CC1=C2c3ccccc3C(c3[nH]c(C)cc3C)=[N+]2[B-](F)(F)n2c(C)cc(C)c21,MMFWRDJSYCEHTF-UHFFFAOYSA-N,,DOI: 10.1021/acs.joc.6b00414,toluene,1,2.0011713411856578,2.0011713411856578,0.0,2.0011713411856578,2.0011713411856578,0.0,2.0011713411856578,general_only,C1CC2CC3C4CCCCC4C(C4CCCC4)C3CC2C1,[BH2-]1n2cccc2C=C2c3ccccc3C(c3ccc[nH]3)=[N+]12,outside_MR_TADF,outside_CzBN_domain,outside_CzBN_domain
E00_133_00316,CC1=C2c3ccccc3C(c3ccc[nH]3)=[N+]2[B-](F)(F)n2cccc21,SCTRAUIPANLNEQ-UHFFFAOYSA-N,,DOI: 10.1021/acs.joc.6b00414,toluene,1,2.131490342016658,2.131490342016658,0.0,2.131490342016658,2.131490342016658,0.0,2.131490342016658,general_only,C1CC2CC3C4CCCCC4C(C4CCCC4)C3CC2C1,[BH2-]1n2cccc2C=C2c3ccccc3C(c3ccc[nH]3)=[N+]12,outside_MR_TADF,outside_CzBN_domain,outside_CzBN_domain
E00_133_00317,CC1=CC(/C=C/c2ccccc2)=[N+]2C1=C(c1ccccc1)c1c(C)cc(/C=C/c3ccccc3)n1[B-]2(F)F,JIQQEDYMHHYMFT-FRCMOREXSA-N,,DOI: 10.1039/c4cs00030g,toluene,1,1.9529302634744499,1.9529302634744499,0.0,1.9529302634744499,1.9529302634744499,0.0,1.9529302634744499,general_only,C1CCC(CCC2CCC3C2CC2C(CCC4CCCCC4)CCC2C3C2CCCCC2)CC1,[BH2-]1n2c(/C=C/c3ccccc3)ccc2C(c2ccccc2)=C2C=CC(/C=C/c3ccccc3)=[N+]12,outside_MR_TADF,outside_CzBN_domain,outside_CzBN_domain
E00_133_00318,CC1=CC(C)=[N+]2C1=C(c1c3ccccc3c(-c3ccccc3)c3ccccc13)c1c(C)cc(C)n1[B-]2(F)F,OCFJTTCFOOKOTR-UHFFFAOYSA-N,,10.1039/C7CP08472B,toluene,1,2.4126796658225165,2.4126796658225165,0.0,2.4126796658225165,2.4126796658225165,0.0,2.4126796658225165,general_only,C1CCC(C2C3CCCCC3C(C3C4CCCC4CC4CCCC43)C3CCCCC32)CC1,[BH2-]1n2cccc2C(c2c3ccccc3c(-c3ccccc3)c3ccccc23)=C2C=CC=[N+]12,outside_MR_TADF,outside_CzBN_domain,outside_CzBN_domain
E00_133_00319,CC1=CC(C)=[N+]2C1=C(c1c3ccccc3c(C)c3ccccc13)c1c(C)cc(C)n1[B-]2(F)F,BJXFDCSIEDGAMO-UHFFFAOYSA-N,,10.1039/C7CP08472B,toluene,1,2.4173009617978893,2.4173009617978893,0.0,2.4173009617978893,2.4173009617978893,0.0,2.4173009617978893,general_only,C1CCC2C(C1)CC1CCCCC1C2C1C2CCCC2CC2CCCC21,[BH2-]1n2cccc2C(c2c3ccccc3cc3ccccc23)=C2C=CC=[N+]12,outside_MR_TADF,outside_CzBN_domain,outside_CzBN_domain
E00_133_00320,CC1=CC(C)=[N+]2C1=C(c1c3ccccc3cc3ccccc13)c1c(C)cc(C)n1[B-]2(F)F,JMPXXXWQLRJJQH-UHFFFAOYSA-N,,10.1039/C7CP08472B,toluene,1,2.410491634802847,2.410491634802847,0.0,2.410491634802847,2.410491634802847,0.0,2.410491634802847,general_only,C1CCC2C(C1)CC1CCCCC1C2C1C2CCCC2CC2CCCC21,[BH2-]1n2cccc2C(c2c3ccccc3cc3ccccc23)=C2C=CC=[N+]12,outside_MR_TADF,outside_CzBN_domain,outside_CzBN_domain
E00_133_00321,CC1=CC(C)=[N+]2C1=C(c1ccc(-c3c4ccccc4c(-c4ccccc4)c4ccccc34)cc1)c1c(C)cc(C)n1[B-]2(F)F,OANHNDDMOSHPHK-UHFFFAOYSA-N,,10.1039/C7CP08472B,toluene,1,2.434042225304361,2.434042225304361,0.0,2.434042225304361,2.434042225304361,0.0,2.434042225304361,general_only,C1CCC(C2C3CCCCC3C(C3CCC(C4C5CCCC5CC5CCCC54)CC3)C3CCCCC32)CC1,[BH2-]1n2cccc2C(c2ccc(-c3c4ccccc4c(-c4ccccc4)c4ccccc34)cc2)=C2C=CC=[N+]12,outside_MR_TADF,outside_CzBN_domain,outside_CzBN_domain
E00_133_00322,CC1=CC(C)=[N+]2C1=C(c1ccc(-c3ccc(O)cc3)s1)c1c(C)cc(C)n1[B-]2(F)F,AHLMKBJLAPKNQX-UHFFFAOYSA-N,,https://doi.org/10.1021/jo202215x,toluene,1,2.3734687298517088,2.3734687298517088,0.0,2.3734687298517088,2.3734687298517088,0.0,2.3734687298517088,general_only,C1CCC(C2CCC(C3C4CCCC4CC4CCCC43)C2)CC1,[BH2-]1n2cccc2C(c2ccc(-c3ccccc3)s2)=C2C=CC=[N+]12,outside_MR_TADF,outside_CzBN_domain,outside_CzBN_domain
E00_133_00323,CC1=CC(C)=[N+]2C1=C(c1ccc(-c3ccc(OS(=O)(=O)c4ccc([N+](=O)[O-])cc4[N+](=O)[O-])cc3)s1)c1c(C)cc(C)n1[B-]2(F)F,FHZAKGUKJRUZNI-UHFFFAOYSA-N,,https://doi.org/10.1021/jo202215x,toluene,1,2.366722517665914,2.366722517665914,0.0,2.366722517665914,2.366722517665914,0.0,2.366722517665914,general_only,CC(C)(CC1CCC(C2CCC(C3C4CCCC4CC4CCCC43)C2)CC1)C1CCCCC1,O=S(=O)(Oc1ccc(-c2ccc(C3=C4C=CC=[N+]4[BH2-]n4cccc43)s2)cc1)c1ccccc1,outside_MR_TADF,outside_CzBN_domain,outside_CzBN_domain
E00_133_00324,CC1=CC(C)=[N+]2C1=C(c1ccc(C(=O)OC3C[C@@H]4CC[C@]3(C)C4(C)C)cc1)c1c(C)cc(C)n1[B-]2(F)F,DEUCQHMTAVLZMN-FNEOLHDUSA-N,,https://doi.org/10.1016/j.dyepig.2019.01.012,toluene,1,2.422207639598944,2.422207639598944,0.0,2.422207639598944,2.422207639598944,0.0,2.422207639598944,general_only,CC(CC1CC2CCC1C2)C1CCC(C2C3CCCC3CC3CCCC32)CC1,O=C(OC1C[C@@H]2CCC1C2)c1ccc(C2=C3C=CC=[N+]3[BH2-]n3cccc32)cc1,outside_MR_TADF,outside_CzBN_domain,outside_CzBN_domain
E00_133_00325,CC1=CC(C)=[N+]2C1=C(c1ccccc1)c1c(C)c(-c3cccs3)c(C)n1[B-]2(F)F,XKCFFQNGLLOFCF-UHFFFAOYSA-N,,https://doi.org/10.1021/jo202215x,toluene,1,2.2576463719931525,2.2576463719931525,0.0,2.2576463719931525,2.2576463719931525,0.0,2.2576463719931525,general_only,C1CCC(C2C3CCCC3CC3CC(C4CCCC4)CC32)CC1,[BH2-]1n2cc(-c3cccs3)cc2C(c2ccccc2)=C2C=CC=[N+]12,outside_MR_TADF,outside_CzBN_domain,outside_CzBN_domain
E00_133_00326,CC1=CC(C)=[N+]2C1=C(c1ccccc1)c1c(C)cc(C)n1[B-]2(F)F,QFNRXPJMRSOECW-UHFFFAOYSA-N,,https://doi.org/10.1021/jo202215x,toluene,1,2.4317091177556294,2.4317091177556294,0.0,2.4317091177556294,2.4317091177556294,0.0,2.4317091177556294,general_only,C1CCC(C2C3CCCC3CC3CCCC32)CC1,[BH2-]1n2cccc2C(c2ccccc2)=C2C=CC=[N+]12,outside_MR_TADF,outside_CzBN_domain,outside_CzBN_domain
E00_133_00327,CC1=CC(c2ccc(N(C)C)cc2)=[N+]2C1=Nc1c(C)cc(-c3ccc(N(C)C)cc3)n1[B-]2(F)F,ZCIHJAPCEXJXRJ-UHFFFAOYSA-N,,https://doi.org/10.1016/j.ejmech.2017.04.051,toluene,1,1.6405788179493728,1.6405788179493728,0.0,1.6405788179493728,1.6405788179493728,0.0,1.6405788179493728,general_only,C1CCC(C2CCC3CC4CCC(C5CCCCC5)C4CC32)CC1,[BH2-]1n2c(ccc2-c2ccccc2)N=C2C=CC(c3ccccc3)=[N+]12,outside_MR_TADF,outside_CzBN_domain,outside_CzBN_domain
E00_133_00328,CC1=CC(c2ccc3cc(N(C)C)ccc3c2)=[O+][B-](F)(F)O1,SRFJPRVHQHXUMG-UHFFFAOYSA-N,,https://doi.org/10.1016/j.cclet.2019.04.058,toluene,1,2.552656556495328,2.552656556495328,0.0,2.552656556495328,2.552656556495328,0.0,2.552656556495328,general_only,C1CCC(C2CCC3CCCCC3C2)CC1,[BH2-]1OC=CC(c2ccc3ccccc3c2)=[O+]1,outside_MR_TADF,outside_CzBN_domain,outside_CzBN_domain
E00_133_00329,CC1=NN(c2ccccc2)C(=O)/C1=C/c1cn(-c2ccccc2)nc1-c1ccccc1,UYCZWLZXXABFBN-JJIBRWJFSA-N,,https://doi.org/10.1016/j.dyepig.2015.11.014,toluene,1,3.1706014175526374,3.1706014175526374,0.0,3.1706014175526374,3.1706014175526374,0.0,3.1706014175526374,general_only,CC1C(C2CCCCC2)CCC1CC1CC(C2CCCCC2)CC1C1CCCCC1,O=C1/C(=C/c2cn(-c3ccccc3)nc2-c2ccccc2)C=NN1c1ccccc1,outside_MR_TADF,outside_CzBN_domain,outside_CzBN_domain
E00_133_00330,CC1=[N+]2C(=C(c3c4ccccc4c(-c4ccccc4)c4ccccc34)c3ccc(C)n3[B-]2(F)F)C=C1,ZPVUJDDKJNCBQZ-UHFFFAOYSA-N,,10.1039/C7CP08472B,toluene,1,2.360018543468498,2.360018543468498,0.0,2.360018543468498,2.360018543468498,0.0,2.360018543468498,general_only,C1CCC(C2C3CCCCC3C(C3C4CCCC4CC4CCCC43)C3CCCCC32)CC1,[BH2-]1n2cccc2C(c2c3ccccc3c(-c3ccccc3)c3ccccc23)=C2C=CC=[N+]12,outside_MR_TADF,outside_CzBN_domain,outside_CzBN_domain
E00_133_00331,CC1=[N+]2C(=C(c3c4ccccc4c(C)c4ccccc34)c3ccc(C)n3[B-]2(F)F)C=C1,OLXNFXLAFMNYLH-UHFFFAOYSA-N,,10.1039/C7CP08472B,toluene,1,2.355653698772488,2.355653698772488,0.0,2.355653698772488,2.355653698772488,0.0,2.355653698772488,general_only,C1CCC2C(C1)CC1CCCCC1C2C1C2CCCC2CC2CCCC21,[BH2-]1n2cccc2C(c2c3ccccc3cc3ccccc23)=C2C=CC=[N+]12,outside_MR_TADF,outside_CzBN_domain,outside_CzBN_domain
E00_133_00332,CC1=[N+]2C(=C(c3c4ccccc4cc4ccccc34)c3ccc(C)n3[B-]2(F)F)C=C1,ITAOYNHLPPLLRV-UHFFFAOYSA-N,,10.1039/C7CP08472B,toluene,1,2.3644163303886283,2.3644163303886283,0.0,2.3644163303886283,2.3644163303886283,0.0,2.3644163303886283,general_only,C1CCC2C(C1)CC1CCCCC1C2C1C2CCCC2CC2CCCC21,[BH2-]1n2cccc2C(c2c3ccccc3cc3ccccc23)=C2C=CC=[N+]12,outside_MR_TADF,outside_CzBN_domain,outside_CzBN_domain
E00_133_00333,CC1=[N+]2C(=C(c3ccc(-c4c5ccccc5c(-c5ccccc5)c5ccccc45)cc3)c3ccc(C)n3[B-]2(F)F)C=C1,AXKARLPUMWJAHT-UHFFFAOYSA-N,,10.1039/C7CP08472B,toluene,1,2.366963921431486,2.366963921431486,0.0,2.366963921431486,2.366963921431486,0.0,2.366963921431486,general_only,C1CCC(C2C3CCCCC3C(C3CCC(C4C5CCCC5CC5CCCC54)CC3)C3CCCCC32)CC1,[BH2-]1n2cccc2C(c2ccc(-c3c4ccccc4c(-c4ccccc4)c4ccccc34)cc2)=C2C=CC=[N+]12,outside_MR_TADF,outside_CzBN_domain,outside_CzBN_domain
E00_133_00334,CC1=[N+]2C(=C(c3ccc(C#N)cc3)c3ccc(C)n3[B-]2(F)F)C=C1,TZYJUVPOOPOTCC-UHFFFAOYSA-N,,10.1021/jp052626n,toluene,1,2.3364097978475393,2.3364097978475393,0.0,2.3364097978475393,2.3364097978475393,0.0,2.3364097978475393,general_only,C1CCC(C2C3CCCC3CC3CCCC32)CC1,[BH2-]1n2cccc2C(c2ccccc2)=C2C=CC=[N+]12,outside_MR_TADF,outside_CzBN_domain,outside_CzBN_domain
E00_133_00335,CC1=[N+]2C(=C(c3ccc(N(C)C)cc3)c3ccc(C)n3[B-]2(F)F)C=C1,OFEAFCHWMQGLLP-UHFFFAOYSA-N,,10.1021/jp052626n,toluene,1,2.2870401734299843,2.2870401734299843,0.0,2.2870401734299843,2.2870401734299843,0.0,2.2870401734299843,general_only,C1CCC(C2C3CCCC3CC3CCCC32)CC1,[BH2-]1n2cccc2C(c2ccccc2)=C2C=CC=[N+]12,outside_MR_TADF,outside_CzBN_domain,outside_CzBN_domain
E00_133_00336,CC1=[N+]2C(=C(c3ccc(N4CCCCC4)cc3)c3ccc(C)n3[B-]2(F)F)C=C1,WABJVVDBPMRGSX-UHFFFAOYSA-N,,10.1021/jp052626n,toluene,1,2.258838438006356,2.258838438006356,0.0,2.258838438006356,2.258838438006356,0.0,2.258838438006356,general_only,C1CCC(C2CCC(C3C4CCCC4CC4CCCC43)CC2)CC1,[BH2-]1n2cccc2C(c2ccc(N3CCCCC3)cc2)=C2C=CC=[N+]12,outside_MR_TADF,outside_CzBN_domain,outside_CzBN_domain
E00_133_00337,CC1=[N+]2C(=C(c3ccc(N4CCOCC4)cc3)c3ccc(C)n3[B-]2(F)F)C=C1,YDTPKZLNXQMDGP-UHFFFAOYSA-N,,10.1021/jp052626n,toluene,1,2.39651334757473,2.39651334757473,0.0,2.39651334757473,2.39651334757473,0.0,2.39651334757473,general_only,C1CCC(C2CCC(C3C4CCCC4CC4CCCC43)CC2)CC1,[BH2-]1n2cccc2C(c2ccc(N3CCOCC3)cc2)=C2C=CC=[N+]12,outside_MR_TADF,outside_CzBN_domain,outside_CzBN_domain
E00_133_00338,CC1=[N+]2C(=C(c3ccccc3)c3ccc(C)n3[B-]2(F)F)C=C1,MUSJCHVEFNUIJK-UHFFFAOYSA-N,,10.1021/jp052626n,toluene,1,2.3828194222931067,2.3828194222931067,0.0,2.3828194222931067,2.3828194222931067,0.0,2.3828194222931067,general_only,C1CCC(C2C3CCCC3CC3CCCC32)CC1,[BH2-]1n2cccc2C(c2ccccc2)=C2C=CC=[N+]12,outside_MR_TADF,outside_CzBN_domain,outside_CzBN_domain
E00_133_00339,CCC(=O)c1ccc2cc(N(C)C)ccc2c1,MPPQGYCZBNURDG-UHFFFAOYSA-N,,DOI: 10.1002/chem.201301020 | https://doi.org/10.1016/j.jphotochem.2012.04.011,toluene,2,3.2771874890194312,3.2771874890194312,0.014564385343986018,3.2668889133788848,3.2874860646599777,0.020597151281092962,3.2771874890194312,general_only,C1CCC2CCCCC2C1,c1ccc2ccccc2c1,outside_MR_TADF,outside_CzBN_domain,outside_CzBN_domain
E00_133_00340,CCC/N=C/c1cc2ccc(N(C)C)cc2cc1OC,MHKBOHIMSLNUIS-LDADJPATSA-N,,DOI: 10.1021/acs.orglett.9b00784,toluene,1,3.1634703906847683,3.1634703906847683,0.0,3.1634703906847683,3.1634703906847683,0.0,3.1634703906847683,general_only,C1CCC2CCCCC2C1,c1ccc2ccccc2c1,outside_MR_TADF,outside_CzBN_domain,outside_CzBN_domain
E00_133_00341,CCC1(CC)c2cc(/C=C/c3cc(Br)c(/C=C/c4ccc5c(c4)C(CC)(CC)c4cc(N6c7ccccc7Sc7ccccc76)ccc4-5)cc3Br)ccc2-c2ccc(N3c4ccccc4Sc4ccccc43)cc21,ACYFADXPEMXILA-XDHTVYJESA-N,,https://doi.org/10.1016/j.jlumin.2018.09.001,toluene,1,2.613248173645649,2.613248173645649,0.0,2.613248173645649,2.613248173645649,0.0,2.613248173645649,general_only,C1CCC2C(C1)CC1CCCCC1C2C1CCC2C(CC3CC(CCC4CCC(CCC5CCC6C(C5)CC5CC(C7C8CCCCC8CC8CCCCC87)CCC56)CC4)CCC32)C1,C(=C/c1ccc2c(c1)Cc1cc(N3c4ccccc4Sc4ccccc43)ccc1-2)\c1ccc(/C=C/c2ccc3c(c2)Cc2cc(N4c5ccccc5Sc5ccccc54)ccc2-3)cc1,outside_MR_TADF,outside_CzBN_domain,outside_CzBN_domain
E00_133_00342,CCC1(CC)c2cc(/C=C/c3ccc(/C=C/c4ccc5c(c4)C(CC)(CC)c4cc(N6c7ccccc7Sc7ccccc76)ccc4-5)cc3)ccc2-c2ccc(N3c4ccccc4Sc4ccccc43)cc21,SGGZPEDZXIAPGH-JWTBXLROSA-N,,https://doi.org/10.1016/j.jlumin.2018.09.001,toluene,1,2.7307913420802254,2.7307913420802254,0.0,2.7307913420802254,2.7307913420802254,0.0,2.7307913420802254,general_only,C1CCC2C(C1)CC1CCCCC1C2C1CCC2C(CC3CC(CCC4CCC(CCC5CCC6C(C5)CC5CC(C7C8CCCCC8CC8CCCCC87)CCC56)CC4)CCC32)C1,C(=C/c1ccc2c(c1)Cc1cc(N3c4ccccc4Sc4ccccc43)ccc1-2)\c1ccc(/C=C/c2ccc3c(c2)Cc2cc(N4c5ccccc5Sc5ccccc54)ccc2-3)cc1,outside_MR_TADF,outside_CzBN_domain,outside_CzBN_domain
E00_133_00343,CCC1(CC)c2cc(/C=C/c3ccc(N(c4ccccc4)c4ccccc4)cc3)ccc2-c2ccc(/C=C/c3ccc(N(c4ccccc4)c4ccccc4)cc3)cc21,YPQJNPDAXZMSQI-NBHCHVEOSA-N,,https://doi.org/10.1016/j.dyepig.2009.11.009,toluene,1,2.879577207069511,2.879577207069511,0.0,2.879577207069511,2.879577207069511,0.0,2.879577207069511,general_only,C1CCC(C(C2CCCCC2)C2CCC(CCC3CCC4C(C3)CC3CC(CCC5CCC(C(C6CCCCC6)C6CCCCC6)CC5)CCC34)CC2)CC1,C(=C/c1ccc2c(c1)Cc1cc(/C=C/c3ccc(N(c4ccccc4)c4ccccc4)cc3)ccc1-2)\c1ccc(N(c2ccccc2)c2ccccc2)cc1,outside_MR_TADF,outside_CzBN_domain,outside_CzBN_domain
E00_133_00344,CCC1(CC)c2cc(B(c3c(C)cc(C)cc3C)c3c(C)cc(C)cc3C)ccc2-c2c1c1c(c3c2C(CC)(CC)c2cc(B(c4c(C)cc(C)cc4C)c4c(C)cc(C)cc4C)ccc2-3)C(CC)(CC)c2cc(B(c3c(C)cc(C)cc3C)c3c(C)cc(C)cc3C)ccc2-1,XTGUOXNTDAJAGZ-UHFFFAOYSA-N,,DOI: 10.1021/jo071064w,toluene,1,3.313686313686314,3.313686313686314,0.0,3.313686313686314,3.313686313686314,0.0,3.313686313686314,general_only,C1CCC(C(C2CCCCC2)C2CCC3C(C2)CC2C3C3CC4CC(C(C5CCCCC5)C5CCCCC5)CCC4C3C3CC4CC(C(C5CCCCC5)C5CCCCC5)CCC4C23)CC1,c1ccc(B(c2ccccc2)c2ccc3c(c2)Cc2c-3c3c(c4c2-c2ccc(B(c5ccccc5)c5ccccc5)cc2C4)-c2ccc(B(c4ccccc4)c4ccccc4)cc2C3)cc1,outside_MR_TADF,outside_CzBN_domain,outside_CzBN_domain
E00_133_00345,CCC1(CC)c2cc(B(c3c(C)cc(C)cc3C)c3c(C)cc(C)cc3C)ccc2-c2c1c1c(c3c2C(CC)(CC)c2cc(N(c4ccccc4)c4ccccc4)ccc2-3)C(CC)(CC)c2cc(B(c3c(C)cc(C)cc3C)c3c(C)cc(C)cc3C)ccc2-1,PIBGYJFZKSGDBK-UHFFFAOYSA-N,,DOI: 10.1021/jo071064w,toluene,1,3.1043853771126497,3.1043853771126497,0.0,3.1043853771126497,3.1043853771126497,0.0,3.1043853771126497,general_only,C1CCC(C(C2CCCCC2)C2CCC3C(C2)CC2C3C3CC4CC(C(C5CCCCC5)C5CCCCC5)CCC4C3C3CC4CC(C(C5CCCCC5)C5CCCCC5)CCC4C23)CC1,c1ccc(B(c2ccccc2)c2ccc3c(c2)Cc2c-3c3c(c4c2-c2ccc(N(c5ccccc5)c5ccccc5)cc2C4)-c2ccc(B(c4ccccc4)c4ccccc4)cc2C3)cc1,outside_MR_TADF,outside_CzBN_domain,outside_CzBN_domain
E00_133_00346,CCC1(CC)c2cc(B(c3c(C)cc(C)cc3C)c3c(C)cc(C)cc3C)ccc2-c2c1c1c(c3c2C(CC)(CC)c2cc(N(c4ccccc4)c4ccccc4)ccc2-3)C(CC)(CC)c2cc(N(c3ccccc3)c3ccccc3)ccc2-1,UKZOTUFMSYSSJS-UHFFFAOYSA-N,,DOI: 10.1021/jo071064w,toluene,1,3.0981235098642355,3.0981235098642355,0.0,3.0981235098642355,3.0981235098642355,0.0,3.0981235098642355,general_only,C1CCC(C(C2CCCCC2)C2CCC3C(C2)CC2C3C3CC4CC(C(C5CCCCC5)C5CCCCC5)CCC4C3C3CC4CC(C(C5CCCCC5)C5CCCCC5)CCC4C23)CC1,c1ccc(B(c2ccccc2)c2ccc3c(c2)Cc2c-3c3c(c4c2-c2ccc(N(c5ccccc5)c5ccccc5)cc2C4)-c2ccc(N(c4ccccc4)c4ccccc4)cc2C3)cc1,outside_MR_TADF,outside_CzBN_domain,outside_CzBN_domain
E00_133_00347,CCC1(CC)c2cc(B(c3c(C)cc(C)cc3C)c3c(C)cc(C)cc3C)ccc2-c2ccc(N(c3ccccc3)c3ccc4c(c3)C(CC)(CC)c3cc(B(c5c(C)cc(C)cc5C)c5c(C)cc(C)cc5C)ccc3-4)cc21,MXJTWJNLXHZRFT-UHFFFAOYSA-N,,doi:10.1016/j.dyepig.2008.10.009,toluene,1,2.807166537060533,2.807166537060533,0.0,2.807166537060533,2.807166537060533,0.0,2.807166537060533,general_only,C1CCC(C(C2CCCCC2)C2CCC3C(CC4CC(C(C5CCCCC5)C5CCC6C(CC7CC(C(C8CCCCC8)C8CCCCC8)CCC76)C5)CCC43)C2)CC1,c1ccc(B(c2ccccc2)c2ccc3c(c2)Cc2cc(N(c4ccccc4)c4ccc5c(c4)Cc4cc(B(c6ccccc6)c6ccccc6)ccc4-5)ccc2-3)cc1,outside_MR_TADF,outside_CzBN_domain,outside_CzBN_domain
E00_133_00348,CCC1(CC)c2cc(B(c3c(C)cc(C)cc3C)c3c(C)cc(C)cc3C)ccc2-c2ccc(N(c3ccccc3)c3ccccc3)cc21,UYVASJDFEPEJSC-UHFFFAOYSA-N,,https://doi.org/10.1016/j.snb.2008.03.006,toluene,1,2.92239010989011,2.92239010989011,0.0,2.92239010989011,2.92239010989011,0.0,2.92239010989011,general_only,C1CCC(C(C2CCCCC2)C2CCC3C(CC4CC(C(C5CCCCC5)C5CCCCC5)CCC43)C2)CC1,c1ccc(B(c2ccccc2)c2ccc3c(c2)Cc2cc(N(c4ccccc4)c4ccccc4)ccc2-3)cc1,outside_MR_TADF,outside_CzBN_domain,outside_CzBN_domain
E00_133_00349,CCC1(CC)c2cc(C#Cc3cc(C#Cc4ccc5c(c4)C(CC)(CC)c4cc(N(c6ccccc6)c6ccccc6)ccc4-5)c4ccc5c(C#Cc6ccc7c(c6)C(CC)(CC)c6cc(N(c8ccccc8)c8ccccc8)ccc6-7)cc(C#Cc6ccc7c(c6)C(CC)(CC)c6cc(N(c8ccccc8)c8ccccc8)ccc6-7)c6ccc3c4c65)ccc2-c2ccc(N(c3ccccc3)c3ccccc3)cc21,LMGOHZVXINIVSO-UHFFFAOYSA-N,,https://doi.org/10.1021/jo300285v,toluene,1,2.3914828784303523,2.3914828784303523,0.0,2.3914828784303523,2.3914828784303523,0.0,2.3914828784303523,general_only,C1CCC(C(C2CCCCC2)C2CCC3C(CC4CC(CCC5CC(CCC6CCC7C(C6)CC6CC(C(C8CCCCC8)C8CCCCC8)CCC67)C6CCC7C(CCC8CCC9C(C8)CC8CC(C(C%10CCCCC%10)C%10CCCCC%10)CCC89)CC(CCC8CCC9C(C8)CC8CC(C(C%10CCCCC%10)C%10CCCCC%10)CCC89)C8CCC5C6C87)CCC43)C2)CC1,C(#Cc1cc(C#Cc2ccc3c(c2)Cc2cc(N(c4ccccc4)c4ccccc4)ccc2-3)c2ccc3c(C#Cc4ccc5c(c4)Cc4cc(N(c6ccccc6)c6ccccc6)ccc4-5)cc(C#Cc4ccc5c(c4)Cc4cc(N(c6ccccc6)c6ccccc6)ccc4-5)c4ccc1c2c43)c1ccc2c(c1)Cc1cc(N(c3ccccc3)c3ccccc3)ccc1-2,outside_MR_TADF,outside_CzBN_domain,outside_CzBN_domain
E00_133_00350,CCC1(CC)c2cc(N(c3ccccc3)c3ccccc3)ccc2-c2c1c1c(c3c2C(CC)(CC)c2cc(N(c4ccccc4)c4ccccc4)ccc2-3)C(CC)(CC)c2cc(N(c3ccccc3)c3ccccc3)ccc2-1,SIIVWVCHIKFHPQ-UHFFFAOYSA-N,,DOI: 10.1021/jo071064w,toluene,1,3.3002066876185623,3.3002066876185623,0.0,3.3002066876185623,3.3002066876185623,0.0,3.3002066876185623,general_only,C1CCC(C(C2CCCCC2)C2CCC3C(C2)CC2C3C3CC4CC(C(C5CCCCC5)C5CCCCC5)CCC4C3C3CC4CC(C(C5CCCCC5)C5CCCCC5)CCC4C23)CC1,c1ccc(N(c2ccccc2)c2ccc3c(c2)Cc2c-3c3c(c4c2-c2ccc(N(c5ccccc5)c5ccccc5)cc2C4)-c2ccc(N(c4ccccc4)c4ccccc4)cc2C3)cc1,outside_MR_TADF,outside_CzBN_domain,outside_CzBN_domain
E00_133_00351,CCC1(CC)c2ccccc2-c2c1c1c(c3c2C(CC)(CC)c2cc(N(c4ccccc4)c4ccccc4)ccc2-3)C(CC)(CC)c2cc(N(c3ccccc3)c3ccccc3)ccc2-1,MJADVTDQBBHSEK-UHFFFAOYSA-N,,DOI: 10.1021/jo071064w,toluene,1,3.3272905156537753,3.3272905156537753,0.0,3.3272905156537753,3.3272905156537753,0.0,3.3272905156537753,general_only,C1CCC(C(C2CCCCC2)C2CCC3C(C2)CC2C3C3CC4CCCCC4C3C3CC4CC(C(C5CCCCC5)C5CCCCC5)CCC4C32)CC1,c1ccc(N(c2ccccc2)c2ccc3c(c2)Cc2c-3c3c(c4c2-c2ccc(N(c5ccccc5)c5ccccc5)cc2C4)-c2ccccc2C3)cc1,outside_MR_TADF,outside_CzBN_domain,outside_CzBN_domain
E00_133_00352,CCC1(CC)c2ccccc2-c2c1c1c(c3c2C(CC)(CC)c2cc(N(c4ccccc4)c4ccccc4)ccc2-3)C(CC)(CC)c2ccccc2-1,BYVMHGXACGHWKR-UHFFFAOYSA-N,,DOI: 10.1021/jo071064w,toluene,1,3.3410211778357994,3.3410211778357994,0.0,3.3410211778357994,3.3410211778357994,0.0,3.3410211778357994,general_only,C1CCC(C(C2CCCCC2)C2CCC3C(C2)CC2C4C5CCCCC5CC4C4C5CCCCC5CC4C32)CC1,c1ccc(N(c2ccccc2)c2ccc3c(c2)Cc2c4c(c5c(c2-3)Cc2ccccc2-5)Cc2ccccc2-4)cc1,outside_MR_TADF,outside_CzBN_domain,outside_CzBN_domain
E00_133_00353,CCC1(CC)c2ccccc2-c2ccc(C#Cc3cc(C#Cc4ccc5c(c4)C(CC)(CC)c4ccccc4-5)c4ccc5c(C#Cc6ccc7c(c6)C(CC)(CC)c6ccccc6-7)cc(C#Cc6ccc7c(c6)C(CC)(CC)c6ccccc6-7)c6ccc3c4c65)cc21,KERYOPGJQQYCEM-UHFFFAOYSA-N,,https://doi.org/10.1021/jo300285v,toluene,1,2.3998178506375227,2.3998178506375227,0.0,2.3998178506375227,2.3998178506375227,0.0,2.3998178506375227,general_only,C1CCC2C(C1)CC1CC(CCC3CC(CCC4CCC5C(C4)CC4CCCCC45)C4CCC5C(CCC6CCC7C(C6)CC6CCCCC67)CC(CCC6CCC7C(C6)CC6CCCCC67)C6CCC3C4C65)CCC12,C(#Cc1cc(C#Cc2ccc3c(c2)Cc2ccccc2-3)c2ccc3c(C#Cc4ccc5c(c4)Cc4ccccc4-5)cc(C#Cc4ccc5c(c4)Cc4ccccc4-5)c4ccc1c2c43)c1ccc2c(c1)Cc1ccccc1-2,outside_MR_TADF,outside_CzBN_domain,outside_CzBN_domain
E00_133_00354,CCC1(CC)c2ccccc2-c2ccc(C#Cc3ccc4ccc5cccc6ccc3c4c56)cc21,AAWQCCDAAFULFL-UHFFFAOYSA-N,,https://doi.org/10.1021/jo300285v,toluene,1,3.035718566462903,3.035718566462903,0.0,3.035718566462903,3.035718566462903,0.0,3.035718566462903,general_only,C1CCC2C(C1)CC1CC(CCC3CCC4CCC5CCCC6CCC3C4C56)CCC12,C(#Cc1ccc2ccc3cccc4ccc1c2c34)c1ccc2c(c1)Cc1ccccc1-2,outside_MR_TADF,outside_CzBN_domain,outside_CzBN_domain
E00_133_00355,CCC1=C(C)C2=C(C)c3c(C)c(-c4csc(N5CCOCC5)n4)c(C)n3[B-](F)(F)[N+]2=C1C,NJAOOERPJAAIMD-UHFFFAOYSA-N,,https://doi.org/10.1016/j.dyepig.2016.08.049,toluene,1,2.214996551384373,2.214996551384373,0.0,2.214996551384373,2.214996551384373,0.0,2.214996551384373,general_only,C1CCC(C2CCC(C3CC4CC5CCCC5CC4C3)C2)CC1,[BH2-]1n2cc(-c3csc(N4CCOCC4)n3)cc2C=C2C=CC=[N+]12,outside_MR_TADF,outside_CzBN_domain,outside_CzBN_domain
E00_133_00356,CCC1=C(C)C2=C(C)c3c(C)c(CC)c(C)n3[B-](F)(F)[N+]2=C1C,DZSMVBDAUBBZJD-UHFFFAOYSA-N,,https://doi.org/10.1016/S0301-0104(98)00215-8,toluene,1,2.342456711230996,2.342456711230996,0.0,2.342456711230996,2.342456711230996,0.0,2.342456711230996,general_only,C1CC2CC3CCCC3CC2C1,[BH2-]1n2cccc2C=C2C=CC=[N+]12,outside_MR_TADF,outside_CzBN_domain,outside_CzBN_domain
E00_133_00357,CCC1=C(C)C2=C(c3c(C)cc(C)nc3-c3cccs3)c3c(C)c(CC)c(C)n3[B-](F)(F)[N+]2=C1C,WXPKMNCGHDGTRO-UHFFFAOYSA-N,,https://doi.org/10.1016/j.jlumin.2019.03.058,toluene,1,2.2843843405745226,2.2843843405745226,0.0,2.2843843405745226,2.2843843405745226,0.0,2.2843843405745226,general_only,C1CCC(C2CCCCC2C2C3CCCC3CC3CCCC32)C1,[BH2-]1n2cccc2C(c2cccnc2-c2cccs2)=C2C=CC=[N+]12,outside_MR_TADF,outside_CzBN_domain,outside_CzBN_domain
E00_133_00358,CCC1=C(C)C2=C(c3c4ccccc4c(-c4ccccc4)c4ccccc34)c3c(C)c(CC)c(C)n3[B-](F)(F)[N+]2=C1C,MYDCSRYSYNHLKB-UHFFFAOYSA-N,,10.1039/C7CP08472B,toluene,1,2.3007545714915176,2.3007545714915176,0.0,2.3007545714915176,2.3007545714915176,0.0,2.3007545714915176,general_only,C1CCC(C2C3CCCCC3C(C3C4CCCC4CC4CCCC43)C3CCCCC32)CC1,[BH2-]1n2cccc2C(c2c3ccccc3c(-c3ccccc3)c3ccccc23)=C2C=CC=[N+]12,outside_MR_TADF,outside_CzBN_domain,outside_CzBN_domain
E00_133_00359,CCC1=C(C)C2=C(c3c4ccccc4c(C)c4ccccc34)c3c(C)c(CC)c(C)n3[B-](F)(F)[N+]2=C1C,PBPXECZCHAZMHR-UHFFFAOYSA-N,,10.1039/C7CP08472B,toluene,1,2.3051194161875275,2.3051194161875275,0.0,2.3051194161875275,2.3051194161875275,0.0,2.3051194161875275,general_only,C1CCC2C(C1)CC1CCCCC1C2C1C2CCCC2CC2CCCC21,[BH2-]1n2cccc2C(c2c3ccccc3cc3ccccc23)=C2C=CC=[N+]12,outside_MR_TADF,outside_CzBN_domain,outside_CzBN_domain
E00_133_00360,CCC1=C(C)C2=C(c3c4ccccc4cc4ccccc34)c3c(C)c(CC)c(C)n3[B-](F)(F)[N+]2=C1C,SDNDHQLEGNYLTJ-UHFFFAOYSA-N,,10.1039/C7CP08472B,toluene,1,2.3029328992384945,2.3029328992384945,0.0,2.3029328992384945,2.3029328992384945,0.0,2.3029328992384945,general_only,C1CCC2C(C1)CC1CCCCC1C2C1C2CCCC2CC2CCCC21,[BH2-]1n2cccc2C(c2c3ccccc3cc3ccccc23)=C2C=CC=[N+]12,outside_MR_TADF,outside_CzBN_domain,outside_CzBN_domain
E00_133_00361,CCC1=C(C)C2=C(c3cc(C(=O)Cl)cc(C(=O)Cl)c3)c3c(C)c(CC)c(C)n3[B-](F)(F)[N+]2=C1C,CCAZEMJNSNDEHL-UHFFFAOYSA-N,,http://dx.doi.org/10.1016/j.tetlet.2015.02.097,toluene,1,2.2928351465064374,2.2928351465064374,0.0,2.2928351465064374,2.2928351465064374,0.0,2.2928351465064374,general_only,C1CCC(C2C3CCCC3CC3CCCC32)CC1,[BH2-]1n2cccc2C(c2ccccc2)=C2C=CC=[N+]12,outside_MR_TADF,outside_CzBN_domain,outside_CzBN_domain
E00_133_00362,CCC1=C(C)C2=C(c3cc(C(=O)Cl)cc(C4=C5C(C)=C(CC)C(C)=[N+]5[B-](F)(F)n5c(C)c(CC)c(C)c54)c3)c3c(C)c(CC)c(C)n3[B-](F)(F)[N+]2=C1C,OPYSTGPYURHCJI-UHFFFAOYSA-N,,http://dx.doi.org/10.1016/j.tetlet.2015.02.097,toluene,1,2.2642515361136657,2.2642515361136657,0.0,2.2642515361136657,2.2642515361136657,0.0,2.2642515361136657,general_only,C1CC(C2C3CCCC3CC3CCCC32)CC(C2C3CCCC3CC3CCCC32)C1,[BH2-]1n2cccc2C(c2cccc(C3=C4C=CC=[N+]4[BH2-]n4cccc43)c2)=C2C=CC=[N+]12,outside_MR_TADF,outside_CzBN_domain,outside_CzBN_domain
E00_133_00363,CCC1=C(C)C2=C(c3cc(C4=C5C(C)=C(CC)C(C)=[N+]5[B-](F)(F)n5c(C)c(CC)c(C)c54)cc(C4=C5C(C)=C(CC)C(C)=[N+]5[B-](F)(F)n5c(C)c(CC)c(C)c54)c3)c3c(C)c(CC)c(C)n3[B-](F)(F)[N+]2=C1C,IPPGKCVLMXSHQR-UHFFFAOYSA-N,,http://dx.doi.org/10.1016/j.tetlet.2015.02.097,toluene,1,2.2403767443832407,2.2403767443832407,0.0,2.2403767443832407,2.2403767443832407,0.0,2.2403767443832407,general_only,C1CC2CC3CCCC3C(C3CC(C4C5CCCC5CC5CCCC54)CC(C4C5CCCC5CC5CCCC54)C3)C2C1,[BH2-]1n2cccc2C(c2cc(C3=C4C=CC=[N+]4[BH2-]n4cccc43)cc(C3=C4C=CC=[N+]4[BH2-]n4cccc43)c2)=C2C=CC=[N+]12,outside_MR_TADF,outside_CzBN_domain,outside_CzBN_domain
E00_133_00364,CCC1=C(C)C2=C(c3ccc(-c4c5ccccc5c(-c5ccccc5)c5ccccc45)cc3)c3c(C)c(CC)c(C)n3[B-](F)(F)[N+]2=C1C,FABKQQVGTJIFOA-UHFFFAOYSA-N,,10.1039/C7CP08472B,toluene,1,2.322300977445455,2.322300977445455,0.0,2.322300977445455,2.322300977445455,0.0,2.322300977445455,general_only,C1CCC(C2C3CCCCC3C(C3CCC(C4C5CCCC5CC5CCCC54)CC3)C3CCCCC32)CC1,[BH2-]1n2cccc2C(c2ccc(-c3c4ccccc4c(-c4ccccc4)c4ccccc34)cc2)=C2C=CC=[N+]12,outside_MR_TADF,outside_CzBN_domain,outside_CzBN_domain
E00_133_00365,CCC1=C(C)C2=Cc3c4ccccc4c4n3[B-](C)(Oc3ccccc3-4)[N+]2=C1C,LKXKOZFLSHWUHA-UHFFFAOYSA-N,,DOI: 10.1021/acs.orglett.7b00601,toluene,1,1.9668427672955975,1.9668427672955975,0.0,1.9668427672955975,1.9668427672955975,0.0,1.9668427672955975,general_only,C1CCC2C(C1)CC1C3CCCC3CC3C4CCCCC4C2C13,C1=CC2=Cc3c4ccccc4c4n3[BH-](Oc3ccccc3-4)[N+]2=C1,outside_MR_TADF,outside_CzBN_domain,outside_CzBN_domain
E00_133_00366,CCC1=C(C)C2=Cc3c4ccccc4c4n3[B-](c3ccc(OC)cc3)(Oc3ccccc3-4)[N+]2=C1C,PMQDQSQNYIFTPP-UHFFFAOYSA-N,,DOI: 10.1021/acs.orglett.7b00601,toluene,1,1.9529302634744499,1.9529302634744499,0.0,1.9529302634744499,1.9529302634744499,0.0,1.9529302634744499,general_only,C1CCC(C23CC4CCCCC4C4C5CCCCC5C(CC5CCCC52)C43)CC1,C1=CC2=Cc3c4ccccc4c4n3[B-](c3ccccc3)(Oc3ccccc3-4)[N+]2=C1,outside_MR_TADF,outside_CzBN_domain,outside_CzBN_domain
E00_133_00367,CCC1=C(C)C2=Cc3c4ccccc4c4n3[B-](c3ccc5cc6ccccc6cc5c3)(Oc3ccccc3-4)[N+]2=C1C,MKCSJZFSDOOHCU-UHFFFAOYSA-N,,DOI: 10.1021/acs.orglett.7b00601,toluene,1,1.951365673674566,1.951365673674566,0.0,1.951365673674566,1.951365673674566,0.0,1.951365673674566,general_only,C1CCC2CC3CC(C45CC6CCCCC6C6C7CCCCC7C(CC7CCCC74)C65)CCC3CC2C1,C1=CC2=Cc3c4ccccc4c4n3[B-](c3ccc5cc6ccccc6cc5c3)(Oc3ccccc3-4)[N+]2=C1,outside_MR_TADF,outside_CzBN_domain,outside_CzBN_domain
E00_133_00368,CCC1=C(C)C2=Cc3c4ccccc4c4n3[B-](c3ccc5ccc6cccc7ccc3c5c67)(Oc3ccccc3-4)[N+]2=C1C,VMADVDKETJVSQF-UHFFFAOYSA-N,,DOI: 10.1021/acs.orglett.7b00601,toluene,1,1.9498590713543984,1.9498590713543984,0.0,1.9498590713543984,1.9498590713543984,0.0,1.9498590713543984,general_only,C1CCC2C(C1)CC1(C3CCC4CCC5CCCC6CCC3C4C56)C3CCCC3CC3C4CCCCC4C2C31,C1=CC2=Cc3c4ccccc4c4n3[B-](c3ccc5ccc6cccc7ccc3c5c67)(Oc3ccccc3-4)[N+]2=C1,outside_MR_TADF,outside_CzBN_domain,outside_CzBN_domain
E00_133_00369,CCC1=C(C)C2=Cc3c4ccccc4c4n3[B-](c3ccccc3)(Oc3ccccc3-4)[N+]2=C1C,YMBWRDCXHTWALI-UHFFFAOYSA-N,,DOI: 10.1021/acs.orglett.7b00601,toluene,1,1.954441573926868,1.954441573926868,0.0,1.954441573926868,1.954441573926868,0.0,1.954441573926868,general_only,C1CCC(C23CC4CCCCC4C4C5CCCCC5C(CC5CCCC52)C43)CC1,C1=CC2=Cc3c4ccccc4c4n3[B-](c3ccccc3)(Oc3ccccc3-4)[N+]2=C1,outside_MR_TADF,outside_CzBN_domain,outside_CzBN_domain
E00_133_00370,CCC1=C(C)C2=Cc3c4ccccc4c4n3[B-](c3ccncc3)(Oc3ccccc3-4)[N+]2=C1C,SIKJMYZIORUJFZ-UHFFFAOYSA-N,,DOI: 10.1021/acs.orglett.7b00601,toluene,1,1.955957614615444,1.955957614615444,0.0,1.955957614615444,1.955957614615444,0.0,1.955957614615444,general_only,C1CCC(C23CC4CCCCC4C4C5CCCCC5C(CC5CCCC52)C43)CC1,C1=CC2=Cc3c4ccccc4c4n3[B-](c3ccncc3)(Oc3ccccc3-4)[N+]2=C1,outside_MR_TADF,outside_CzBN_domain,outside_CzBN_domain
E00_133_00371,CCC1=C(C)C2=Cc3c4ccccc4c4n3[B-](c3ccncc3)(Oc3ccccc3-4)[N+]2=C1C=Cc1ccc(OC)cc1,OZRNATBYAWUNMY-UHFFFAOYSA-N,,DOI: 10.1021/acs.orglett.7b00601,toluene,1,1.7430456772562035,1.7430456772562035,0.0,1.7430456772562035,1.7430456772562035,0.0,1.7430456772562035,general_only,C1CCC(CCC2CCC3CC4C5CCCCC5C5C6CCCCC6CC(C6CCCCC6)(C23)C45)CC1,C1=CC(C=Cc2ccccc2)=[N+]2C1=Cc1c3ccccc3c3n1[B-]2(c1ccncc1)Oc1ccccc1-3,outside_MR_TADF,outside_CzBN_domain,outside_CzBN_domain
E00_133_00372,CCC1=[N+]2c3c(c4ccc(Oc5c(C)cc(C)cc5C)c5cc6c(Oc7c(C)cc(C)cc7C)ccc7c8cc(CC)n(c8c3c(c54)c67)[B-]2(F)F)=C1,MXYCTXSIOWWYAR-UHFFFAOYSA-N,,DOI: 10.1039/c4cs00030g,toluene,1,1.3861052442367323,1.3861052442367323,0.0,1.3861052442367323,1.3861052442367323,0.0,1.3861052442367323,general_only,C1CCC(CC2CCC3C4CCC5CC6CCC7C8CCC(CC9CCCCC9)C9CC2C3C(C98)C(C54)C67)CC1,[BH2-]1n2ccc3c4ccc(Oc5ccccc5)c5cc6c(Oc7ccccc7)ccc7c8c(c(c(c67)c54)c32)[N+]1=CC=8,outside_MR_TADF,outside_CzBN_domain,outside_CzBN_domain
E00_133_00373,CCCC1(CCC)c2cc(-c3ccc(-c4ccccc4)cc3)ccc2-c2ccc(-c3ccc4c(c3)C(CCC)(CCC)c3cc(-c5ccc(-c6ccccc6)cc5)ccc3-4)cc21,GXOHIORGDAEFNH-UHFFFAOYSA-N,,10.1007/BF00723901,toluene,1,3.2789832350850787,3.2789832350850787,0.0,3.2789832350850787,3.2789832350850787,0.0,3.2789832350850787,general_only,C1CCC(C2CCC(C3CCC4C(C3)CC3CC(C5CCC6C(C5)CC5CC(C7CCC(C8CCCCC8)CC7)CCC56)CCC34)CC2)CC1,c1ccc(-c2ccc(-c3ccc4c(c3)Cc3cc(-c5ccc6c(c5)Cc5cc(-c7ccc(-c8ccccc8)cc7)ccc5-6)ccc3-4)cc2)cc1,outside_MR_TADF,outside_CzBN_domain,outside_CzBN_domain
E00_133_00374,CCCC1=Cc2nc1ccc1[nH]c(cc1CCC)c1nc(c(N)cc3[nH]c2cc3CCC)C(CCC)=C1,UCNJBSIXLXZDFN-UHFFFAOYSA-N,,https://doi.org/10.1016/S1011-1344(97)00075-4,toluene,1,1.7237195463590873,1.7237195463590873,0.0,1.7237195463590873,1.7237195463590873,0.0,1.7237195463590873,general_only,C1CC2CCC(C2)C2CCC(CCC3CCC(C3)C3CCC1C3)C2,C1=Cc2nc1ccc1ccc([nH]1)c1nc(ccc3ccc2[nH]3)C=C1,outside_MR_TADF,outside_CzBN_domain,outside_CzBN_domain
E00_133_00375,CCCC1=Cc2nc1ccc1[nH]c(cc1CCC)c1nc(c(NC(=O)CCCC(=O)OC)cc3[nH]c2cc3CCC)C(CCC)=C1,FOQOFJBONFERGL-UHFFFAOYSA-N,,https://doi.org/10.1016/S1011-1344(97)00075-4,toluene,1,1.8896826869549082,1.8896826869549082,0.0,1.8896826869549082,1.8896826869549082,0.0,1.8896826869549082,general_only,C1CC2CCC(C2)C2CCC(CCC3CCC(C3)C3CCC1C3)C2,C1=Cc2nc1ccc1ccc([nH]1)c1nc(ccc3ccc2[nH]3)C=C1,outside_MR_TADF,outside_CzBN_domain,outside_CzBN_domain
E00_133_00376,CCCC1=Cc2nc1ccc1[nH]c(cc1CCC)c1nc(c(NC(C)=O)cc3[nH]c2cc3CCC)C(CCC)=C1,QOTQOQBNFSBUHL-UHFFFAOYSA-N,,https://doi.org/10.1016/S1011-1344(97)00075-4,toluene,1,1.8833735517342314,1.8833735517342314,0.0,1.8833735517342314,1.8833735517342314,0.0,1.8833735517342314,general_only,C1CC2CCC(C2)C2CCC(CCC3CCC(C3)C3CCC1C3)C2,C1=Cc2nc1ccc1ccc([nH]1)c1nc(ccc3ccc2[nH]3)C=C1,outside_MR_TADF,outside_CzBN_domain,outside_CzBN_domain
E00_133_00377,CCCC1=Cc2nc1ccc1[nH]c(cc1CCC)c1nc(c(O)cc3[nH]c2cc3CCC)C(CCC)=C1,XUSHGTKSDMJYLW-UHFFFAOYSA-N,,https://doi.org/10.1016/S1011-1344(97)00075-4,toluene,1,1.8235649050262657,1.8235649050262657,0.0,1.8235649050262657,1.8235649050262657,0.0,1.8235649050262657,general_only,C1CC2CCC(C2)C2CCC(CCC3CCC(C3)C3CCC1C3)C2,C1=Cc2nc1ccc1ccc([nH]1)c1nc(ccc3ccc2[nH]3)C=C1,outside_MR_TADF,outside_CzBN_domain,outside_CzBN_domain
E00_133_00378,CCCC1=Cc2nc1ccc1[nH]c(cc1CCC)c1nc(c(OC(=O)CCCC(=O)OC(C)(C)C)cc3[nH]c2cc3CCC)C(CCC)=C1,SRUXMEYGRNICOF-UHFFFAOYSA-N,,https://doi.org/10.1016/S1011-1344(97)00075-4,toluene,1,1.9136212624584719,1.9136212624584719,0.0,1.9136212624584719,1.9136212624584719,0.0,1.9136212624584719,general_only,C1CC2CCC(C2)C2CCC(CCC3CCC(C3)C3CCC1C3)C2,C1=Cc2nc1ccc1ccc([nH]1)c1nc(ccc3ccc2[nH]3)C=C1,outside_MR_TADF,outside_CzBN_domain,outside_CzBN_domain
E00_133_00379,CCCC1=Cc2nc1ccc1[nH]c(cc1CCC)c1nc(c(OC(C)=O)cc3[nH]c2cc3CCC)C(CCC)=C1,DIXJBHYJSCGAQG-UHFFFAOYSA-N,,https://doi.org/10.1016/S1011-1344(97)00075-4,toluene,1,1.9150864639236733,1.9150864639236733,0.0,1.9150864639236733,1.9150864639236733,0.0,1.9150864639236733,general_only,C1CC2CCC(C2)C2CCC(CCC3CCC(C3)C3CCC1C3)C2,C1=Cc2nc1ccc1ccc([nH]1)c1nc(ccc3ccc2[nH]3)C=C1,outside_MR_TADF,outside_CzBN_domain,outside_CzBN_domain
E00_133_00380,CCCC1=Cc2nc1ccc1[nH]c(cc1CCC)c1nc(c(OC)cc3[nH]c2cc3CCC)C(CCC)=C1,VVQGXIQPOKQKRZ-UHFFFAOYSA-N,,https://doi.org/10.1016/S1011-1344(97)00075-4,toluene,1,1.8102536997885834,1.8102536997885834,0.0,1.8102536997885834,1.8102536997885834,0.0,1.8102536997885834,general_only,C1CC2CCC(C2)C2CCC(CCC3CCC(C3)C3CCC1C3)C2,C1=Cc2nc1ccc1ccc([nH]1)c1nc(ccc3ccc2[nH]3)C=C1,outside_MR_TADF,outside_CzBN_domain,outside_CzBN_domain
E00_133_00381,CCCC1=Cc2nc1ccc1[nH]c(cc1CCC)c1nc(c(OCc3ccc(C(=O)O)cc3)cc3[nH]c2cc3CCC)C(CCC)=C1,ZAXUZIQDGXUKFT-UHFFFAOYSA-N,,https://doi.org/10.1016/S1011-1344(97)00075-4,toluene,1,1.820914511207668,1.820914511207668,0.0,1.820914511207668,1.820914511207668,0.0,1.820914511207668,general_only,C1CCC(CCC2CC3CCC(C3)C3CCC(CCC4CCC(C4)C4CCC2C4)C3)CC1,C1=Cc2nc1ccc1ccc([nH]1)c1nc(c(OCc3ccccc3)cc3ccc2[nH]3)C=C1,outside_MR_TADF,outside_CzBN_domain,outside_CzBN_domain
E00_133_00382,CCCC1=Cc2nc1ccc1[nH]c(cc1CCC)c1nc(ccc3[nH]c2cc3CCC)C(CCC)=C1,QMBOWCIYCNOEAU-UHFFFAOYSA-N,,https://doi.org/10.1016/S1011-1344(97)00075-4,toluene,1,1.89677392193139,1.89677392193139,0.0,1.89677392193139,1.89677392193139,0.0,1.89677392193139,general_only,C1CC2CCC(C2)C2CCC(CCC3CCC(C3)C3CCC1C3)C2,C1=Cc2nc1ccc1ccc([nH]1)c1nc(ccc3ccc2[nH]3)C=C1,outside_MR_TADF,outside_CzBN_domain,outside_CzBN_domain
E00_133_00383,CCCC1=Cc2nc1ccc1[nH]c(cc1CCO)c1nc(ccc3[nH]c2cc3CCC)C(CCO)=C1,YSPNUVYIXWXJQK-UHFFFAOYSA-N,,https://doi.org/10.1016/S1011-1344(97)00075-4,toluene,1,1.9375189210832136,1.9375189210832136,0.0,1.9375189210832136,1.9375189210832136,0.0,1.9375189210832136,general_only,C1CC2CCC(C2)C2CCC(CCC3CCC(C3)C3CCC1C3)C2,C1=Cc2nc1ccc1ccc([nH]1)c1nc(ccc3ccc2[nH]3)C=C1,outside_MR_TADF,outside_CzBN_domain,outside_CzBN_domain
E00_133_00384,CCCC1=Cc2nc1ccc1[nH]c(cc1CCOC)c1nc(ccc3[nH]c2cc3CCC)C(CCOC)=C1,YDSNOMRXVBVRSW-UHFFFAOYSA-N,,https://doi.org/10.1016/S1011-1344(97)00075-4,toluene,1,1.9375189210832136,1.9375189210832136,0.0,1.9375189210832136,1.9375189210832136,0.0,1.9375189210832136,general_only,C1CC2CCC(C2)C2CCC(CCC3CCC(C3)C3CCC1C3)C2,C1=Cc2nc1ccc1ccc([nH]1)c1nc(ccc3ccc2[nH]3)C=C1,outside_MR_TADF,outside_CzBN_domain,outside_CzBN_domain
E00_133_00385,CCCCC(CC)CN1C(=O)C2=C(c3ccc(-c4ccc(C5=C6C(C)=CC(C)=[N+]6[B-](F)(F)n6c(C)cc(C)c65)cc4)s3)N(CC(CC)CCCC)C(=O)C2=C1c1ccc(-c2ccc(C3=C4C(C)=CC(C)=[N+]4[B-](F)(F)n4c(C)cc(C)c43)cc2)s1,JULKUHSYOQQOCX-UHFFFAOYSA-N,,https://doi.org/10.1016/j.dyepig.2018.04.054,toluene,1,1.9814424831846433,1.9814424831846433,0.0,1.9814424831846433,1.9814424831846433,0.0,1.9814424831846433,general_only,CC1CC(C2CCC(C3CCC(C4C5CCCC5CC5CCCC54)CC3)C2)C2C(C)CC(C3CCC(C4CCC(C5C6CCCC6CC6CCCC65)CC4)C3)C12,O=C1NC(c2ccc(-c3ccc(C4=C5C=CC=[N+]5[BH2-]n5cccc54)cc3)s2)=C2C(=O)NC(c3ccc(-c4ccc(C5=C6C=CC=[N+]6[BH2-]n6cccc65)cc4)s3)=C12,outside_MR_TADF,outside_CzBN_domain,outside_CzBN_domain
E00_133_00386,CCCCC(CC)CN1C(=O)C2=C(c3ccc(-c4ccc(C5=C6C(C)=CC(C)=[N+]6[B-](F)(F)n6c(C)cc(C)c65)cc4)s3)N(CC(CC)CCCC)C(=O)C2=C1c1cccs1,WQXYGZQFXWZKGL-UHFFFAOYSA-N,,https://doi.org/10.1016/j.dyepig.2018.04.054,toluene,1,2.064150107931588,2.064150107931588,0.0,2.064150107931588,2.064150107931588,0.0,2.064150107931588,general_only,CC1CC(C2CCC(C3CCC(C4C5CCCC5CC5CCCC54)CC3)C2)C2C(C)CC(C3CCCC3)C12,O=C1NC(c2ccc(-c3ccc(C4=C5C=CC=[N+]5[BH2-]n5cccc54)cc3)s2)=C2C(=O)NC(c3cccs3)=C12,outside_MR_TADF,outside_CzBN_domain,outside_CzBN_domain
E00_133_00387,CCCCC(CC)CN1C(=O)c2cc(Oc3ccc(C(C)(C)C)cc3)c3c4c(Cl)cc5c6c(cc(Cl)c(c7c(Oc8ccc(C(C)(C)C)cc8)cc(c2c37)C1=O)c64)C(=O)N(c1c(C(C)C)cccc1C(C)C)C5=O,HSYDCJACTDIRJP-UHFFFAOYSA-N,,DOI: 10.1021/acs.joc.9b01131,toluene,1,2.1302451673738805,2.1302451673738805,0.0,2.1302451673738805,2.1302451673738805,0.0,2.1302451673738805,general_only,CC1CC(C)C2CC(CC3CCCCC3)C3C4CCC5C(C)C(C6CCCCC6)C(C)C6CCC(C7C(CC8CCCCC8)CC1C2C73)C4C65,O=C1NC(=O)c2cc(Oc3ccccc3)c3c4ccc5c6c(ccc(c7c(Oc8ccccc8)cc1c2c73)c64)C(=O)N(c1ccccc1)C5=O,outside_MR_TADF,outside_CzBN_domain,outside_CzBN_domain
E00_133_00388,CCCCC(CC)CN1C(=O)c2cc(Oc3ccc(C(C)(C)C)cc3)c3c4c(Oc5ccc(OC)cc5)cc5c6c(cc(Oc7ccc(OC)cc7)c(c7c(Oc8ccc(C(C)(C)C)cc8)cc(c2c37)C1=O)c64)C(=O)N(c1c(C(C)C)cccc1C(C)C)C5=O,XHZGGRRPABDHNM-UHFFFAOYSA-N,,DOI: 10.1021/acs.joc.9b01131,toluene,1,2.0868624875441615,2.0868624875441615,0.0,2.0868624875441615,2.0868624875441615,0.0,2.0868624875441615,general_only,CC1CC(C)C2CC(CC3CCCCC3)C3C4C(CC5CCCCC5)CC5C(C)C(C6CCCCC6)C(C)C6CC(CC7CCCCC7)C(C7C(CC8CCCCC8)CC1C2C73)C4C65,O=C1NC(=O)c2cc(Oc3ccccc3)c3c4c(Oc5ccccc5)cc5c6c(cc(Oc7ccccc7)c(c7c(Oc8ccccc8)cc1c2c73)c64)C(=O)N(c1ccccc1)C5=O,outside_MR_TADF,outside_CzBN_domain,outside_CzBN_domain
E00_133_00389,CCCCC(CC)CN1C(=O)c2cc(Oc3ccc(OC)cc3)c3c4c(Cl)cc5c6c(cc(Cl)c(c7c(Oc8ccc(OC)cc8)cc(c2c37)C1=O)c64)C(=O)N(c1c(C(C)C)cccc1C(C)C)C5=O,MFAIAXKLEIAYFB-UHFFFAOYSA-N,,DOI: 10.1021/acs.joc.9b01131,toluene,1,2.107117119714047,2.107117119714047,0.0,2.107117119714047,2.107117119714047,0.0,2.107117119714047,general_only,CC1CC(C)C2CC(CC3CCCCC3)C3C4CCC5C(C)C(C6CCCCC6)C(C)C6CCC(C7C(CC8CCCCC8)CC1C2C73)C4C65,O=C1NC(=O)c2cc(Oc3ccccc3)c3c4ccc5c6c(ccc(c7c(Oc8ccccc8)cc1c2c73)c64)C(=O)N(c1ccccc1)C5=O,outside_MR_TADF,outside_CzBN_domain,outside_CzBN_domain
E00_133_00390,CCCCC(CC)CN1C(=O)c2cc(Oc3ccc(OC)cc3)c3c4c(Oc5ccc(C(C)(C)C)cc5)cc5c6c(cc(Oc7ccc(C(C)(C)C)cc7)c(c7c(Oc8ccc(OC)cc8)cc(c2c37)C1=O)c64)C(=O)N(c1c(C(C)C)cccc1C(C)C)C5=O,VYQURVMSGHDYAQ-UHFFFAOYSA-N,,DOI: 10.1021/acs.joc.9b01131,toluene,1,2.0868624875441615,2.0868624875441615,0.0,2.0868624875441615,2.0868624875441615,0.0,2.0868624875441615,general_only,CC1CC(C)C2CC(CC3CCCCC3)C3C4C(CC5CCCCC5)CC5C(C)C(C6CCCCC6)C(C)C6CC(CC7CCCCC7)C(C7C(CC8CCCCC8)CC1C2C73)C4C65,O=C1NC(=O)c2cc(Oc3ccccc3)c3c4c(Oc5ccccc5)cc5c6c(cc(Oc7ccccc7)c(c7c(Oc8ccccc8)cc1c2c73)c64)C(=O)N(c1ccccc1)C5=O,outside_MR_TADF,outside_CzBN_domain,outside_CzBN_domain
E00_133_00391,CCCCC(CC)CN1C(=O)c2cccc3c(C#Cc4ccc(N(c5ccc(C#Cc6ccc7c8c(cccc68)C(=O)N(CC(CC)CCCC)C7=O)cc5)c5ccc(C#Cc6ccc7c8c(cccc68)C(=O)N(CC(CC)CCCC)C7=O)cc5)cc4)ccc(c23)C1=O,KSPUNFVJXHMCNC-UHFFFAOYSA-N,,DOI: 10.1021/acs.jpcc.5b10163,toluene,1,2.591684916744881,2.591684916744881,0.0,2.591684916744881,2.591684916744881,0.0,2.591684916744881,general_only,CC1CC(C)C2CCC(CCC3CCC(C(C4CCC(CCC5CCC6C(C)CC(C)C7CCCC5C76)CC4)C4CCC(CCC5CCC6C(C)CC(C)C7CCCC5C76)CC4)CC3)C3CCCC1C23,O=C1NC(=O)c2ccc(C#Cc3ccc(N(c4ccc(C#Cc5ccc6c7c(cccc57)C(=O)NC6=O)cc4)c4ccc(C#Cc5ccc6c7c(cccc57)C(=O)NC6=O)cc4)cc3)c3cccc1c23,outside_MR_TADF,outside_CzBN_domain,outside_CzBN_domain
E00_133_00392,CCCCC(CC)CN1C(=O)c2cccc3c(C#Cc4ccc(N(c5ccccc5)c5ccc(C#Cc6ccc7c8c(cccc68)C(=O)N(CC(CC)CCCC)C7=O)cc5)cc4)ccc(c23)C1=O,BBVVQLLEIQBCEJ-UHFFFAOYSA-N,,DOI: 10.1021/acs.jpcc.5b10163,toluene,1,2.5779070968630555,2.5779070968630555,0.0,2.5779070968630555,2.5779070968630555,0.0,2.5779070968630555,general_only,CC1CC(C)C2CCC(CCC3CCC(C(C4CCCCC4)C4CCC(CCC5CCC6C(C)CC(C)C7CCCC5C76)CC4)CC3)C3CCCC1C23,O=C1NC(=O)c2ccc(C#Cc3ccc(N(c4ccccc4)c4ccc(C#Cc5ccc6c7c(cccc57)C(=O)NC6=O)cc4)cc3)c3cccc1c23,outside_MR_TADF,outside_CzBN_domain,outside_CzBN_domain
E00_133_00393,CCCCC(CC)CN1C(=O)c2cccc3c(C#Cc4ccc(N(c5ccccc5)c5ccccc5)cc4)ccc(c23)C1=O,GLFANLRTPFHUIL-UHFFFAOYSA-N,,DOI: 10.1021/acs.jpcc.5b10163,toluene,1,2.626462614155251,2.626462614155251,0.0,2.626462614155251,2.626462614155251,0.0,2.626462614155251,general_only,CC1CC(C)C2CCC(CCC3CCC(C(C4CCCCC4)C4CCCCC4)CC3)C3CCCC1C23,O=C1NC(=O)c2ccc(C#Cc3ccc(N(c4ccccc4)c4ccccc4)cc3)c3cccc1c23,outside_MR_TADF,outside_CzBN_domain,outside_CzBN_domain
E00_133_00394,CCCCC(CC)Cn1c2ccc(C(=C(C#N)C#N)c3ccccc3)cc2c2c(-c3ccc(Br)cc3)c3c(c(-c4ccc(Br)cc4)c21)c1cc(C(=C(C#N)C#N)c2ccccc2)ccc1n3CC(CC)CCCC,CCTKPOHRKGXJTO-UHFFFAOYSA-N,,https://doi.org/10.1016/j.dyepig.2018.06.040,toluene,1,2.5018599385411613,2.5018599385411613,0.0,2.5018599385411613,2.5018599385411613,0.0,2.5018599385411613,general_only,CC(C1CCCCC1)C1CCC2CC3C(C4CCCCC4)C4C5CC(C(C)C6CCCCC6)CCC5CC4C(C4CCCCC4)C3C2C1,C=C(c1ccccc1)c1ccc2[nH]c3c(-c4ccccc4)c4c([nH]c5ccc(C(=C)c6ccccc6)cc54)c(-c4ccccc4)c3c2c1,outside_MR_TADF,outside_CzBN_domain,outside_CzBN_domain
E00_133_00395,CCCCC(CC)Cn1c2ccccc2c2cc(-c3cc4c(cc3F)-c3cc(F)c(-c5ccc6c(c5)c5ccccc5n6CC(CC)CCCC)cc3S4(=O)=O)ccc21,KMWVZEAZEHJECJ-UHFFFAOYSA-N,,DOI: 10.1021/jo100898a,toluene,1,3.0797475194026918,3.0797475194026918,0.0,3.0797475194026918,3.0797475194026918,0.0,3.0797475194026918,general_only,CC1(C)C2CC(C3CCC4CC5CCCCC5C4C3)CCC2C2CCC(C3CCC4CC5CCCCC5C4C3)CC21,O=S1(=O)c2cc(-c3ccc4[nH]c5ccccc5c4c3)ccc2-c2ccc(-c3ccc4[nH]c5ccccc5c4c3)cc21,outside_MR_TADF,outside_CzBN_domain,outside_CzBN_domain
E00_133_00396,CCCCC(CC)Cn1c2ccccc2c2cc(-c3ccc4c(c3)-c3cc(-c5ccc6c(c5)c5ccccc5n6CC(CC)CCCC)ccc3S4(=O)=O)ccc21,JLJJLAOVJZTIJL-UHFFFAOYSA-N,,DOI: 10.1021/jo100898a,toluene,1,3.3431372549019605,3.3431372549019605,0.0,3.3431372549019605,3.3431372549019605,0.0,3.3431372549019605,general_only,CC1(C)C2CCC(C3CCC4CC5CCCCC5C4C3)CC2C2CC(C3CCC4CC5CCCCC5C4C3)CCC21,O=S1(=O)c2ccc(-c3ccc4[nH]c5ccccc5c4c3)cc2-c2cc(-c3ccc4[nH]c5ccccc5c4c3)ccc21,outside_MR_TADF,outside_CzBN_domain,outside_CzBN_domain
E00_133_00397,CCCCC(CC)Cn1c2ccccc2c2cc(-c3ccc4c(c3)S(=O)(=O)c3cc(-c5ccc6c(c5)c5ccccc5n6CC(CC)CCCC)ccc3-4)ccc21,DFWIOOMYHKCMIY-UHFFFAOYSA-N,,DOI: 10.1021/jo100898a,toluene,1,3.0677545747591513,3.0677545747591513,0.0,3.0677545747591513,3.0677545747591513,0.0,3.0677545747591513,general_only,CC1(C)C2CC(C3CCC4CC5CCCCC5C4C3)CCC2C2CCC(C3CCC4CC5CCCCC5C4C3)CC21,O=S1(=O)c2cc(-c3ccc4[nH]c5ccccc5c4c3)ccc2-c2ccc(-c3ccc4[nH]c5ccccc5c4c3)cc21,outside_MR_TADF,outside_CzBN_domain,outside_CzBN_domain
E00_133_00398,CCCCC(CC)Cn1c2ccccc2c2ccc(-c3ccc4c(c3)S(=O)(=O)c3cc(-c5ccc6c7ccccc7n(CC(CC)CCCC)c6c5)ccc3-4)cc21,WNLFSAFVXIBWBJ-UHFFFAOYSA-N,,DOI: 10.1021/jo100898a,toluene,1,3.1518661518661517,3.1518661518661517,0.0,3.1518661518661517,3.1518661518661517,0.0,3.1518661518661517,general_only,CC1(C)C2CC(C3CCC4C(C3)CC3CCCCC34)CCC2C2CCC(C3CCC4C(C3)CC3CCCCC34)CC21,O=S1(=O)c2cc(-c3ccc4c(c3)[nH]c3ccccc34)ccc2-c2ccc(-c3ccc4c(c3)[nH]c3ccccc34)cc21,outside_MR_TADF,outside_CzBN_domain,outside_CzBN_domain
E00_133_00399,CCCCC1(CCCC)c2cc(-c3ccc(C=C4C(=O)c5ccccc5C4=O)cc3)ccc2-c2ccc(-c3ccc(C=C4C(=O)c5ccccc5C4=O)cc3)cc21,QSLNRGKQKYKNAI-UHFFFAOYSA-N,,https://doi.org/10.1016/j.dyepig.2018.03.059,toluene,1,2.678926903685513,2.678926903685513,0.0,2.678926903685513,2.678926903685513,0.0,2.678926903685513,general_only,CC1C(CC2CCC(C3CCC4C(C3)CC3CC(C5CCC(CC6C(C)C7CCCCC7C6C)CC5)CCC34)CC2)C(C)C2CCCCC12,O=C1C(=Cc2ccc(-c3ccc4c(c3)Cc3cc(-c5ccc(C=C6C(=O)c7ccccc7C6=O)cc5)ccc3-4)cc2)C(=O)c2ccccc21,outside_MR_TADF,outside_CzBN_domain,outside_CzBN_domain
E00_133_00400,CCCCC1(CCCC)c2cc(/C=C/c3ccc(N(c4ccccc4)c4ccccc4)cc3)ccc2-c2cc3c(cc21)-c1ccc(/C=C/c2ccc(N(c4ccccc4)c4ccccc4)cc2)cc1C3(CCCC)CCCC,HROPFWHCDGPRGH-LBYUQGKWSA-N,,https://doi.org/10.1016/j.dyepig.2009.11.009,toluene,1,2.8789884315308045,2.8789884315308045,0.0,2.8789884315308045,2.8789884315308045,0.0,2.8789884315308045,general_only,C1CCC(C(C2CCCCC2)C2CCC(CCC3CCC4C(C3)CC3CC5C(CC6CC(CCC7CCC(C(C8CCCCC8)C8CCCCC8)CC7)CCC65)CC34)CC2)CC1,C(=C/c1ccc2c(c1)Cc1cc3c(cc1-2)Cc1cc(/C=C/c2ccc(N(c4ccccc4)c4ccccc4)cc2)ccc1-3)\c1ccc(N(c2ccccc2)c2ccccc2)cc1,outside_MR_TADF,outside_CzBN_domain,outside_CzBN_domain
E00_133_00401,CCCCC1(CCCC)c2cc(C#Cc3ccc4ccc5cccc6ccc3c4c56)ccc2-c2ccc(C#Cc3ccc4ccc5cccc6ccc3c4c56)cc21,NSBCXZSUMYKMDK-UHFFFAOYSA-N,,https://doi.org/10.1021/jo300285v,toluene,1,2.8777892650986474,2.8777892650986474,0.0,2.8777892650986474,2.8777892650986474,0.0,2.8777892650986474,general_only,C1CC2CCC3CCC(CCC4CCC5C(C4)CC4CC(CCC6CCC7CCC8CCCC9CCC6C7C89)CCC45)C4CCC(C1)C2C34,C(#Cc1ccc2ccc3cccc4ccc1c2c34)c1ccc2c(c1)Cc1cc(C#Cc3ccc4ccc5cccc6ccc3c4c56)ccc1-2,outside_MR_TADF,outside_CzBN_domain,outside_CzBN_domain
E00_133_00402,CCCCC1(CCCC)c2cc(C#Cc3ccc4ccc5cccc6ccc3c4c56)ccc2-c2ccc(N(c3ccccc3)c3ccccc3)cc21,BFNIIRRWPGHBNV-UHFFFAOYSA-N,,https://doi.org/10.1021/jo300285v,toluene,1,2.864099913683784,2.864099913683784,0.0,2.864099913683784,2.864099913683784,0.0,2.864099913683784,general_only,C1CCC(C(C2CCCCC2)C2CCC3C(CC4CC(CCC5CCC6CCC7CCCC8CCC5C6C78)CCC43)C2)CC1,C(#Cc1ccc2ccc3cccc4ccc1c2c34)c1ccc2c(c1)Cc1cc(N(c3ccccc3)c3ccccc3)ccc1-2,outside_MR_TADF,outside_CzBN_domain,outside_CzBN_domain
E00_133_00403,CCCCC1=Cc2c3ccc4cccc5ccc(c6cc(-c7ccc(N(c8ccccc8)c8ccccc8)cc7)n(c26)P1(=O)c1ccccc1)c3c45,KEACJKCZVUQANI-UHFFFAOYSA-N,,DOI: 10.1021/acs.orglett.9b02332,toluene,1,2.6254826254826256,2.6254826254826256,0.0,2.6254826254826256,2.6254826254826256,0.0,2.6254826254826256,general_only,CC1(C2CCCCC2)CCC2C3CCC4CCCC5CCC(C6CC(C7CCC(C(C8CCCCC8)C8CCCCC8)CC7)C1C26)C3C45,O=P1(c2ccccc2)C=Cc2c3ccc4cccc5ccc(c6cc(-c7ccc(N(c8ccccc8)c8ccccc8)cc7)n1c26)c3c45,outside_MR_TADF,outside_CzBN_domain,outside_CzBN_domain
E00_133_00404,CCCCC1=Cc2c3ccc4cccc5ccc(c6cc(-c7ccccc7)n(c26)P1(=O)c1ccccc1)c3c45,VFCGPMYHGYRMTQ-UHFFFAOYSA-N,,DOI: 10.1021/acs.orglett.9b02332,toluene,1,2.77969675670248,2.77969675670248,0.0,2.77969675670248,2.77969675670248,0.0,2.77969675670248,general_only,CC1(C2CCCCC2)CCC2C3CCC4CCCC5CCC(C6CC(C7CCCCC7)C1C26)C3C45,O=P1(c2ccccc2)C=Cc2c3ccc4cccc5ccc(c6cc(-c7ccccc7)n1c26)c3c45,outside_MR_TADF,outside_CzBN_domain,outside_CzBN_domain
E00_133_00405,CCCCCC(CC)C1(C(CC)CCCCC)c2ccccc2-c2ccc(C#Cc3cc(C#Cc4ccc5c(c4)C(C(CC)CCCCC)(C(CC)CCCCC)c4ccccc4-5)c4ccc5c(C#Cc6ccc7c(c6)C(C(CC)CCCCC)(C(CC)CCCCC)c6ccccc6-7)cc(C#Cc6ccc7c(c6)C(C(CC)CCCCC)(C(CC)CCCCC)c6ccccc6-7)c6ccc3c4c65)cc21,MROYAFHOPNOVNM-UHFFFAOYSA-N,,https://doi.org/10.1021/jo300285v,toluene,1,2.4790688013293707,2.4790688013293707,0.0,2.4790688013293707,2.4790688013293707,0.0,2.4790688013293707,general_only,C1CCC2C(C1)CC1CC(CCC3CC(CCC4CCC5C(C4)CC4CCCCC45)C4CCC5C(CCC6CCC7C(C6)CC6CCCCC67)CC(CCC6CCC7C(C6)CC6CCCCC67)C6CCC3C4C65)CCC12,C(#Cc1cc(C#Cc2ccc3c(c2)Cc2ccccc2-3)c2ccc3c(C#Cc4ccc5c(c4)Cc4ccccc4-5)cc(C#Cc4ccc5c(c4)Cc4ccccc4-5)c4ccc1c2c43)c1ccc2c(c1)Cc1ccccc1-2,outside_MR_TADF,outside_CzBN_domain,outside_CzBN_domain
E00_133_00406,CCCCCCC(CCCCCC)N1C(=O)c2cccc3c(-c4cc(OC)c(OC)c(OC)c4)ccc(c23)C1=O,DBJNSBLFPDTNAU-UHFFFAOYSA-N,,DOI: 10.1039/c6tc04453k,toluene,1,2.9775424591259427,2.9775424591259427,0.0,2.9775424591259427,2.9775424591259427,0.0,2.9775424591259427,general_only,CC1CC(C)C2CCC(C3CCCCC3)C3CCCC1C23,O=C1NC(=O)c2ccc(-c3ccccc3)c3cccc1c23,outside_MR_TADF,outside_CzBN_domain,outside_CzBN_domain
E00_133_00407,CCCCCCC(CCCCCC)N1C(=O)c2cccc3c(-c4ccc(-c5ccc(OC)cc5)cc4)ccc(c23)C1=O,RRPGWPLBEMXONM-UHFFFAOYSA-N,,DOI: 10.1039/c6tc04453k,toluene,1,3.0633977431480153,3.0633977431480153,0.0,3.0633977431480153,3.0633977431480153,0.0,3.0633977431480153,general_only,CC1CC(C)C2CCC(C3CCC(C4CCCCC4)CC3)C3CCCC1C23,O=C1NC(=O)c2ccc(-c3ccc(-c4ccccc4)cc3)c3cccc1c23,outside_MR_TADF,outside_CzBN_domain,outside_CzBN_domain
E00_133_00408,CCCCCCC(CCCCCC)N1C(=O)c2cccc3c(-c4ccc(C#N)cc4)ccc(c23)C1=O,DHTSGXIWLQSSTA-UHFFFAOYSA-N,,DOI: 10.1039/c6tc04453k,toluene,1,3.1507860893777684,3.1507860893777684,0.0,3.1507860893777684,3.1507860893777684,0.0,3.1507860893777684,general_only,CC1CC(C)C2CCC(C3CCCCC3)C3CCCC1C23,O=C1NC(=O)c2ccc(-c3ccccc3)c3cccc1c23,outside_MR_TADF,outside_CzBN_domain,outside_CzBN_domain
E00_133_00409,CCCCCCC(CCCCCC)N1C(=O)c2cccc3c(-c4ccc(N(C)C)cc4)ccc(c23)C1=O,VKCGSJNQIIRPLX-UHFFFAOYSA-N,,DOI: 10.1039/c6tc04453k,toluene,1,2.6470821786045233,2.6470821786045233,0.0,2.6470821786045233,2.6470821786045233,0.0,2.6470821786045233,general_only,CC1CC(C)C2CCC(C3CCCCC3)C3CCCC1C23,O=C1NC(=O)c2ccc(-c3ccccc3)c3cccc1c23,outside_MR_TADF,outside_CzBN_domain,outside_CzBN_domain
E00_133_00410,CCCCCCC(CCCCCC)N1C(=O)c2cccc3c(-c4ccc(OC)c5cccc(C)c45)ccc(c23)C1=O,PAGSBEUHWLXXKO-UHFFFAOYSA-N,,DOI: 10.1039/c6tc04453k,toluene,1,3.1587453848728746,3.1587453848728746,0.0,3.1587453848728746,3.1587453848728746,0.0,3.1587453848728746,general_only,CC1CC(C)C2CCC(C3CCCC4CCCCC43)C3CCCC1C23,O=C1NC(=O)c2ccc(-c3cccc4ccccc34)c3cccc1c23,outside_MR_TADF,outside_CzBN_domain,outside_CzBN_domain
E00_133_00411,CCCCCCC(CCCCCC)N1C(=O)c2cccc3c(-c4ccc(OC)c5ccccc45)ccc(c23)C1=O,TVWNZHZIARTTPY-UHFFFAOYSA-N,,DOI: 10.1039/c6tc04453k,toluene,1,3.210651376620693,3.210651376620693,0.0,3.210651376620693,3.210651376620693,0.0,3.210651376620693,general_only,CC1CC(C)C2CCC(C3CCCC4CCCCC43)C3CCCC1C23,O=C1NC(=O)c2ccc(-c3cccc4ccccc34)c3cccc1c23,outside_MR_TADF,outside_CzBN_domain,outside_CzBN_domain
E00_133_00412,CCCCCCC(CCCCCC)N1C(=O)c2cccc3c(-c4ccc(OC)cc4)ccc(c23)C1=O,WTKAGELTTWRMAY-UHFFFAOYSA-N,,DOI: 10.1039/c6tc04453k,toluene,1,3.1012783074321444,3.1012783074321444,0.0,3.1012783074321444,3.1012783074321444,0.0,3.1012783074321444,general_only,CC1CC(C)C2CCC(C3CCCCC3)C3CCCC1C23,O=C1NC(=O)c2ccc(-c3ccccc3)c3cccc1c23,outside_MR_TADF,outside_CzBN_domain,outside_CzBN_domain
E00_133_00413,CCCCCCC(CCCCCC)N1C(=O)c2cccc3c(-c4ccc([Si](C)(C)C)cc4)ccc(c23)C1=O,RPHWBQMPCORJIT-UHFFFAOYSA-N,,DOI: 10.1039/c6tc04453k,toluene,1,3.242266934434719,3.242266934434719,0.0,3.242266934434719,3.242266934434719,0.0,3.242266934434719,general_only,CC1CC(C)C2CCC(C3CCCCC3)C3CCCC1C23,O=C1NC(=O)c2ccc(-c3ccccc3)c3cccc1c23,outside_MR_TADF,outside_CzBN_domain,outside_CzBN_domain
E00_133_00414,CCCCCCC(CCCCCC)N1C(=O)c2cccc3c(-c4ccccc4)ccc(c23)C1=O,DYRJYRJGQKGGCT-UHFFFAOYSA-N,,DOI: 10.1039/c6tc04453k,toluene,1,3.2977593203408406,3.2977593203408406,0.0,3.2977593203408406,3.2977593203408406,0.0,3.2977593203408406,general_only,CC1CC(C)C2CCC(C3CCCCC3)C3CCCC1C23,O=C1NC(=O)c2ccc(-c3ccccc3)c3cccc1c23,outside_MR_TADF,outside_CzBN_domain,outside_CzBN_domain
E00_133_00415,CCCCCCC(CCCCCC)n1c(=O)c2c3ccc4cccc5c6cccc7ccc(c2c1=O)c(c76)c3c45,SSGDQBWMASXFRC-UHFFFAOYSA-N,,http://dx.doi.org/10.1021/jo200529p,toluene,1,3.091637678808524,3.091637678808524,0.0,3.091637678808524,3.091637678808524,0.0,3.091637678808524,general_only,CC1CC(C)C2C3CCC4CCCC5C6CCCC7CCC(C12)C(C76)C3C45,O=c1[nH]c(=O)c2c3ccc4cccc5c6cccc7ccc(c12)c(c76)c3c45,outside_MR_TADF,outside_CzBN_domain,outside_CzBN_domain
E00_133_00416,CCCCCCC1(CCCCCC)c2ccccc2-c2ccc(-c3cc4c(cc3F)-c3cc(F)c(-c5ccc6c(c5)C(CCCCCC)(CCCCCC)c5ccccc5-6)cc3S4(=O)=O)cc21,PXOVFGVBYKHSQH-UHFFFAOYSA-N,,DOI: 10.1021/jo100898a,toluene,1,3.2307380373073804,3.2307380373073804,0.0,3.2307380373073804,3.2307380373073804,0.0,3.2307380373073804,general_only,CC1(C)C2CC(C3CCC4C(C3)CC3CCCCC34)CCC2C2CCC(C3CCC4C(C3)CC3CCCCC34)CC21,O=S1(=O)c2cc(-c3ccc4c(c3)Cc3ccccc3-4)ccc2-c2ccc(-c3ccc4c(c3)Cc3ccccc3-4)cc21,outside_MR_TADF,outside_CzBN_domain,outside_CzBN_domain
E00_133_00417,CCCCCCC1(CCCCCC)c2ccccc2-c2ccc(-c3ccc4c(c3)-c3cc(-c5ccc6c(c5)C(CCCCCC)(CCCCCC)c5ccccc5-6)ccc3S4(=O)=O)cc21,KRLMCFPTFNSWOH-UHFFFAOYSA-N,,DOI: 10.1021/jo100898a,toluene,1,3.539567183462532,3.539567183462532,0.0,3.539567183462532,3.539567183462532,0.0,3.539567183462532,general_only,CC1(C)C2CCC(C3CCC4C(C3)CC3CCCCC34)CC2C2CC(C3CCC4C(C3)CC3CCCCC34)CCC21,O=S1(=O)c2ccc(-c3ccc4c(c3)Cc3ccccc3-4)cc2-c2cc(-c3ccc4c(c3)Cc3ccccc3-4)ccc21,outside_MR_TADF,outside_CzBN_domain,outside_CzBN_domain
E00_133_00418,CCCCCCC1(CCCCCC)c2ccccc2-c2ccc(-c3ccc4c(c3)S(=O)(=O)c3cc(-c5ccc6c(c5)C(CCCCCC)(CCCCCC)c5ccccc5-6)ccc3-4)cc21,FXUVADCKBZFYSK-UHFFFAOYSA-N,,DOI: 10.1021/jo100898a,toluene,1,3.1988434399702905,3.1988434399702905,0.0,3.1988434399702905,3.1988434399702905,0.0,3.1988434399702905,general_only,CC1(C)C2CC(C3CCC4C(C3)CC3CCCCC34)CCC2C2CCC(C3CCC4C(C3)CC3CCCCC34)CC21,O=S1(=O)c2cc(-c3ccc4c(c3)Cc3ccccc3-4)ccc2-c2ccc(-c3ccc4c(c3)Cc3ccccc3-4)cc21,outside_MR_TADF,outside_CzBN_domain,outside_CzBN_domain
E00_133_00419,CCCCCCCC(=O)Oc1ccc2c3cccc4c(OC(=O)CCCCCCC)ccc(c5cccc1c52)c43,JRSKDBXMVMVQCZ-UHFFFAOYSA-N,,doi:10.1016/j.dyepig.2010.06.009,toluene,1,2.740639142742437,2.740639142742437,0.0,2.740639142742437,2.740639142742437,0.0,2.740639142742437,general_only,C1CC2CCCC3C4CCCC5CCCC(C(C1)C23)C54,c1cc2cccc3c4cccc5cccc(c(c1)c23)c54,outside_MR_TADF,outside_CzBN_domain,outside_CzBN_domain
E00_133_00420,CCCCCCCCC1(CCCCCCCC)c2cc(-c3ccc(C(F)(F)F)cc3)ccc2-c2ccc(N(c3ccc(-n4c5ccccc5c5ccccc54)cc3)c3ccc4c(c3)C(CCCCCCCC)(CCCCCCCC)c3cc(-c5ccc(C(F)(F)F)cc5)ccc3-4)cc21,RDKUBHDPAQUFEP-UHFFFAOYSA-N,,https://doi.org/10.1021/acsaem.8b00461,toluene,1,3.087874537331694,3.087874537331694,0.0,3.087874537331694,3.087874537331694,0.0,3.087874537331694,general_only,C1CCC(C2CCC3C(C2)CC2CC(C(C4CCC(C5C6CCCCC6C6CCCCC65)CC4)C4CCC5C(CC6CC(C7CCCCC7)CCC65)C4)CCC23)CC1,c1ccc(-c2ccc3c(c2)Cc2cc(N(c4ccc(-n5c6ccccc6c6ccccc65)cc4)c4ccc5c(c4)Cc4cc(-c6ccccc6)ccc4-5)ccc2-3)cc1,outside_MR_TADF,outside_CzBN_domain,outside_CzBN_domain
E00_133_00421,CCCCCCCCC1(CCCCCCCC)c2cc(-c3ccc(C=C4C(=O)c5ccccc5C4=O)cc3)ccc2-c2ccc(-c3ccc(C=C4C(=O)c5ccccc5C4=O)cc3)cc21,YMEVXCZPEDVBCO-UHFFFAOYSA-N,,https://doi.org/10.1016/j.dyepig.2018.03.059,toluene,1,2.720941609830499,2.720941609830499,0.0,2.720941609830499,2.720941609830499,0.0,2.720941609830499,general_only,CC1C(CC2CCC(C3CCC4C(C3)CC3CC(C5CCC(CC6C(C)C7CCCCC7C6C)CC5)CCC34)CC2)C(C)C2CCCCC12,O=C1C(=Cc2ccc(-c3ccc4c(c3)Cc3cc(-c5ccc(C=C6C(=O)c7ccccc7C6=O)cc5)ccc3-4)cc2)C(=O)c2ccccc21,outside_MR_TADF,outside_CzBN_domain,outside_CzBN_domain
E00_133_00422,CCCCCCCCC1(CCCCCCCC)c2cc(C#CC#Cc3ccc(N(c4ccccc4)c4ccccc4)cc3)ccc2-c2ccc(C=O)cc21,YDBWJVXGWFJXTI-UHFFFAOYSA-N,,https://doi.org/10.1016/j.dyepig.2014.05.035,toluene,1,3.0047821155892294,3.0047821155892294,0.0,3.0047821155892294,3.0047821155892294,0.0,3.0047821155892294,general_only,C1CCC(C(C2CCCCC2)C2CCC(CCCCC3CCC4C(C3)CC3CCCCC34)CC2)CC1,C(C#Cc1ccc2c(c1)Cc1ccccc1-2)#Cc1ccc(N(c2ccccc2)c2ccccc2)cc1,outside_MR_TADF,outside_CzBN_domain,outside_CzBN_domain
E00_133_00423,CCCCCCCCC1(CCCCCCCC)c2cc(C#Cc3ccc(N(c4ccccc4)c4ccccc4)cc3)ccc2-c2ccc(C=O)cc21,URIDXBFEUXDCDX-UHFFFAOYSA-N,,https://doi.org/10.1016/j.dyepig.2014.05.035,toluene,1,3.0038338359398744,3.0038338359398744,0.0,3.0038338359398744,3.0038338359398744,0.0,3.0038338359398744,general_only,C1CCC(C(C2CCCCC2)C2CCC(CCC3CCC4C(C3)CC3CCCCC34)CC2)CC1,C(#Cc1ccc2c(c1)Cc1ccccc1-2)c1ccc(N(c2ccccc2)c2ccccc2)cc1,outside_MR_TADF,outside_CzBN_domain,outside_CzBN_domain
E00_133_00424,CCCCCCCCC1(CCCCCCCC)c2cc(C=O)ccc2-c2ccc(/C=C/c3ccc(N(c4ccccc4)c4ccccc4)cc3)cc21,KOBBNVPCCNBEGU-OCEACIFDSA-N,,https://doi.org/10.1016/j.dyepig.2014.05.035,toluene,1,2.88323865322263,2.88323865322263,0.0,2.88323865322263,2.88323865322263,0.0,2.88323865322263,general_only,C1CCC(C(C2CCCCC2)C2CCC(CCC3CCC4C(C3)CC3CCCCC34)CC2)CC1,C(=C/c1ccc2c(c1)Cc1ccccc1-2)\c1ccc(N(c2ccccc2)c2ccccc2)cc1,outside_MR_TADF,outside_CzBN_domain,outside_CzBN_domain
E00_133_00425,CCCCCCCCC1(CCCCCCCC)c2ccccc2-c2ccc(-c3nnc(-c4ccc(-n5c6ccc(C(C)(C)C)cc6c6cc(C(C)(C)C)ccc65)cc4)o3)cc21,NHXGVVXFVUVMLD-UHFFFAOYSA-N,,https://doi.org/10.1016/j.jphotochem.2018.03.012,toluene,1,3.2772560569015337,3.2772560569015337,0.0,3.2772560569015337,3.2772560569015337,0.0,3.2772560569015337,general_only,C1CCC2C(C1)CC1CC(C3CCC(C4CCC(C5C6CCCCC6C6CCCCC65)CC4)C3)CCC12,c1ccc2c(c1)Cc1cc(-c3nnc(-c4ccc(-n5c6ccccc6c6ccccc65)cc4)o3)ccc1-2,outside_MR_TADF,outside_CzBN_domain,outside_CzBN_domain
E00_133_00426,CCCCCCCCC1(CCCCCCCC)c2ccccc2-c2ccc(-c3nnc(-c4cccc(-n5c6ccc(C(C)(C)C)cc6c6cc(C(C)(C)C)ccc65)c4)o3)cc21,BJJITKWGDOICNY-UHFFFAOYSA-N,,https://doi.org/10.1016/j.jphotochem.2018.03.012,toluene,1,3.276815053093978,3.276815053093978,0.0,3.276815053093978,3.276815053093978,0.0,3.276815053093978,general_only,C1CCC2C(C1)CC1CC(C3CCC(C4CCCC(C5C6CCCCC6C6CCCCC65)C4)C3)CCC12,c1cc(-c2nnc(-c3ccc4c(c3)Cc3ccccc3-4)o2)cc(-n2c3ccccc3c3ccccc32)c1,outside_MR_TADF,outside_CzBN_domain,outside_CzBN_domain
E00_133_00427,CCCCCCCCC1(CCCCCCCC)c2ccccc2-c2ccc(N(c3ccc(-n4c5ccccc5c5ccccc54)cc3)c3ccc4c(c3)C(CCCCCCCC)(CCCCCCCC)c3ccccc3-4)cc21,CEQFXAVYFKWPNE-UHFFFAOYSA-N,,https://doi.org/10.1021/acsaem.8b00461,toluene,1,3.3512294485668557,3.3512294485668557,0.0,3.3512294485668557,3.3512294485668557,0.0,3.3512294485668557,general_only,C1CCC2C(C1)CC1CC(C(C3CCC(C4C5CCCCC5C5CCCCC54)CC3)C3CCC4C(CC5CCCCC54)C3)CCC12,c1ccc2c(c1)Cc1cc(N(c3ccc(-n4c5ccccc5c5ccccc54)cc3)c3ccc4c(c3)Cc3ccccc3-4)ccc1-2,outside_MR_TADF,outside_CzBN_domain,outside_CzBN_domain
E00_133_00428,CCCCCCCCCC1(CCCCCCCCC)c2cc(C#Cc3ccc(/C=C/c4ccc(N(CCCCCCCC)CCCCCCCC)cc4)cc3)ccc2-c2ccc(C#Cc3ccc(/C=C/c4ccc(N(CCCCCCCC)CCCCCCCC)cc4)cc3)cc21,WLRUJFHMHUZUIN-DSZBTAPASA-N,,10.1021/ol017150e,toluene,1,2.8447227116368823,2.8447227116368823,0.0,2.8447227116368823,2.8447227116368823,0.0,2.8447227116368823,general_only,C1CCC(CCC2CCC(CCC3CCC4C(C3)CC3CC(CCC5CCC(CCC6CCCCC6)CC5)CCC34)CC2)CC1,C(#Cc1ccc2c(c1)Cc1cc(C#Cc3ccc(/C=C/c4ccccc4)cc3)ccc1-2)c1ccc(/C=C/c2ccccc2)cc1,outside_MR_TADF,outside_CzBN_domain,outside_CzBN_domain
E00_133_00429,CCCCCCCCCC1(CCCCCCCCC)c2cc(C#Cc3ccc(C#Cc4ccc(N(CCCCCC)CCCCCC)cc4)cc3)ccc2-c2ccc(C#Cc3ccc(C#Cc4ccc(N(CCCCCC)CCCCCC)cc4)cc3)cc21,BTHILMVCOPPHTN-UHFFFAOYSA-N,,10.1021/ol017150e,toluene,1,3.033937853208491,3.033937853208491,0.0,3.033937853208491,3.033937853208491,0.0,3.033937853208491,general_only,C1CCC(CCC2CCC(CCC3CCC4C(C3)CC3CC(CCC5CCC(CCC6CCCCC6)CC5)CCC34)CC2)CC1,C(#Cc1ccc(C#Cc2ccc3c(c2)Cc2cc(C#Cc4ccc(C#Cc5ccccc5)cc4)ccc2-3)cc1)c1ccccc1,outside_MR_TADF,outside_CzBN_domain,outside_CzBN_domain
E00_133_00430,CCCCCCCCCCC(CCCCCCCCCC)Cn1c2cc(-c3ccc(C(C)(C)C)cc3)c3cccc4c5ccc6c7cc(-c8cc(C(C)(C)C)cc(C(C)(C)C)c8)n8c7c(c7cc1c(c5c76)c2c34)=C1C=CC(c2cc(C(C)(C)C)cc(C(C)(C)C)c2)=[N+]1[B-]8(F)F,PKCIIJADMLXQHL-UHFFFAOYSA-N,,DOI: 10.1039/c4cs00030g,toluene,1,1.5418597466790236,1.5418597466790236,0.0,1.5418597466790236,1.5418597466790236,0.0,1.5418597466790236,general_only,C1CCC(C2CCC3C2CC2C(C4CCCCC4)CC4C5CCC6C7CCCC8C(C9CCCCC9)CC9CC%10CC(C3C24)C5C6C%10C9C87)CC1,[BH2-]1n2c(-c3ccccc3)cc3c4ccc5c6cccc7c(-c8ccccc8)cc8[nH]c9cc(c(c32)=C2C=CC(c3ccccc3)=[N+]12)c4c5c9c8c76,outside_MR_TADF,outside_CzBN_domain,outside_CzBN_domain
E00_133_00431,CCCCCCCCCCC1(CCCCCCCCCC)c2cc(-c3nc4ccccc4s3)ccc2-c2ccc(N3C(=O)c4ccc5c6ccc7c8c(ccc(c9ccc(c4c59)C3=O)c86)C(=O)N(c3ccc4c(c3)C(CCCCCCCCCC)(CCCCCCCCCC)c3cc(-c5nc6ccccc6s5)ccc3-4)C7=O)cc21,TUTJWDVJMYAQEN-UHFFFAOYSA-N,,10.1021/jp711950z,toluene,1,2.3287391022204664,2.3287391022204664,0.0,2.3287391022204664,2.3287391022204664,0.0,2.3287391022204664,general_only,CC1C2CCC3C4CCC5C(C)C(C6CCC7C(CC8CC(C9CC%10CCCCC%10C9)CCC87)C6)C(C)C6CCC(C7CCC(C(C)C1C1CCC8C(CC9CC(C%10CC%11CCCCC%11C%10)CCC98)C1)C2C37)C4C56,O=C1c2ccc3c4ccc5c6c(ccc(c7ccc(c2c37)C(=O)N1c1ccc2c(c1)Cc1cc(-c3nc7ccccc7s3)ccc1-2)c64)C(=O)N(c1ccc2c(c1)Cc1cc(-c3nc4ccccc4s3)ccc1-2)C5=O,outside_MR_TADF,outside_CzBN_domain,outside_CzBN_domain
E00_133_00432,CCCCCCCCCCC1(CCCCCCCCCC)c2cc(N3C(=O)c4ccc5c6ccc7c8c(ccc(c9ccc(c4c59)C3=O)c86)C(=O)N(c3ccc4c(c3)C(CCCCCCCCCC)(CCCCCCCCCC)c3cc(N(c5ccccc5)c5ccccc5)ccc3-4)C7=O)ccc2-c2ccc(N(c3ccccc3)c3ccccc3)cc21,LPRJVQSSEBPKGA-UHFFFAOYSA-N,,10.1021/jp711950z,toluene,1,2.3374694411279777,2.3374694411279777,0.0,2.3374694411279777,2.3374694411279777,0.0,2.3374694411279777,general_only,CC1C2CCC3C4CCC5C(C)C(C6CCC7C(CC8CC(C(C9CCCCC9)C9CCCCC9)CCC87)C6)C(C)C6CCC(C7CCC(C(C)C1C1CCC8C(CC9CC(C(C%10CCCCC%10)C%10CCCCC%10)CCC98)C1)C2C37)C4C56,O=C1c2ccc3c4ccc5c6c(ccc(c7ccc(c2c37)C(=O)N1c1ccc2c(c1)Cc1cc(N(c3ccccc3)c3ccccc3)ccc1-2)c64)C(=O)N(c1ccc2c(c1)Cc1cc(N(c3ccccc3)c3ccccc3)ccc1-2)C5=O,outside_MR_TADF,outside_CzBN_domain,outside_CzBN_domain
E00_133_00433,CCCCCCCCCCCCC(CCCCCCCCCC)Cn1c2cc(/C=C/C=C(C#N)C#N)c3cccc4c5cccc6c(/C=C/C=C(C#N)C#N)cc1c(c65)c2c34,HZLWIWPKLCUTAI-VFIVCBTMSA-N,,https://doi.org/10.1016/j.tetlet.2011.09.077,toluene,1,1.9666696757239288,1.9666696757239288,0.0,1.9666696757239288,1.9666696757239288,0.0,1.9666696757239288,general_only,C1CC2CCC3CC4CCC5CCCC6C(C1)C2C3C4C56,c1cc2ccc3[nH]c4ccc5cccc6c(c1)c2c3c4c56,outside_MR_TADF,outside_CzBN_domain,outside_CzBN_domain
E00_133_00434,CCCCCCCCCCCCC(CCCCCCCCCC)Cn1c2cc(/C=C/C=C/c3nc4ccccc4s3)c3cccc4c5cccc6c(/C=C/C=C/c7nc8ccccc8s7)cc1c(c65)c2c34,XURJXSKXCVYQDC-TVPGIWNFSA-N,,https://doi.org/10.1016/j.tetlet.2011.09.077,toluene,1,2.1789064231024886,2.1789064231024886,0.0,2.1789064231024886,2.1789064231024886,0.0,2.1789064231024886,general_only,C1CCC2CC(CCCCC3CC4CC5CC(CCCCC6CC7CCCCC7C6)C6CCCC7C8CCCC3C8C4C5C67)CC2C1,C(/C=C/c1cc2[nH]c3cc(/C=C/C=C/c4nc5ccccc5s4)c4cccc5c6cccc1c6c2c3c45)=C\c1nc2ccccc2s1,outside_MR_TADF,outside_CzBN_domain,outside_CzBN_domain
E00_133_00435,CCCCCCCCCCCCC(CCCCCCCCCC)Cn1c2cc(/C=C/c3nc4ccccc4s3)c3cccc4c5cccc6c(/C=C/c7nc8ccccc8s7)cc1c(c65)c2c34,RRYLAPPFIGLFQA-HVMBLDELSA-N,,https://doi.org/10.1016/j.tetlet.2011.09.077,toluene,1,2.2484982030901604,2.2484982030901604,0.0,2.2484982030901604,2.2484982030901604,0.0,2.2484982030901604,general_only,C1CCC2CC(CCC3CC4CC5CC(CCC6CC7CCCCC7C6)C6CCCC7C8CCCC3C8C4C5C67)CC2C1,C(=C/c1cc2[nH]c3cc(/C=C/c4nc5ccccc5s4)c4cccc5c6cccc1c6c2c3c45)\c1nc2ccccc2s1,outside_MR_TADF,outside_CzBN_domain,outside_CzBN_domain
E00_133_00436,CCCCCCCCCCCCC(CCCCCCCCCC)Cn1c2cc(C=C(C#N)C#N)c3cccc4c5cccc6c(C=C(C#N)C#N)cc1c(c65)c2c34,VLWWXOBSWFARHO-UHFFFAOYSA-N,,https://doi.org/10.1016/j.tetlet.2011.09.077,toluene,1,2.056828426306647,2.056828426306647,0.0,2.056828426306647,2.056828426306647,0.0,2.056828426306647,general_only,C1CC2CCC3CC4CCC5CCCC6C(C1)C2C3C4C56,c1cc2ccc3[nH]c4ccc5cccc6c(c1)c2c3c4c56,outside_MR_TADF,outside_CzBN_domain,outside_CzBN_domain
E00_133_00437,CCCCCCCCCCCCC1(CCCCCCCCCCCC)c2cc(-c3ccc(C=C4C(=O)c5ccccc5C4=O)cc3)ccc2-c2ccc(-c3ccc(C=C4C(=O)c5ccccc5C4=O)cc3)cc21,YDOGFWUJWYNMHX-UHFFFAOYSA-N,,https://doi.org/10.1016/j.dyepig.2018.03.059,toluene,1,2.710527567670425,2.710527567670425,0.0,2.710527567670425,2.710527567670425,0.0,2.710527567670425,general_only,CC1C(CC2CCC(C3CCC4C(C3)CC3CC(C5CCC(CC6C(C)C7CCCCC7C6C)CC5)CCC34)CC2)C(C)C2CCCCC12,O=C1C(=Cc2ccc(-c3ccc4c(c3)Cc3cc(-c5ccc(C=C6C(=O)c7ccccc7C6=O)cc5)ccc3-4)cc2)C(=O)c2ccccc21,outside_MR_TADF,outside_CzBN_domain,outside_CzBN_domain
E00_133_00438,CCCCCCCCCCCCCCCCCCC1=[N+]2C(=C(NCCS(=O)(=O)[O-])c3ccc(CCCCCCCCCCCCCCCCCC)n3[B-]2(F)F)C=C1,VTMQWITYJMFHCX-UHFFFAOYSA-M,,DOI: 10.1021/acs.langmuir.6b00478,toluene,1,2.720941609830499,2.720941609830499,0.0,2.720941609830499,2.720941609830499,0.0,2.720941609830499,general_only,C1CC2CC3CCCC3CC2C1,[BH2-]1n2cccc2C=C2C=CC=[N+]12,outside_MR_TADF,outside_CzBN_domain,outside_CzBN_domain
E00_133_00439,CCCCCCCCCCCCCCCCN(CCCCCCCCCCCCCCCC)c1ccc(/C=C/c2cc[n+](Cc3cc(C[n+]4ccc(/C=C/c5ccc(N(CCCCCCCCCCCCCCCC)CCCCCCCCCCCCCCCC)cc5)cc4)cc(C[n+]4ccc(/C=C/c5ccc(N(CCCCCCCCCCCCCCCC)CCCCCCCCCCCCCCCC)cc5)cc4)c3)cc2)cc1,HTPCTKCYFPDCDK-UHFFFAOYSA-N,,doi:10.1016/j.dyepig.2004.02.011,toluene,1,2.392767327044375,2.392767327044375,0.0,2.392767327044375,2.392767327044375,0.0,2.392767327044375,general_only,C1CCC(CCC2CCC(CC3CC(CC4CCC(CCC5CCCCC5)CC4)CC(CC4CCC(CCC5CCCCC5)CC4)C3)CC2)CC1,C(=C/c1cc[n+](Cc2cc(C[n+]3ccc(/C=C/c4ccccc4)cc3)cc(C[n+]3ccc(/C=C/c4ccccc4)cc3)c2)cc1)\c1ccccc1,outside_MR_TADF,outside_CzBN_domain,outside_CzBN_domain
E00_133_00440,CCCCCCCCCCCCCCCCOc1cc(C#Cc2ccc3ccccc3c2)c(OCCCCCCCCCCCCCCCC)cc1C#Cc1ccc(C=C(C#N)C#N)cc1,JSJRVWKAMSGZJA-UHFFFAOYSA-N,,DOI: 10.1039/c6cp04293g,toluene,1,2.615032765976162,2.615032765976162,0.0,2.615032765976162,2.615032765976162,0.0,2.615032765976162,general_only,C1CCC(CCC2CCC(CCC3CCC4CCCCC4C3)CC2)CC1,C(#Cc1ccc(C#Cc2ccc3ccccc3c2)cc1)c1ccccc1,outside_MR_TADF,outside_CzBN_domain,outside_CzBN_domain
E00_133_00441,CCCCCCCCCCCCCCCCOc1cc(C#Cc2ccc3ccccc3c2-c2c(C#Cc3cc(OCCCCCCCCCCCCCCCC)c(C#Cc4ccc(C=C(C#N)C#N)cc4)cc3OCCCCCCCCCCCCCCCC)ccc3ccccc23)c(OCCCCCCCCCCCCCCCC)cc1C#Cc1ccc(C=C(C#N)C#N)cc1,ZWUFFLIAQJLXRK-UHFFFAOYSA-N,,DOI: 10.1039/c6cp04293g,toluene,1,2.5765807322365157,2.5765807322365157,0.0,2.5765807322365157,2.5765807322365157,0.0,2.5765807322365157,general_only,C1CCC(CCC2CCC(CCC3CCC4CCCCC4C3C3C(CCC4CCC(CCC5CCCCC5)CC4)CCC4CCCCC43)CC2)CC1,C(#Cc1ccc(C#Cc2ccc3ccccc3c2-c2c(C#Cc3ccc(C#Cc4ccccc4)cc3)ccc3ccccc23)cc1)c1ccccc1,outside_MR_TADF,outside_CzBN_domain,outside_CzBN_domain
E00_133_00442,CCCCCCCCCCCCN1C(=O)c2cccc3c(N(Cc4ccccn4)Cc4ccccn4)c4ccccc4c(c23)C1=O,RRWRAKKTQHKVGI-UHFFFAOYSA-N,,http://dx.doi.org/10.1016/j.dyepig.2016.11.056 | https://doi.org/10.1016/j.dyepig.2016.11.056,toluene,2,2.3421870344357894,2.3421870344357894,0.0,2.3421870344357894,2.3421870344357894,0.0,2.3421870344357894,general_only,CC1CC(C)C2C3CCCCC3C(C(CC3CCCCC3)CC3CCCCC3)C3CCCC1C32,O=C1NC(=O)c2c3ccccc3c(N(Cc3ccccn3)Cc3ccccn3)c3cccc1c23,outside_MR_TADF,outside_CzBN_domain,outside_CzBN_domain
E00_133_00443,CCCCCCCCCCCCNc1cccc2[n+]1[B-](F)(F)n1c(c3cccc4cccc1c43)=N2,DXTNGRYIZIDIDA-UHFFFAOYSA-N,,DOI: 10.1021/ol503379c,toluene,1,2.4120226843100188,2.4120226843100188,0.0,2.4120226843100188,2.4120226843100188,0.0,2.4120226843100188,general_only,C1CCC2CC3C(CC2C1)C1CCCC2CCCC3C21,[BH2-]1n2c(c3cccc4cccc2c43)=Nc2cccc[n+]21,outside_MR_TADF,outside_CzBN_domain,outside_CzBN_domain
E00_133_00444,CCCCCCCCCCCCOc1cc(/C=C/c2ccc3c(c2)C(CC)(CC)c2cc(N4c5ccccc5Sc5ccccc54)ccc2-3)c(OCCCCCCCCCCCC)cc1/C=C/c1ccc2c(c1)C(CC)(CC)c1cc(N3c4ccccc4Sc4ccccc43)ccc1-2,FVVXYHLKHVZKFF-ZNAGFENUSA-N,,https://doi.org/10.1016/j.jlumin.2018.09.001,toluene,1,2.72455277081981,2.72455277081981,0.0,2.72455277081981,2.72455277081981,0.0,2.72455277081981,general_only,C1CCC2C(C1)CC1CCCCC1C2C1CCC2C(CC3CC(CCC4CCC(CCC5CCC6C(C5)CC5CC(C7C8CCCCC8CC8CCCCC87)CCC56)CC4)CCC32)C1,C(=C/c1ccc2c(c1)Cc1cc(N3c4ccccc4Sc4ccccc43)ccc1-2)\c1ccc(/C=C/c2ccc3c(c2)Cc2cc(N4c5ccccc5Sc5ccccc54)ccc2-3)cc1,outside_MR_TADF,outside_CzBN_domain,outside_CzBN_domain
E00_133_00445,CCCCCCCCCCCCOc1ccc(C#Cc2ccc(C#Cc3ccc(OCCCCCCCCCCCC)c(OCCCCCCCCCCCC)c3)c3nc4c5ccccc5c5ccccc5c4nc23)cc1OCCCCCCCCCCCC,ANQPCLOKPNLYIG-UHFFFAOYSA-N,,https://doi.org/10.1016/j.dyepig.2018.04.059,toluene,2,2.490928264120834,2.490928264120834,0.0,2.490928264120834,2.490928264120834,0.0,2.490928264120834,general_only,C1CCC(CCC2CCC(CCC3CCCCC3)C3CC4C5CCCCC5C5CCCCC5C4CC23)CC1,C(#Cc1ccc(C#Cc2ccccc2)c2nc3c4ccccc4c4ccccc4c3nc12)c1ccccc1,outside_MR_TADF,outside_CzBN_domain,outside_CzBN_domain
E00_133_00446,CCCCCCCCCCCCOc1ccc(C2=c3sc4ccccc4c3=[N+]3C2=Nc2c(-c4ccc(OCCCCCCCCCCCC)cc4)c4sc5ccccc5c4n2[B-]3(F)F)cc1,MLSVJMQSFLTILM-UHFFFAOYSA-N,,DOI: 10.1021/acs.orglett.9b04142,toluene,1,1.6169832963422994,1.6169832963422994,0.0,1.6169832963422994,1.6169832963422994,0.0,1.6169832963422994,general_only,C1CCC(C2C3CC4C(CC3C3C5CCCCC5CC23)C2C3CCCCC3CC2C4C2CCCCC2)CC1,[BH2-]1n2c(c(-c3ccccc3)c3sc4ccccc4c32)N=C2C(c3ccccc3)=c3sc4ccccc4c3=[N+]12,outside_MR_TADF,outside_CzBN_domain,outside_CzBN_domain
E00_133_00447,CCCCCCCCCCCCn1cccc1/C=C/c1cc(OCCCC)c(/C=C/c2cccn2CCCCCCCCCCCC)cc1OCCCC,HNBMYAFRRIWAHN-LBYUQGKWSA-N,,https://doi.org/10.1016/S0040-4039(00)01039-X,toluene,1,2.8220751371190564,2.8220751371190564,0.0,2.8220751371190564,2.8220751371190564,0.0,2.8220751371190564,general_only,C1CCC(CCC2CCC(CCC3CCCC3)CC2)C1,C(=C/c1ccc[nH]1)\c1ccc(/C=C/c2ccc[nH]2)cc1,outside_MR_TADF,outside_CzBN_domain,outside_CzBN_domain
E00_133_00448,CCCCCCCCCCCCn1cccc1/C=C/c1ccc(/C=C/c2cccn2CCCCCCCCCCCC)cc1,ZHOWJYYWRFAIDK-FMWAKIAMSA-N,,https://doi.org/10.1016/S0040-4039(00)01039-X,toluene,1,2.9573374774549954,2.9573374774549954,0.0,2.9573374774549954,2.9573374774549954,0.0,2.9573374774549954,general_only,C1CCC(CCC2CCC(CCC3CCCC3)CC2)C1,C(=C/c1ccc[nH]1)\c1ccc(/C=C/c2ccc[nH]2)cc1,outside_MR_TADF,outside_CzBN_domain,outside_CzBN_domain
E00_133_00449,CCCCCCCCCCCCn1cccc1/C=C/c1ccc(OCCCC)c2c(/C=C/c3cccn3CCCCCCCCCCCC)ccc(OCCCC)c12,KJOXPZNWAKNAQO-YEQLPCBTSA-N,,https://doi.org/10.1016/S0040-4039(00)01039-X,toluene,1,2.918639455782313,2.918639455782313,0.0,2.918639455782313,2.918639455782313,0.0,2.918639455782313,general_only,C1CCC(CCC2CCCC3C(CCC4CCCC4)CCCC23)C1,C(=C/c1cccc2c(/C=C/c3ccc[nH]3)cccc12)\c1ccc[nH]1,outside_MR_TADF,outside_CzBN_domain,outside_CzBN_domain
E00_133_00450,CCCCCCCCCCCCn1nnc(-c2ccc(C#Cc3ccc(C#Cc4ccc(-c5nnn(CCCCCCCCCCCC)n5)cc4)c4nc5c6ccccc6c6ccccc6c5nc34)cc2)n1,DFWTWNHJIVLYLW-UHFFFAOYSA-N,,https://doi.org/10.1016/j.dyepig.2018.04.059,toluene,2,2.7190899341198103,2.7190899341198103,0.0,2.7190899341198103,2.7190899341198103,0.0,2.7190899341198103,general_only,C1CCC(C2CCC(CCC3CCC(CCC4CCC(C5CCCC5)CC4)C4CC5C6CCCCC6C6CCCCC6C5CC34)CC2)C1,C(#Cc1ccc(C#Cc2ccc(-c3nn[nH]n3)cc2)c2nc3c4ccccc4c4ccccc4c3nc12)c1ccc(-c2nn[nH]n2)cc1,outside_MR_TADF,outside_CzBN_domain,outside_CzBN_domain
E00_133_00451,CCCCCCCCCCCn1cccc1C1=[N+]2C(=Cc3c(C)cc(C)n3[B-]2(F)F)c2ccccc21,MIBCWHDPWQBLDR-UHFFFAOYSA-N,,DOI: 10.1021/acs.joc.6b00414,toluene,1,2.0622667072192886,2.0622667072192886,0.0,2.0622667072192886,2.0622667072192886,0.0,2.0622667072192886,general_only,C1CC2CC3C4CCCCC4C(C4CCCC4)C3CC2C1,[BH2-]1n2cccc2C=C2c3ccccc3C(c3ccc[nH]3)=[N+]12,outside_MR_TADF,outside_CzBN_domain,outside_CzBN_domain
E00_133_00452,CCCCCCCCCCOc1ccc(C#Cc2ccc(C#Cc3ccc(OCCCCCCCCCC)c(OCCCCCCCCCC)c3)c3nc4c5ccccc5c5ccccc5c4nc23)cc1OCCCCCCCCCC,QQPGKPWAKQMLQD-UHFFFAOYSA-N,,https://doi.org/10.1016/j.dyepig.2018.04.059,toluene,2,2.490928264120834,2.490928264120834,0.0,2.490928264120834,2.490928264120834,0.0,2.490928264120834,general_only,C1CCC(CCC2CCC(CCC3CCCCC3)C3CC4C5CCCCC5C5CCCCC5C4CC23)CC1,C(#Cc1ccc(C#Cc2ccccc2)c2nc3c4ccccc4c4ccccc4c3nc12)c1ccccc1,outside_MR_TADF,outside_CzBN_domain,outside_CzBN_domain
E00_133_00453,CCCCCCCCCCn1cc(C2=C(c3cn(CCCCCCCCCC)c4ccccc34)C(=O)N(C)C2=O)c2ccccc21,RYASNUNXGXXDSZ-UHFFFAOYSA-N,,10.1021/jp051035u,toluene,1,2.382524839275278,2.382524839275278,0.0,2.382524839275278,2.382524839275278,0.0,2.382524839275278,general_only,CC1CC(C)C(C2CCC3CCCCC32)C1C1CCC2CCCCC21,O=C1NC(=O)C(c2c[nH]c3ccccc23)=C1c1c[nH]c2ccccc12,outside_MR_TADF,outside_CzBN_domain,outside_CzBN_domain
E00_133_00454,CCCCCCCCCCn1nnc(-c2ccc(C#Cc3ccc(C#Cc4ccc(-c5nnn(CCCCCCCCCC)n5)cc4)c4nc5c6ccccc6c6ccccc6c5nc34)cc2)n1,FAKCIAPCFMQDGA-UHFFFAOYSA-N,,https://doi.org/10.1016/j.dyepig.2018.04.059,toluene,2,2.7190899341198103,2.7190899341198103,0.0,2.7190899341198103,2.7190899341198103,0.0,2.7190899341198103,general_only,C1CCC(C2CCC(CCC3CCC(CCC4CCC(C5CCCC5)CC4)C4CC5C6CCCCC6C6CCCCC6C5CC34)CC2)C1,C(#Cc1ccc(C#Cc2ccc(-c3nn[nH]n3)cc2)c2nc3c4ccccc4c4ccccc4c3nc12)c1ccc(-c2nn[nH]n2)cc1,outside_MR_TADF,outside_CzBN_domain,outside_CzBN_domain
E00_133_00455,CCCCCCCCN(CCCCCCCC)c1ccc(/C=C/c2ccc(C#Cc3ccc(-c4ccc(C#Cc5ccc(/C=C/c6ccc(N(CCCCCCCC)CCCCCCCC)cc6)cc5)cc4)cc3)cc2)cc1,UHKPORXUDWLKTN-UUHCYPSGSA-N,,10.1021/ol017150e,toluene,1,2.8661864686293077,2.8661864686293077,0.0,2.8661864686293077,2.8661864686293077,0.0,2.8661864686293077,general_only,C1CCC(CCC2CCC(CCC3CCC(C4CCC(CCC5CCC(CCC6CCCCC6)CC5)CC4)CC3)CC2)CC1,C(#Cc1ccc(-c2ccc(C#Cc3ccc(/C=C/c4ccccc4)cc3)cc2)cc1)c1ccc(/C=C/c2ccccc2)cc1,outside_MR_TADF,outside_CzBN_domain,outside_CzBN_domain
E00_133_00456,CCCCCCCCN1c2ccc(C#Cc3cc(C(F)(F)F)cc(C(F)(F)F)c3)cc2Sc2cc(C=O)ccc21,CMINRDVTSOUMSG-UHFFFAOYSA-N,,https://doi.org/10.1016/j.molliq.2019.04.102,toluene,1,2.8477268817000727,2.8477268817000727,0.0,2.8477268817000727,2.8477268817000727,0.0,2.8477268817000727,general_only,C1CCC(CCC2CCC3CC4CCCCC4CC3C2)CC1,C(#Cc1ccc2c(c1)Sc1ccccc1N2)c1ccccc1,outside_MR_TADF,outside_CzBN_domain,outside_CzBN_domain
E00_133_00457,CCCCCCCCN1c2ccc(C#Cc3ccc(C(F)(F)F)cc3)cc2Sc2cc(C=O)ccc21,XCCCGPOABXNJEE-UHFFFAOYSA-N,,https://doi.org/10.1016/j.molliq.2019.04.102,toluene,1,2.8411333122941267,2.8411333122941267,0.0,2.8411333122941267,2.8411333122941267,0.0,2.8411333122941267,general_only,C1CCC(CCC2CCC3CC4CCCCC4CC3C2)CC1,C(#Cc1ccc2c(c1)Sc1ccccc1N2)c1ccccc1,outside_MR_TADF,outside_CzBN_domain,outside_CzBN_domain
E00_133_00458,CCCCCCCCN1c2ccc(C#Cc3ccc(F)cc3)cc2Sc2cc(C=O)ccc21,VNJYJELBVIFYBL-UHFFFAOYSA-N,,https://doi.org/10.1016/j.molliq.2019.04.102,toluene,1,2.845969368725579,2.845969368725579,0.0,2.845969368725579,2.845969368725579,0.0,2.845969368725579,general_only,C1CCC(CCC2CCC3CC4CCCCC4CC3C2)CC1,C(#Cc1ccc2c(c1)Sc1ccccc1N2)c1ccccc1,outside_MR_TADF,outside_CzBN_domain,outside_CzBN_domain
E00_133_00459,CCCCCCCCN1c2ccc(C#Cc3ccc(OC)cc3)cc2Sc2cc(C=O)ccc21,KQVICYWAACFMTK-UHFFFAOYSA-N,,https://doi.org/10.1016/j.molliq.2019.04.102,toluene,1,2.834496549115327,2.834496549115327,0.0,2.834496549115327,2.834496549115327,0.0,2.834496549115327,general_only,C1CCC(CCC2CCC3CC4CCCCC4CC3C2)CC1,C(#Cc1ccc2c(c1)Sc1ccccc1N2)c1ccccc1,outside_MR_TADF,outside_CzBN_domain,outside_CzBN_domain
E00_133_00460,CCCCCCCCN1c2ccccc2Sc2cc(/C=C/c3ccc(N(c4ccc(/C=C/c5ccc6c(c5)Sc5ccccc5N6CCCCCCCC)cc4)c4ccc(/C=C/c5ccc(/C=C/c6ccc(N(c7ccc(/C=C/c8ccc(N(c9ccccc9)c9ccccc9)cc8)cc7)c7ccc(/C=C/c8ccc(N(c9ccccc9)c9ccccc9)cc8)cc7)cc6)c6nsnc56)cc4)cc3)ccc21,JRTBFUNOUGDJLA-FZRLLEPOSA-N,,https://doi.org/10.1016/j.optmat.2013.12.047,toluene,1,2.1632270168855534,2.1632270168855534,0.0,2.1632270168855534,2.1632270168855534,0.0,2.1632270168855534,general_only,C1CCC(C(C2CCCCC2)C2CCC(CCC3CCC(C(C4CCC(CCC5CCC(C(C6CCCCC6)C6CCCCC6)CC5)CC4)C4CCC(CCC5CCC(CCC6CCC(C(C7CCC(CCC8CCC9CC%10CCCCC%10CC9C8)CC7)C7CCC(CCC8CCC9CC%10CCCCC%10CC9C8)CC7)CC6)C6CCCC56)CC4)CC3)CC2)CC1,C(=C/c1ccc(N(c2ccc(/C=C/c3ccc(N(c4ccccc4)c4ccccc4)cc3)cc2)c2ccc(/C=C/c3ccc(/C=C/c4ccc(N(c5ccc(/C=C/c6ccc7c(c6)Sc6ccccc6N7)cc5)c5ccc(/C=C/c6ccc7c(c6)Sc6ccccc6N7)cc5)cc4)c4nsnc34)cc2)cc1)\c1ccc(N(c2ccccc2)c2ccccc2)cc1,outside_MR_TADF,outside_CzBN_domain,outside_CzBN_domain
E00_133_00461,CCCCCCCCN1c2ccccc2Sc2cc(/C=C/c3ccc(N(c4ccc(/C=C/c5ccc6c(c5)Sc5ccccc5N6CCCCCCCC)cc4)c4ccc(/C=C/c5ccc(/C=C/c6ccc(N(c7ccc(/C=C/c8ccc9c(c8)Sc8ccccc8N9CCCCCCCC)cc7)c7ccc(/C=C/c8ccc9c(c8)Sc8ccccc8N9CCCCCCCC)cc7)cc6)c6nsnc56)cc4)cc3)ccc21,CWSLZQXZUWWVAO-XRHNTLKISA-N,,https://doi.org/10.1016/j.optmat.2013.12.047,toluene,1,2.169811320754717,2.169811320754717,0.0,2.169811320754717,2.169811320754717,0.0,2.169811320754717,general_only,C1CCC2CC3CC(CCC4CCC(C(C5CCC(CCC6CCC7CC8CCCCC8CC7C6)CC5)C5CCC(CCC6CCC(CCC7CCC(C(C8CCC(CCC9CCC%10CC%11CCCCC%11CC%10C9)CC8)C8CCC(CCC9CCC%10CC%11CCCCC%11CC%10C9)CC8)CC7)C7CCCC67)CC5)CC4)CCC3CC2C1,C(=C/c1ccc2c(c1)Sc1ccccc1N2)\c1ccc(N(c2ccc(/C=C/c3ccc4c(c3)Sc3ccccc3N4)cc2)c2ccc(/C=C/c3ccc(/C=C/c4ccc(N(c5ccc(/C=C/c6ccc7c(c6)Sc6ccccc6N7)cc5)c5ccc(/C=C/c6ccc7c(c6)Sc6ccccc6N7)cc5)cc4)c4nsnc34)cc2)cc1,outside_MR_TADF,outside_CzBN_domain,outside_CzBN_domain
E00_133_00462,CCCCCCCCOC(=O)c1cc2ccc3ccccc3c2c(C#N)c1N,BRHBMHLRVFAKKO-UHFFFAOYSA-N,,DOI: 10.1021/acs.joc.9b0299,toluene,1,2.7529104826601687,2.7529104826601687,0.0,2.7529104826601687,2.7529104826601687,0.0,2.7529104826601687,general_only,C1CCC2C(C1)CCC1CCCCC12,c1ccc2c(c1)ccc1ccccc12,outside_MR_TADF,outside_CzBN_domain,outside_CzBN_domain
E00_133_00463,CCCCCCCCOC(=O)c1ccc(-c2cc3ccc4cc(-c5ccc(C(=O)OCCCCCCCC)cc5)cc5ccc(c2)c3c45)cc1,ZARRZMTYERRLST-UHFFFAOYSA-N,,http://dx.doi.org/10.1021/ja2006862,toluene,1,3.0073375508572235,3.0073375508572235,0.0,3.0073375508572235,3.0073375508572235,0.0,3.0073375508572235,general_only,C1CCC(C2CC3CCC4CC(C5CCCCC5)CC5CCC(C2)C3C45)CC1,c1ccc(-c2cc3ccc4cc(-c5ccccc5)cc5ccc(c2)c3c45)cc1,outside_MR_TADF,outside_CzBN_domain,outside_CzBN_domain
E00_133_00464,CCCCCCCCOc1ccc(C#Cc2ccc(C#Cc3ccc(OCCCCCCCC)c(OCCCCCCCC)c3)c3nc4c5ccccc5c5ccccc5c4nc23)cc1OCCCCCCCC,QONYBMBRLYTYIA-UHFFFAOYSA-N,,https://doi.org/10.1016/j.dyepig.2018.04.059,toluene,2,2.490928264120834,2.490928264120834,0.0,2.490928264120834,2.490928264120834,0.0,2.490928264120834,general_only,C1CCC(CCC2CCC(CCC3CCCCC3)C3CC4C5CCCCC5C5CCCCC5C4CC23)CC1,C(#Cc1ccc(C#Cc2ccccc2)c2nc3c4ccccc4c4ccccc4c3nc12)c1ccccc1,outside_MR_TADF,outside_CzBN_domain,outside_CzBN_domain
E00_133_00465,CCCCCCCCOc1ccc2c3cccc4c(OCCCCCCCC)ccc(c5cccc1c52)c43,SIYRKHNCRZAJBR-UHFFFAOYSA-N,,doi:10.1016/j.dyepig.2010.06.009,toluene,1,2.6668086839221443,2.6668086839221443,0.0,2.6668086839221443,2.6668086839221443,0.0,2.6668086839221443,general_only,C1CC2CCCC3C4CCCC5CCCC(C(C1)C23)C54,c1cc2cccc3c4cccc5cccc(c(c1)c23)c54,outside_MR_TADF,outside_CzBN_domain,outside_CzBN_domain
E00_133_00466,CCCCCCCCc1ccc(-c2ccc(/C=C(\C#N)c3ccc(-c4cccc5cccc(-c6ccc(/C(C#N)=C/c7ccc(-c8ccc(CCCCCCCC)cc8)cc7)cc6)c45)cc3)cc2)cc1,WJEXANKKIBINCO-CBFRTWSQSA-N,,https://doi.org/10.1002/chem.201404745,toluene,1,3.034157695664824,3.034157695664824,0.0,3.034157695664824,3.034157695664824,0.0,3.034157695664824,general_only,C1CCC(C2CCC(CCC3CCC(C4CCCC5CCCC(C6CCC(CCC7CCC(C8CCCCC8)CC7)CC6)C54)CC3)CC2)CC1,C(=Cc1ccc(-c2cccc3cccc(-c4ccc(/C=C/c5ccc(-c6ccccc6)cc5)cc4)c23)cc1)c1ccc(-c2ccccc2)cc1,outside_MR_TADF,outside_CzBN_domain,outside_CzBN_domain
E00_133_00467,CCCCCCCCc1ccc(-n2c3c(c4c2c2c(n4-c4ccc(CCCCCCCC)cc4)-c4ccccc4NB2c2ccccc2)B(c2ccccc2)Nc2ccccc2-3)cc1,SXDYTPMIGPXJMZ-UHFFFAOYSA-N,,DOI: 10.1021/acs.joc.6b01209,toluene,1,3.1520671834625325,3.1520671834625325,0.0,3.1520671834625325,3.1520671834625325,0.0,3.1520671834625325,general_only,C1CCC(C2CC3CCCCC3C3C(C4CCCCC4)C4C5C(C6CCCCC6)CC6CCCCC6C5C(C5CCCCC5)C4C23)CC1,c1ccc(B2Nc3ccccc3-c3c2c2c(c4c(n2-c2ccccc2)-c2ccccc2NB4c2ccccc2)n3-c2ccccc2)cc1,outside_MR_TADF,outside_CzBN_domain,outside_CzBN_domain
E00_133_00468,CCCCCCCCn1c2cc(/C=C/c3ccc(N(c4ccccc4)c4ccccc4)cc3)ccc2c2cc3c(cc21)c1ccc(/C=C/c2ccc(N(c4ccccc4)c4ccccc4)cc2)cc1n3CCCCCCCC,CAAANXZVTKCHBA-ATXIYDNESA-N,,https://doi.org/10.1016/j.dyepig.2009.11.009,toluene,1,2.8011668563994148,2.8011668563994148,0.0,2.8011668563994148,2.8011668563994148,0.0,2.8011668563994148,general_only,C1CCC(C(C2CCCCC2)C2CCC(CCC3CCC4C(C3)CC3CC5C(CC6CC(CCC7CCC(C(C8CCCCC8)C8CCCCC8)CC7)CCC65)CC34)CC2)CC1,C(=C/c1ccc2c(c1)[nH]c1cc3c(cc12)[nH]c1cc(/C=C/c2ccc(N(c4ccccc4)c4ccccc4)cc2)ccc13)\c1ccc(N(c2ccccc2)c2ccccc2)cc1,outside_MR_TADF,outside_CzBN_domain,outside_CzBN_domain
E00_133_00469,CCCCCCCCn1c2ccc(/C=C/c3ccc(N(c4ccccc4)c4ccccc4)cc3)cc2c2cc3c(cc21)c1cc(/C=C/c2ccc(N(c4ccccc4)c4ccccc4)cc2)ccc1n3CCCCCCCC,YWWZVCBTJIHMAH-ATXIYDNESA-N,,https://doi.org/10.1016/j.dyepig.2009.11.009,toluene,1,2.9624837558237855,2.9624837558237855,0.0,2.9624837558237855,2.9624837558237855,0.0,2.9624837558237855,general_only,C1CCC(C(C2CCCCC2)C2CCC(CCC3CCC4CC5CC6C(CC7CCC(CCC8CCC(C(C9CCCCC9)C9CCCCC9)CC8)CC76)CC5C4C3)CC2)CC1,C(=C/c1ccc2[nH]c3cc4c(cc3c2c1)[nH]c1ccc(/C=C/c2ccc(N(c3ccccc3)c3ccccc3)cc2)cc14)\c1ccc(N(c2ccccc2)c2ccccc2)cc1,outside_MR_TADF,outside_CzBN_domain,outside_CzBN_domain
E00_133_00470,CCCCCCCCn1nnc(-c2ccc(C#Cc3ccc(C#Cc4ccc(-c5nnn(CCCCCCCC)n5)cc4)c4nc5c6ccccc6c6ccccc6c5nc34)cc2)n1,PQCGGFJEXCPIEN-UHFFFAOYSA-N,,https://doi.org/10.1016/j.dyepig.2018.04.059,toluene,2,2.7190899341198103,2.7190899341198103,0.0,2.7190899341198103,2.7190899341198103,0.0,2.7190899341198103,general_only,C1CCC(C2CCC(CCC3CCC(CCC4CCC(C5CCCC5)CC4)C4CC5C6CCCCC6C6CCCCC6C5CC34)CC2)C1,C(#Cc1ccc(C#Cc2ccc(-c3nn[nH]n3)cc2)c2nc3c4ccccc4c4ccccc4c3nc12)c1ccc(-c2nn[nH]n2)cc1,outside_MR_TADF,outside_CzBN_domain,outside_CzBN_domain
E00_133_00471,CCCCCCN(CCCCCC)c1ccc(C#Cc2ccc(-c3ccc(C#Cc4ccc(N(CCCCCC)CCCCCC)cc4)cc3)cc2)cc1,QHJSMQUPRIEJLF-UHFFFAOYSA-N,,10.1021/ol017150e,toluene,1,3.1200181616385834,3.1200181616385834,0.0,3.1200181616385834,3.1200181616385834,0.0,3.1200181616385834,general_only,C1CCC(CCC2CCC(C3CCC(CCC4CCCCC4)CC3)CC2)CC1,C(#Cc1ccc(-c2ccc(C#Cc3ccccc3)cc2)cc1)c1ccccc1,outside_MR_TADF,outside_CzBN_domain,outside_CzBN_domain
E00_133_00472,CCCCCCN(CCCCCC)c1ccc(C#Cc2ccc(/C=C/c3ccc(-c4ccc(/C=C/c5ccc(C#Cc6ccc(N(CCCCCC)CCCCCC)cc6)cc5)cc4)cc3)cc2)cc1,HCTGYTTWALBYFH-BNRZXNFUSA-N,,10.1021/ol017150e,toluene,1,2.9216814159292035,2.9216814159292035,0.0,2.9216814159292035,2.9216814159292035,0.0,2.9216814159292035,general_only,C1CCC(CCC2CCC(CCC3CCC(C4CCC(CCC5CCC(CCC6CCCCC6)CC5)CC4)CC3)CC2)CC1,C(#Cc1ccc(/C=C/c2ccc(-c3ccc(/C=C/c4ccc(C#Cc5ccccc5)cc4)cc3)cc2)cc1)c1ccccc1,outside_MR_TADF,outside_CzBN_domain,outside_CzBN_domain
E00_133_00473,CCCCCCN(CCCCCC)c1ccc(C#Cc2ccc(C#Cc3ccc(-c4ccc(C#Cc5ccc(C#Cc6ccc(N(CCCCCC)CCCCCC)cc6)cc5)cc4)cc3)cc2)cc1,CPHCRUSJQYQCJE-UHFFFAOYSA-N,,10.1021/ol017150e,toluene,1,3.0591672576724678,3.0591672576724678,0.0,3.0591672576724678,3.0591672576724678,0.0,3.0591672576724678,general_only,C1CCC(CCC2CCC(CCC3CCC(C4CCC(CCC5CCC(CCC6CCCCC6)CC5)CC4)CC3)CC2)CC1,C(#Cc1ccc(C#Cc2ccc(-c3ccc(C#Cc4ccc(C#Cc5ccccc5)cc4)cc3)cc2)cc1)c1ccccc1,outside_MR_TADF,outside_CzBN_domain,outside_CzBN_domain
E00_133_00474,CCCCCCOc1ccc(/C=C/c2ccc(N(c3ccc(/C=C/c4ccc(OCCCCCC)cc4)cc3)c3ccc(-c4nc5ccccc5nc4-c4ccc(N(c5ccc(/C=C/c6ccc(OCCCCCC)cc6)cc5)c5ccc(/C=C/c6ccc(OCCCCCC)cc6)cc5)cc4)cc3)cc2)cc1,WUCRGVFIZLCOLD-FBEKTBDPSA-N,,https://doi.org/10.1016/j.omx.2019.100013,toluene,1,2.8854767829724146,2.8854767829724146,0.0,2.8854767829724146,2.8854767829724146,0.0,2.8854767829724146,general_only,C1CCC(CCC2CCC(C(C3CCC(CCC4CCCCC4)CC3)C3CCC(C4CC5CCCCC5CC4C4CCC(C(C5CCC(CCC6CCCCC6)CC5)C5CCC(CCC6CCCCC6)CC5)CC4)CC3)CC2)CC1,C(=C/c1ccc(N(c2ccc(/C=C/c3ccccc3)cc2)c2ccc(-c3nc4ccccc4nc3-c3ccc(N(c4ccc(/C=C/c5ccccc5)cc4)c4ccc(/C=C/c5ccccc5)cc4)cc3)cc2)cc1)\c1ccccc1,outside_MR_TADF,outside_CzBN_domain,outside_CzBN_domain
E00_133_00475,CCCCCCOc1ccc(C#Cc2ccc(-c3ccc(-c4ccc(C#Cc5ccc(OCCCCCC)c(OCCCCCC)c5)s4)c4nsnc34)s2)cc1OCCCCCC,CEXIAXODYIAEJE-UHFFFAOYSA-N,,DOI: 10.1021/acs.jpcc.6b07290,toluene,1,2.24,2.24,0.0,2.24,2.24,0.0,2.24,general_only,C1CCC(CCC2CCC(C3CCC(C4CCC(CCC5CCCCC5)C4)C4CCCC34)C2)CC1,C(#Cc1ccc(-c2ccc(-c3ccc(C#Cc4ccccc4)s3)c3nsnc23)s1)c1ccccc1,outside_MR_TADF,outside_CzBN_domain,outside_CzBN_domain
E00_133_00476,CCCCCCOc1ccc(C#Cc2ccc(C#CC#Cc3ccc(C#Cc4ccc(OCCCCCC)c(OCCCCCC)c4)c4nsnc34)c3nsnc23)cc1OCCCCCC,FTAYRFJOCVPYMM-UHFFFAOYSA-N,,DOI: 10.1021/acs.jpcc.6b07290,toluene,1,2.493391360412637,2.493391360412637,0.0,2.493391360412637,2.493391360412637,0.0,2.493391360412637,general_only,C1CCC(CCC2CCC(CCCCC3CCC(CCC4CCCCC4)C4CCCC34)C3CCCC23)CC1,C(C#Cc1ccc(C#Cc2ccccc2)c2nsnc12)#Cc1ccc(C#Cc2ccccc2)c2nsnc12,outside_MR_TADF,outside_CzBN_domain,outside_CzBN_domain
E00_133_00477,CCCCCCOc1ccc(C#Cc2ccc(C#Cc3ccc(OCCCCCC)c(OCCCCCC)c3)c3nsnc23)cc1OCCCCCC,WZUSHZWNBMSERE-UHFFFAOYSA-N,,DOI: 10.1021/acs.jpcc.6b07290,toluene,1,2.538490955041234,2.538490955041234,0.0,2.538490955041234,2.538490955041234,0.0,2.538490955041234,general_only,C1CCC(CCC2CCC(CCC3CCCCC3)C3CCCC23)CC1,C(#Cc1ccc(C#Cc2ccccc2)c2nsnc12)c1ccccc1,outside_MR_TADF,outside_CzBN_domain,outside_CzBN_domain
E00_133_00478,CCCCCCOc1ccc(N(c2ccc(OCCCCCC)cc2)c2ccc(-c3sc(-c4ccc(N(c5ccc(OCCCCCC)cc5)c5ccc(OCCCCCC)cc5)cc4)c4nc(-c5ccccc5)c(-c5ccccc5)nc34)cc2)cc1,KZRMHBCWCVSWIX-UHFFFAOYSA-N,,DOI: 10.1021/acs.joc.5b01958,toluene,1,1.862210338680927,1.862210338680927,0.0,1.862210338680927,1.862210338680927,0.0,1.862210338680927,general_only,C1CCC(C2CC3C(C4CCC(C(C5CCCCC5)C5CCCCC5)CC4)CC(C4CCC(C(C5CCCCC5)C5CCCCC5)CC4)C3CC2C2CCCCC2)CC1,c1ccc(-c2nc3c(-c4ccc(N(c5ccccc5)c5ccccc5)cc4)sc(-c4ccc(N(c5ccccc5)c5ccccc5)cc4)c3nc2-c2ccccc2)cc1,outside_MR_TADF,outside_CzBN_domain,outside_CzBN_domain
E00_133_00479,CCCCCCc1cc2/c(=C(\C#N)C(=O)OC)s/c(=c3/s/c(=C(/C#N)C(=O)OC)c4cc(CCCCCC)sc34)c2s1,PLFGFWSVJKDTOT-FASIJKDJSA-N,,DOI: 10.1021/jacs.5b03899,toluene,1,2.093758905671131,2.093758905671131,0.0,2.093758905671131,2.093758905671131,0.0,2.093758905671131,general_only,CC1CC(C2CC(C)C3CCCC32)C2CCCC21,C=c1s/c(=c2/sc(=C)c3ccsc23)c2sccc12,outside_MR_TADF,outside_CzBN_domain,outside_CzBN_domain
E00_133_00480,CCCCCCc1ccc(-n2c3[n+](c4c5ccccc5c5ccccc5c42)[B-](C)(C)c2cc(-n4c5ccccc5c5ccccc54)ccc2-3)cc1,PUHQUYYAVNBXGJ-UHFFFAOYSA-N,,https://doi.org/10.1016/j.tet.2018.08.019,toluene,1,3.165528455284553,3.165528455284553,0.0,3.165528455284553,3.165528455284553,0.0,3.165528455284553,general_only,C1CCC(C2C3C4CCC(C5C6CCCCC6C6CCCCC65)CC4CC3C3C4CCCCC4C4CCCCC4C32)CC1,[BH2-]1c2cc(-n3c4ccccc4c4ccccc43)ccc2-c2n(-c3ccccc3)c3c4ccccc4c4ccccc4c3[n+]21,outside_MR_TADF,outside_CzBN_domain,outside_CzBN_domain
E00_133_00481,CCCCCCc1ccc(-n2c3[n+](c4c5ccccc5c5ccccc5c42)[B-](C)(C)c2cc(N(c4ccccc4)c4ccccc4)ccc2-3)cc1,VYYLCSFGIXLYIN-UHFFFAOYSA-N,,https://doi.org/10.1016/j.tet.2018.08.019,toluene,1,3.0103109771887286,3.0103109771887286,0.0,3.0103109771887286,3.0103109771887286,0.0,3.0103109771887286,general_only,C1CCC(C(C2CCCCC2)C2CCC3C(C2)CC2C3C(C3CCCCC3)C3C4CCCCC4C4CCCCC4C23)CC1,[BH2-]1c2cc(N(c3ccccc3)c3ccccc3)ccc2-c2n(-c3ccccc3)c3c4ccccc4c4ccccc4c3[n+]21,outside_MR_TADF,outside_CzBN_domain,outside_CzBN_domain
E00_133_00482,CCCCCCc1ccc(-n2c3[n+](c4c5ccccc5c5ccccc5c42)[B-](C)(C)c2ccc4ccccc4c2-3)cc1,DTCOELLOCGLYGB-UHFFFAOYSA-N,,https://doi.org/10.1016/j.tet.2018.08.019,toluene,1,2.974004538890035,2.974004538890035,0.0,2.974004538890035,2.974004538890035,0.0,2.974004538890035,general_only,C1CCC(C2C3C(CC4CCC5CCCCC5C43)C3C4CCCCC4C4CCCCC4C32)CC1,[BH2-]1c2ccc3ccccc3c2-c2n(-c3ccccc3)c3c4ccccc4c4ccccc4c3[n+]21,outside_MR_TADF,outside_CzBN_domain,outside_CzBN_domain
E00_133_00483,CCCCCCc1ccc(-n2c3[n+](c4c5ccccc5c5ccccc5c42)[B-](C)(C)c2ccccc2-3)cc1,AIDPUTIWGCQJOI-UHFFFAOYSA-N,,https://doi.org/10.1016/j.tet.2018.08.019,toluene,1,3.327841133935317,3.327841133935317,0.0,3.327841133935317,3.327841133935317,0.0,3.327841133935317,general_only,C1CCC(C2C3C4CCCCC4CC3C3C4CCCCC4C4CCCCC4C32)CC1,[BH2-]1c2ccccc2-c2n(-c3ccccc3)c3c4ccccc4c4ccccc4c3[n+]21,outside_MR_TADF,outside_CzBN_domain,outside_CzBN_domain
E00_133_00484,CCCCCCc1ccc(-n2c3c(c4c2c2c(n4-c4ccc(CCCCCC)cc4)-c4cccc(OC)c4NB2c2ccccc2)B(c2ccccc2)Nc2c(OC)cccc2-3)cc1,FYFHOWSKKUITSA-UHFFFAOYSA-N,,DOI: 10.1021/acs.joc.6b01209,toluene,1,3.1926569023792166,3.1926569023792166,0.0,3.1926569023792166,3.1926569023792166,0.0,3.1926569023792166,general_only,C1CCC(C2CC3CCCCC3C3C(C4CCCCC4)C4C5C(C6CCCCC6)CC6CCCCC6C5C(C5CCCCC5)C4C23)CC1,c1ccc(B2Nc3ccccc3-c3c2c2c(c4c(n2-c2ccccc2)-c2ccccc2NB4c2ccccc2)n3-c2ccccc2)cc1,outside_MR_TADF,outside_CzBN_domain,outside_CzBN_domain
E00_133_00485,CCCCCCc1ccc(/C=C/c2ccc(CCCCCC)s2)s1,FLVSEVOFGSJASV-ISLYRVAYSA-N,,DOI: 10.1021/jacs.5b03899,toluene,1,3.2319576490924806,3.2319576490924806,0.0,3.2319576490924806,3.2319576490924806,0.0,3.2319576490924806,general_only,C1CCC(CCC2CCCC2)C1,C(=C/c1cccs1)\c1cccs1,outside_MR_TADF,outside_CzBN_domain,outside_CzBN_domain
E00_133_00486,CCCCCCc1ccc2c(/C=N/c3cc(/N=C/c4c(O)ccc5cc(CCCCCC)ccc45)cc(/N=C/c4c(O)ccc5cc(CCCCCC)ccc45)c3)c(O)ccc2c1,RBESJEPAUYIADW-CTLPXBNISA-N,,https://doi.org/10.1016/j.jorganchem.2019.04.008,toluene,1,2.514546351084813,2.514546351084813,0.0,2.514546351084813,2.514546351084813,0.0,2.514546351084813,general_only,C1CCC2C(C1)CCCC2CCC1CC(CCC2CCCC3CCCCC32)CC(CCC2CCCC3CCCCC32)C1,C(=N/c1cc(/N=C/c2cccc3ccccc23)cc(/N=C/c2cccc3ccccc23)c1)\c1cccc2ccccc12,outside_MR_TADF,outside_CzBN_domain,outside_CzBN_domain
E00_133_00487,CCCCCCc1ccc2c(/C=N/c3ccc(/N=C/c4c(O)ccc5cc(CCCCCC)ccc45)cc3)c(O)ccc2c1,RJWZBYHTNSHSKW-CTQPMARESA-N,,https://doi.org/10.1016/j.jorganchem.2019.04.008,toluene,1,2.3805110552098503,2.3805110552098503,0.0,2.3805110552098503,2.3805110552098503,0.0,2.3805110552098503,general_only,C1CCC2C(C1)CCCC2CCC1CCC(CCC2CCCC3CCCCC32)CC1,C(=N/c1ccc(/N=C/c2cccc3ccccc23)cc1)\c1cccc2ccccc12,outside_MR_TADF,outside_CzBN_domain,outside_CzBN_domain
E00_133_00488,CCCCCCc1ccc2c3c(ccc2c1)O[B-](F)(F)[N+](c1cc([N+]2=Cc4c(ccc5cc(CCCCCC)ccc45)O[B-]2(F)F)cc([N+]2=Cc4c(ccc5cc(CCCCCC)ccc45)O[B-]2(F)F)c1)=C3,ROGLVUKZXWRMTE-UHFFFAOYSA-N,,https://doi.org/10.1016/j.jorganchem.2019.04.008,toluene,1,2.6894771606181695,2.6894771606181695,0.0,2.6894771606181695,2.6894771606181695,0.0,2.6894771606181695,general_only,C1CCC2C(C1)CCC1CCC(C3CC(C4CCC5CCC6CCCCC6C5C4)CC(C4CCC5CCC6CCCCC6C5C4)C3)CC12,[BH2-]1Oc2ccc3ccccc3c2C=[N+]1c1cc([N+]2=Cc3c(ccc4ccccc34)O[BH2-]2)cc([N+]2=Cc3c(ccc4ccccc34)O[BH2-]2)c1,outside_MR_TADF,outside_CzBN_domain,outside_CzBN_domain
E00_133_00489,CCCCCCc1ccc2c3c(ccc2c1)O[B-](F)(F)[N+](c1ccc([N+]2=Cc4c(ccc5cc(CCCCCC)ccc45)O[B-]2(F)F)cc1)=C3,VUXMWYFQSFJZKV-UHFFFAOYSA-N,,https://doi.org/10.1016/j.jorganchem.2019.04.008,toluene,1,2.6424907895687353,2.6424907895687353,0.0,2.6424907895687353,2.6424907895687353,0.0,2.6424907895687353,general_only,C1CCC2C(C1)CCC1CCC(C3CCC(C4CCC5CCC6CCCCC6C5C4)CC3)CC12,[BH2-]1Oc2ccc3ccccc3c2C=[N+]1c1ccc([N+]2=Cc3c(ccc4ccccc34)O[BH2-]2)cc1,outside_MR_TADF,outside_CzBN_domain,outside_CzBN_domain
E00_133_00490,CCCCCCc1ccc2c3c(ccc2c1)O[B-](c1ccccc1)(c1ccccc1)[N+](c1cc([N+]2=Cc4c(ccc5cc(CCCCCC)ccc45)O[B-]2(c2ccccc2)c2ccccc2)cc([N+]2=Cc4c(ccc5cc(CCCCCC)ccc45)O[B-]2(c2ccccc2)c2ccccc2)c1)=C3,LXYLJFUDKNETAF-UHFFFAOYSA-N,,https://doi.org/10.1016/j.jorganchem.2019.04.008,toluene,1,2.471856268608643,2.471856268608643,0.0,2.471856268608643,2.471856268608643,0.0,2.471856268608643,general_only,C1CCC(C2(C3CCCCC3)CC3CCC4CCCCC4C3CC2C2CC(C3CC4C(CCC5CCCCC54)CC3(C3CCCCC3)C3CCCCC3)CC(C3CC4C(CCC5CCCCC54)CC3(C3CCCCC3)C3CCCCC3)C2)CC1,C1=[N+](c2cc([N+]3=Cc4c(ccc5ccccc45)O[B-]3(c3ccccc3)c3ccccc3)cc([N+]3=Cc4c(ccc5ccccc45)O[B-]3(c3ccccc3)c3ccccc3)c2)[B-](c2ccccc2)(c2ccccc2)Oc2ccc3ccccc3c21,outside_MR_TADF,outside_CzBN_domain,outside_CzBN_domain
E00_133_00491,CCCCCCc1ccc2c3c(ccc2c1)O[B-](c1ccccc1)(c1ccccc1)[N+](c1ccc([N+]2=Cc4c(ccc5cc(CCCCCC)ccc45)O[B-]2(c2ccccc2)c2ccccc2)cc1)=C3,LDSNVPKFYHXFHI-UHFFFAOYSA-N,,https://doi.org/10.1016/j.jorganchem.2019.04.008,toluene,1,2.4316222734500412,2.4316222734500412,0.0,2.4316222734500412,2.4316222734500412,0.0,2.4316222734500412,general_only,C1CCC(C2(C3CCCCC3)CC3CCC4CCCCC4C3CC2C2CCC(C3CC4C(CCC5CCCCC54)CC3(C3CCCCC3)C3CCCCC3)CC2)CC1,C1=[N+](c2ccc([N+]3=Cc4c(ccc5ccccc45)O[B-]3(c3ccccc3)c3ccccc3)cc2)[B-](c2ccccc2)(c2ccccc2)Oc2ccc3ccccc3c21,outside_MR_TADF,outside_CzBN_domain,outside_CzBN_domain
E00_133_00492,CCCCCn1c2cc(/C=C/c3ccc(N(c4ccccc4)c4ccccc4)cc3)ccc2c2ccc(/C=C/c3ccc(N(c4ccccc4)c4ccccc4)cc3)cc21,PWQYBKGCZILXIC-NBHCHVEOSA-N,,https://doi.org/10.1016/j.dyepig.2009.11.009,toluene,1,2.88323865322263,2.88323865322263,0.0,2.88323865322263,2.88323865322263,0.0,2.88323865322263,general_only,C1CCC(C(C2CCCCC2)C2CCC(CCC3CCC4C(C3)CC3CC(CCC5CCC(C(C6CCCCC6)C6CCCCC6)CC5)CCC34)CC2)CC1,C(=C/c1ccc2c(c1)[nH]c1cc(/C=C/c3ccc(N(c4ccccc4)c4ccccc4)cc3)ccc12)\c1ccc(N(c2ccccc2)c2ccccc2)cc1,outside_MR_TADF,outside_CzBN_domain,outside_CzBN_domain
E00_133_00493,CCCCN(CCCC)c1ccc(/C=C/c2ccc(-c3ccc(/C=C/c4ccc(N(CCCC)CCCC)cc4)cc3)cc2)cc1,OQZHHBRWQIOQAE-WXUKJITCSA-N,,https://doi.org/10.1016/j.cplett.2016.10.020,toluene,1,2.9141577470718687,2.9141577470718687,0.0,2.9141577470718687,2.9141577470718687,0.0,2.9141577470718687,general_only,C1CCC(CCC2CCC(C3CCC(CCC4CCCCC4)CC3)CC2)CC1,C(=C/c1ccc(-c2ccc(/C=C/c3ccccc3)cc2)cc1)\c1ccccc1,outside_MR_TADF,outside_CzBN_domain,outside_CzBN_domain
E00_133_00494,CCCCN(CCCC)c1ccc(/C=C/c2ccc3c(c2)CCc2cc(/C=C/c4ccc(N(CCCC)CCCC)cc4)ccc2-3)cc1,MSRAFNFNWGSZLU-WXUKJITCSA-N,,https://doi.org/10.1016/j.cplett.2016.10.020,toluene,1,2.8607594076502254,2.8607594076502254,0.0,2.8607594076502254,2.8607594076502254,0.0,2.8607594076502254,general_only,C1CCC(CCC2CCC3C(CCC4CC(CCC5CCCCC5)CCC43)C2)CC1,C(=C/c1ccc2c(c1)CCc1cc(/C=C/c3ccccc3)ccc1-2)\c1ccccc1,outside_MR_TADF,outside_CzBN_domain,outside_CzBN_domain
E00_133_00495,CCCCN1/C(=C\c2c(-c3ccc(N(C)C)cc3)c(=O)c2=O)C=Cc2ccccc21,ZESZIAODRDGXHC-FXBPSFAMSA-N,,https://doi.org/10.1016/j.dyepig.2018.10.064,toluene,1,3.1427388798675455,3.1427388798675455,0.0,3.1427388798675455,3.1427388798675455,0.0,3.1427388798675455,general_only,CC1C(C)C(C2CCCCC2)C1CC1CCC2CCCCC2C1,O=c1c(/C=C2/C=Cc3ccccc3N2)c(-c2ccccc2)c1=O,outside_MR_TADF,outside_CzBN_domain,outside_CzBN_domain
E00_133_00496,CCCCN1C(=O)C(=C/C=C/C=C/C=C2N(CCCC)c3ccccc3N2CCCC)C(=O)N(CCCC)C1=S,OIBWSHJIHXULCK-WXUKJITCSA-N,,https://doi.org/10.1039/C5CP06653K,toluene,1,1.76698772925188,1.76698772925188,0.0,1.76698772925188,1.76698772925188,0.0,1.76698772925188,general_only,CC1CC(C)C(CCCCCCC2CC3CCCCC3C2)C(C)C1,O=C1NC(=S)NC(=O)C1=C/C=C/C=C/C=C1Nc2ccccc2N1,outside_MR_TADF,outside_CzBN_domain,outside_CzBN_domain
E00_133_00497,CCCCN1C(=O)C(=C/C=C/C=C2N(CCCC)c3ccccc3N2CCCC)C(=O)N(CCCC)C1=S,PZDIDMDGTACFHZ-DTQAZKPQSA-N,,https://doi.org/10.1039/C5CP06653K,toluene,1,2.11505016722408,2.11505016722408,0.0,2.11505016722408,2.11505016722408,0.0,2.11505016722408,general_only,CC1CC(C)C(CCCCC2CC3CCCCC3C2)C(C)C1,O=C1NC(=S)NC(=O)C1=C/C=C/C=C1Nc2ccccc2N1,outside_MR_TADF,outside_CzBN_domain,outside_CzBN_domain
E00_133_00498,CCCCN1C(=O)C(=CC=C2N(CCCC)c3ccccc3N2CCCC)C(=O)N(CCCC)C1=S,FPFUNRSENSNAMY-UHFFFAOYSA-N,,https://doi.org/10.1039/C5CP06653K,toluene,1,2.590092447235304,2.590092447235304,0.0,2.590092447235304,2.590092447235304,0.0,2.590092447235304,general_only,CC1CC(C)C(CCC2CC3CCCCC3C2)C(C)C1,O=C1NC(=S)NC(=O)C1=CC=C1Nc2ccccc2N1,outside_MR_TADF,outside_CzBN_domain,outside_CzBN_domain
E00_133_00499,CCCCN1C(=O)c2cccc3c(N(C)C)ccc(c23)C1=O,OUXFIBZBFSBVCM-UHFFFAOYSA-N,,https://doi.org/10.1021/jacs.9b09220,toluene,1,2.814181703070592,2.814181703070592,0.0,2.814181703070592,2.814181703070592,0.0,2.814181703070592,general_only,CC1CC(C)C2CCCC3CCCC1C32,O=C1NC(=O)c2cccc3cccc1c23,outside_MR_TADF,outside_CzBN_domain,outside_CzBN_domain
E00_133_00500,CCCCN1C(=O)c2cccc3c(OC)ccc(c23)C1=O,HEOPDHQFAMLAQG-UHFFFAOYSA-N,,https://doi.org/10.1021/jacs.9b09220,toluene,1,3.1819014951166507,3.1819014951166507,0.0,3.1819014951166507,3.1819014951166507,0.0,3.1819014951166507,general_only,CC1CC(C)C2CCCC3CCCC1C32,O=C1NC(=O)c2cccc3cccc1c23,outside_MR_TADF,outside_CzBN_domain,outside_CzBN_domain
E00_133_00501,CCCCN1C(=O)c2cccc3cccc(c23)C1=O,LIHVVQORSPIPNB-UHFFFAOYSA-N,,https://doi.org/10.1021/jacs.9b09220,toluene,1,3.394498150137248,3.394498150137248,0.0,3.394498150137248,3.394498150137248,0.0,3.394498150137248,general_only,CC1CC(C)C2CCCC3CCCC1C32,O=C1NC(=O)c2cccc3cccc1c23,outside_MR_TADF,outside_CzBN_domain,outside_CzBN_domain
E00_133_00502,CCCCN1C(=S)c2cccc3cccc(c23)C1=S,OTRVYXOIKVKDTN-UHFFFAOYSA-N,,https://doi.org/10.1021/jacs.9b09220,toluene,1,2.628011374814444,2.628011374814444,0.0,2.628011374814444,2.628011374814444,0.0,2.628011374814444,general_only,CC1CC(C)C2CCCC3CCCC1C32,S=C1NC(=S)c2cccc3cccc1c23,outside_MR_TADF,outside_CzBN_domain,outside_CzBN_domain
E00_133_00503,CCCCN1c2ccccc2Sc2cc(/C=C/C3=Nc4ccc5ccccc5c4C3(C)C)ccc21,IWFWZCOAPCQMMT-XDJHFCHBSA-N,,http://dx.doi.org/10.1016/j.saa.2016.10.045,toluene,1,2.592993767461852,2.592993767461852,0.0,2.592993767461852,2.592993767461852,0.0,2.592993767461852,general_only,C1CCC2CC3CC(CCC4CC5CCC6CCCCC6C5C4)CCC3CC2C1,C(=C/c1ccc2c(c1)Sc1ccccc1N2)\C1=Nc2ccc3ccccc3c2C1,outside_MR_TADF,outside_CzBN_domain,outside_CzBN_domain
E00_133_00504,CCCCN1c2ccccc2Sc2cc(/C=C/c3nc4nc5ccccc5nc4s3)ccc21,NSOCOPQKFMEMCS-FYWRMAATSA-N,,http://dx.doi.org/10.1016/j.saa.2016.10.045,toluene,1,2.326012820380198,2.326012820380198,0.0,2.326012820380198,2.326012820380198,0.0,2.326012820380198,general_only,C1CCC2CC3CC(CCC4CC5CC6CCCCC6CC5C4)CCC3CC2C1,C(=C/c1nc2nc3ccccc3nc2s1)\c1ccc2c(c1)Sc1ccccc1N2,outside_MR_TADF,outside_CzBN_domain,outside_CzBN_domain
E00_133_00505,CCCCOC(=O)c1cc(Cl)c2c3c(Cl)cc4c5c(cc(Cl)c(c6c(Cl)cc(C(=O)OCCCC)c1c26)c53)C(=O)N(c1c(C(C)C)cccc1C(C)C)C4=O,RTJNCDZVBYLJPP-UHFFFAOYSA-N,,DOI: 10.1021/acs.joc.9b01131,toluene,1,2.419811320754717,2.419811320754717,0.0,2.419811320754717,2.419811320754717,0.0,2.419811320754717,general_only,CC1C2CCC3C4CCCC5CCCC(C6CCC(C(C)C1C1CCCCC1)C2C36)C54,O=C1c2ccc3c4cccc5cccc(c6ccc(c2c36)C(=O)N1c1ccccc1)c54,outside_MR_TADF,outside_CzBN_domain,outside_CzBN_domain
E00_133_00506,CCCCOC(=O)c1cc(Cl)c2c3c(Cl)cc4c5c(cc(Cl)c(c6c(Oc7ccc(C(=O)OC)cc7)cc(C(=O)OCCCC)c1c26)c53)C(=O)N(c1c(C(C)C)cccc1C(C)C)C4=O,VKDMIHPYOJQPDC-UHFFFAOYSA-N,,DOI: 10.1021/acs.joc.9b01131,toluene,1,2.330022541561003,2.330022541561003,0.0,2.330022541561003,2.330022541561003,0.0,2.330022541561003,general_only,CC1C2CCC3C4CCCC5CCC(CC6CCCCC6)C(C6CCC(C(C)C1C1CCCCC1)C2C36)C54,O=C1c2ccc3c4cccc5ccc(Oc6ccccc6)c(c6ccc(c2c36)C(=O)N1c1ccccc1)c54,outside_MR_TADF,outside_CzBN_domain,outside_CzBN_domain
E00_133_00507,CCCCOC(=O)c1cc(Cl)c2c3c(Cl)cc4c5c(cc(Cl)c(c6c(Oc7ccc(OC)cc7)cc(C(=O)OCCCC)c1c26)c53)C(=O)N(c1c(C(C)C)cccc1C(C)C)C4=O,RHROOIMGFQFNDH-UHFFFAOYSA-N,,DOI: 10.1021/acs.joc.9b01131,toluene,1,2.2598971058538426,2.2598971058538426,0.0,2.2598971058538426,2.2598971058538426,0.0,2.2598971058538426,general_only,CC1C2CCC3C4CCCC5CCC(CC6CCCCC6)C(C6CCC(C(C)C1C1CCCCC1)C2C36)C54,O=C1c2ccc3c4cccc5ccc(Oc6ccccc6)c(c6ccc(c2c36)C(=O)N1c1ccccc1)c54,outside_MR_TADF,outside_CzBN_domain,outside_CzBN_domain
E00_133_00508,CCCCOC(=O)c1cc(Oc2ccc(C(C)(C)C)cc2)c2c3c(Cl)cc4c5c(cc(Cl)c(c6c(Oc7ccc(C(C)(C)C)cc7)cc(C(=O)OCCCC)c1c26)c53)C(=O)N(c1c(C(C)C)cccc1C(C)C)C4=O,TXHFZFBFMQBLBA-UHFFFAOYSA-N,,DOI: 10.1021/acs.joc.9b01131,toluene,1,2.2246542632573876,2.2246542632573876,0.0,2.2246542632573876,2.2246542632573876,0.0,2.2246542632573876,general_only,CC1C2CCC3C4C(CC5CCCCC5)CCC5CCC(CC6CCCCC6)C(C6CCC(C(C)C1C1CCCCC1)C2C36)C54,O=C1c2ccc3c4c(Oc5ccccc5)ccc5ccc(Oc6ccccc6)c(c6ccc(c2c36)C(=O)N1c1ccccc1)c54,outside_MR_TADF,outside_CzBN_domain,outside_CzBN_domain
E00_133_00509,CCCCOC(=O)c1cc(Oc2ccc(OC)cc2)c2c3c(Cl)cc4c5c(cc(Cl)c(c6c(Oc7ccc(OC)cc7)cc(C(=O)OCCCC)c1c26)c53)C(=O)N(c1c(C(C)C)cccc1C(C)C)C4=O,QLNVQYPWPZZBEP-UHFFFAOYSA-N,,DOI: 10.1021/acs.joc.9b01131,toluene,1,2.202666716970217,2.202666716970217,0.0,2.202666716970217,2.202666716970217,0.0,2.202666716970217,general_only,CC1C2CCC3C4C(CC5CCCCC5)CCC5CCC(CC6CCCCC6)C(C6CCC(C(C)C1C1CCCCC1)C2C36)C54,O=C1c2ccc3c4c(Oc5ccccc5)ccc5ccc(Oc6ccccc6)c(c6ccc(c2c36)C(=O)N1c1ccccc1)c54,outside_MR_TADF,outside_CzBN_domain,outside_CzBN_domain
E00_133_00510,CCCCOc1ccc(-c2cc3c(o2)c(-c2ccc(OCCCC)cc2)c2n3[B-](F)(F)[N+]3=Cc4c(-c5ccc(OCCCC)cc5)c5oc(-c6ccc(OCCCC)cc6)cc5n4[B-](F)(F)[N+]3=C2)cc1,YTRBBKGBSHQULG-UHFFFAOYSA-N,,DOI: 10.1021/acs.joc.6b01018,toluene,1,1.9298092748571982,1.9298092748571982,0.0,1.9298092748571982,1.9298092748571982,0.0,1.9298092748571982,general_only,C1CCC(C2CC3C4CC5CC6C(CC5CC4C(C4CCCCC4)C3C2)C2CC(C3CCCCC3)CC2C6C2CCCCC2)CC1,[BH2-]1n2c(c(-c3ccccc3)c3oc(-c4ccccc4)cc32)C=[N+]2[BH2-]n3c(c(-c4ccccc4)c4oc(-c5ccccc5)cc43)C=[N+]12,outside_MR_TADF,outside_CzBN_domain,outside_CzBN_domain
E00_133_00511,CCCCOc1ccc(-c2oc3c(-c4ccc(OCCCC)cc4)c4n(c3c2-c2ccc(OCCCC)cc2)[B-](F)(F)[N+]2=Cc3c(-c5ccc(OCCCC)cc5)c5oc(-c6ccc(OCCCC)cc6)c(-c6ccc(OCCCC)cc6)c5n3[B-](F)(F)[N+]2=C4)cc1,XGRGXJHENDCDJE-UHFFFAOYSA-N,,DOI: 10.1021/acs.joc.6b01018,toluene,1,1.9107110659821402,1.9107110659821402,0.0,1.9107110659821402,1.9107110659821402,0.0,1.9107110659821402,general_only,C1CCC(C2CC3C(C4CCCCC4)C4CC5CC6C(CC5CC4C3C2C2CCCCC2)C(C2CCCCC2)C2CC(C3CCCCC3)C(C3CCCCC3)C62)CC1,[BH2-]1n2c(c(-c3ccccc3)c3oc(-c4ccccc4)c(-c4ccccc4)c32)C=[N+]2[BH2-]n3c(c(-c4ccccc4)c4oc(-c5ccccc5)c(-c5ccccc5)c43)C=[N+]12,outside_MR_TADF,outside_CzBN_domain,outside_CzBN_domain
E00_133_00512,CCCCOc1ccc(-c2oc3cc4n(c3c2-c2ccc(OCCCC)cc2)[B-](F)(F)[N+]2=Cc3cc5oc(-c6ccc(OCCCC)cc6)c(-c6ccc(OCCCC)cc6)c5n3[B-](F)(F)[N+]2=C4)cc1,DPBHYGPMSQVWRE-UHFFFAOYSA-N,,DOI: 10.1021/acs.joc.6b01018,toluene,1,1.986975531652845,1.986975531652845,0.0,1.986975531652845,1.986975531652845,0.0,1.986975531652845,general_only,C1CCC(C2CC3CC4CC5CC6C(CC5CC4C3C2C2CCCCC2)CC2CC(C3CCCCC3)C(C3CCCCC3)C26)CC1,[BH2-]1n2c(cc3oc(-c4ccccc4)c(-c4ccccc4)c32)C=[N+]2[BH2-]n3c(cc4oc(-c5ccccc5)c(-c5ccccc5)c43)C=[N+]12,outside_MR_TADF,outside_CzBN_domain,outside_CzBN_domain
E00_133_00513,CCCCOc1ccc(/C=C/C=C/C=C/c2ccc([N+](=O)[O-])cc2)cc1,NFALPGXBQRFCNT-WUJFNTSISA-N,,DOI: 10.1021/jp064937j,toluene,1,2.6117216117216118,2.6117216117216118,0.0,2.6117216117216118,2.6117216117216118,0.0,2.6117216117216118,general_only,C1CCC(CCCCCCC2CCCCC2)CC1,C(=C/C=C/c1ccccc1)\C=C\c1ccccc1,outside_MR_TADF,outside_CzBN_domain,outside_CzBN_domain
E00_133_00514,CCCCc1cc(C(=O)CCC)c2ccc3c(CCCC)cc(N4CCCCC4)c4ccc1c2c34,KMYYZHDVESRPDU-UHFFFAOYSA-N,,DOI: 10.1002/chem.201301020,toluene,1,2.742779870568917,2.742779870568917,0.0,2.742779870568917,2.742779870568917,0.0,2.742779870568917,general_only,C1CCC(C2CCC3CCC4CCCC5CCC2C3C45)CC1,c1cc2ccc3ccc(N4CCCCC4)c4ccc(c1)c2c34,outside_MR_TADF,outside_CzBN_domain,outside_CzBN_domain
E00_133_00515,CCCCc1cc(C=O)c2ccc3c(CCCC)cc(N4CCCCC4)c4ccc1c2c34,PERPJQDGOZQURI-UHFFFAOYSA-N,,DOI: 10.1002/chem.201301020,toluene,1,2.618590622429394,2.618590622429394,0.0,2.618590622429394,2.618590622429394,0.0,2.618590622429394,general_only,C1CCC(C2CCC3CCC4CCCC5CCC2C3C45)CC1,c1cc2ccc3ccc(N4CCCCC4)c4ccc(c1)c2c34,outside_MR_TADF,outside_CzBN_domain,outside_CzBN_domain
E00_133_00516,CCCCc1ccc(-n2c3c(c4c2c2c(n4-c4ccc(CCCC)cc4)-c4cc(F)ccc4NB2c2ccccc2)B(c2ccccc2)Nc2ccc(F)cc2-3)cc1,KXYHGKGMRDYFFO-UHFFFAOYSA-N,,DOI: 10.1021/acs.joc.6b01209,toluene,1,3.0967138492236703,3.0967138492236703,0.0,3.0967138492236703,3.0967138492236703,0.0,3.0967138492236703,general_only,C1CCC(C2CC3CCCCC3C3C(C4CCCCC4)C4C5C(C6CCCCC6)CC6CCCCC6C5C(C5CCCCC5)C4C23)CC1,c1ccc(B2Nc3ccccc3-c3c2c2c(c4c(n2-c2ccccc2)-c2ccccc2NB4c2ccccc2)n3-c2ccccc2)cc1,outside_MR_TADF,outside_CzBN_domain,outside_CzBN_domain
E00_133_00517,CCCCc1ccc(-n2c3c(c4c2c2c(n4-c4ccc(CCCC)cc4)-c4ccc(C(F)(F)F)cc4NB2c2ccccc2)B(c2ccccc2)Nc2cc(C(F)(F)F)ccc2-3)cc1,BMLWETDQOBETLZ-UHFFFAOYSA-N,,DOI: 10.1021/acs.joc.6b01209,toluene,1,3.043499210966957,3.043499210966957,0.0,3.043499210966957,3.043499210966957,0.0,3.043499210966957,general_only,C1CCC(C2CC3CCCCC3C3C(C4CCCCC4)C4C5C(C6CCCCC6)CC6CCCCC6C5C(C5CCCCC5)C4C23)CC1,c1ccc(B2Nc3ccccc3-c3c2c2c(c4c(n2-c2ccccc2)-c2ccccc2NB4c2ccccc2)n3-c2ccccc2)cc1,outside_MR_TADF,outside_CzBN_domain,outside_CzBN_domain
E00_133_00518,CCCCc1ccc(N(c2ccc(CCCC)cc2)c2ccc(-c3ccc4c(c3)S(=O)(=O)c3cc(-c5ccc(N(c6ccc(CCCC)cc6)c6ccc(CCCC)cc6)cc5)ccc3-4)cc2)cc1,BGBWVFRRVKBMKZ-UHFFFAOYSA-N,,DOI: 10.1021/jo100898a,toluene,1,2.8248640104142453,2.8248640104142453,0.0,2.8248640104142453,2.8248640104142453,0.0,2.8248640104142453,general_only,CC1(C)C2CC(C3CCC(C(C4CCCCC4)C4CCCCC4)CC3)CCC2C2CCC(C3CCC(C(C4CCCCC4)C4CCCCC4)CC3)CC21,O=S1(=O)c2cc(-c3ccc(N(c4ccccc4)c4ccccc4)cc3)ccc2-c2ccc(-c3ccc(N(c4ccccc4)c4ccccc4)cc3)cc21,outside_MR_TADF,outside_CzBN_domain,outside_CzBN_domain
E00_133_00519,CCCCc1ccc(N(c2ccc(CCCC)cc2)c2ccc3c(c2)S(=O)(=O)c2cc(N(c4ccc(CCCC)cc4)c4ccc(CCCC)cc4)ccc2-3)cc1,VQUUBIOHVGZSCJ-UHFFFAOYSA-N,,DOI: 10.1021/jo100898a,toluene,1,2.73490518478303,2.73490518478303,0.0,2.73490518478303,2.73490518478303,0.0,2.73490518478303,general_only,CC1(C)C2CC(C(C3CCCCC3)C3CCCCC3)CCC2C2CCC(C(C3CCCCC3)C3CCCCC3)CC21,O=S1(=O)c2cc(N(c3ccccc3)c3ccccc3)ccc2-c2ccc(N(c3ccccc3)c3ccccc3)cc21,outside_MR_TADF,outside_CzBN_domain,outside_CzBN_domain
E00_133_00520,CCCCc1ccc2c(c1)c1cc(CCCC)ccc1n2-c1ccc(S(=O)(=O)c2ccc(S(=O)(=O)c3ccc(-n4c5ccc(CCCC)cc5c5cc(CCCC)ccc54)cc3)cc2)cc1,FNRACIDACRVHPV-UHFFFAOYSA-N,,DOI: 10.1021/acs.chemmater.7b02964,toluene,1,3.1242566510172143,3.1242566510172143,0.0,3.1242566510172143,3.1242566510172143,0.0,3.1242566510172143,general_only,CC(C)(C1CCC(C2C3CCCCC3C3CCCCC32)CC1)C1CCC(C(C)(C)C2CCC(C3C4CCCCC4C4CCCCC43)CC2)CC1,O=S(=O)(c1ccc(-n2c3ccccc3c3ccccc32)cc1)c1ccc(S(=O)(=O)c2ccc(-n3c4ccccc4c4ccccc43)cc2)cc1,outside_MR_TADF,outside_CzBN_domain,outside_CzBN_domain
E00_133_00521,CCCN1/C(=C\c2c(-c3ccc(N(C)C)cc3)c(=O)c2=O)C=Cc2ccccc21,UHOBQSATDGRBKM-SILNSSARSA-N,,https://doi.org/10.1016/j.dyepig.2018.10.064,toluene,1,3.137994538642281,3.137994538642281,0.0,3.137994538642281,3.137994538642281,0.0,3.137994538642281,general_only,CC1C(C)C(C2CCCCC2)C1CC1CCC2CCCCC2C1,O=c1c(/C=C2/C=Cc3ccccc3N2)c(-c2ccccc2)c1=O,outside_MR_TADF,outside_CzBN_domain,outside_CzBN_domain
E00_133_00522,CCCN1C(=O)c2c3c(c4c(c2C1=O)CCc1cc(-c2ccc(N(C)C)cc2)c(OC)cc1-4)-c1cc(OC)c(-c2ccc(N(C)C)cc2)cc1CC3,XKXMQMUULSRQLD-UHFFFAOYSA-N,,http://dx.doi.org/10.1016/j.dyepig.2015.04.015,toluene,1,2.6362412302459077,2.6362412302459077,0.0,2.6362412302459077,2.6362412302459077,0.0,2.6362412302459077,general_only,CC1CC(C)C2C3CCC4CC(C5CCCCC5)CCC4C3C3C4CCC(C5CCCCC5)CC4CCC3C12,O=C1NC(=O)c2c3c(c4c(c21)CCc1cc(-c2ccccc2)ccc1-4)-c1ccc(-c2ccccc2)cc1CC3,outside_MR_TADF,outside_CzBN_domain,outside_CzBN_domain
E00_133_00523,CCCOc1ccc(/C=C/C=C/C=C/c2ccc([N+](=O)[O-])cc2)cc1,YSBCACDMVCFLOR-OKWWDJPNSA-N,,DOI: 10.1021/jp064937j,toluene,1,2.6117216117216118,2.6117216117216118,0.0,2.6117216117216118,2.6117216117216118,0.0,2.6117216117216118,general_only,C1CCC(CCCCCCC2CCCCC2)CC1,C(=C/C=C/c1ccccc1)\C=C\c1ccccc1,outside_MR_TADF,outside_CzBN_domain,outside_CzBN_domain
E00_133_00524,CCN(CC)/C(C)=N\c1ccc2c3c(cccc13)C(=O)c1ccccc1-2,ABLSKZLPWVLVQS-IWIPYMOSSA-N,,https://doi.org/10.1016/j.jqsrt.2010.09.001,toluene,1,2.4194257829975525,2.4194257829975525,0.0,2.4194257829975525,2.4194257829975525,0.0,2.4194257829975525,general_only,CC1C2CCCCC2C2CCCC3CCCC1C32,O=C1c2ccccc2-c2cccc3cccc1c23,outside_MR_TADF,outside_CzBN_domain,outside_CzBN_domain
E00_133_00525,CCN(CC)c1ccc(-c2cc3c(s2)c(C(=O)OC)cc(=O)n3C)cc1,XVKJBPVLQKOEJU-UHFFFAOYSA-N,,DOI: 10.1021/acs.joc.8b01924,toluene,1,2.658730158730159,2.658730158730159,0.0,2.658730158730159,2.658730158730159,0.0,2.658730158730159,general_only,CC1CCC2CC(C3CCCCC3)CC2C1,O=c1ccc2sc(-c3ccccc3)cc2[nH]1,outside_MR_TADF,outside_CzBN_domain,outside_CzBN_domain
E00_133_00526,CCN(CC)c1ccc(-c2ccc(-c3nc(C#N)c4ccccc4n3)s2)cc1,GQKFDLZVCNOECT-UHFFFAOYSA-N,,DOI: 10.1016/j.mencom.2018.01.002,toluene,1,2.8586367525430174,2.8586367525430174,0.0,2.8586367525430174,2.8586367525430174,0.0,2.8586367525430174,general_only,C1CCC(C2CCC(C3CCC4CCCCC4C3)C2)CC1,c1ccc(-c2ccc(-c3ncc4ccccc4n3)s2)cc1,outside_MR_TADF,outside_CzBN_domain,outside_CzBN_domain
E00_133_00527,CCN(CC)c1ccc(-c2ccc(-c3nc(N4CCOCC4)c4ccccc4n3)s2)cc1,IAFMOMMXCQDVRG-UHFFFAOYSA-N,,DOI: 10.1016/j.mencom.2018.01.002,toluene,1,2.8333852059342255,2.8333852059342255,0.0,2.8333852059342255,2.8333852059342255,0.0,2.8333852059342255,general_only,C1CCC(C2CCC(C3CC4CCCCC4C(C4CCCCC4)C3)C2)CC1,c1ccc(-c2ccc(-c3nc(N4CCOCC4)c4ccccc4n3)s2)cc1,outside_MR_TADF,outside_CzBN_domain,outside_CzBN_domain
E00_133_00528,CCN(CC)c1ccc(-c2ccc(-c3nc4ccccc4c(=O)[nH]3)s2)cc1,YLCPMTHKGTXGRO-UHFFFAOYSA-N,,DOI: 10.1016/j.mencom.2018.01.002,toluene,1,2.777501244400199,2.777501244400199,0.0,2.777501244400199,2.777501244400199,0.0,2.777501244400199,general_only,CC1CC(C2CCC(C3CCCCC3)C2)CC2CCCCC12,O=c1[nH]c(-c2ccc(-c3ccccc3)s2)nc2ccccc12,outside_MR_TADF,outside_CzBN_domain,outside_CzBN_domain
E00_133_00529,CCN(CC)c1ccc(-c2nc3c(c4c2-c2ccc(C#N)cc2CC4)-c2ccc(C#N)cc2CC3)cc1,HRCUGFWZIVSHOG-UHFFFAOYSA-N,,http://dx.doi.org/10.1016/j.dyepig.2016.07.101,toluene,1,2.9927994863327827,2.9927994863327827,0.0,2.9927994863327827,2.9927994863327827,0.0,2.9927994863327827,general_only,C1CCC(C2CC3CCC4CCCCC4C3C3CCC4CCCCC4C23)CC1,c1ccc(-c2nc3c(c4c2-c2ccccc2CC4)-c2ccccc2CC3)cc1,outside_MR_TADF,outside_CzBN_domain,outside_CzBN_domain
E00_133_00530,CCN(CC)c1ccc(-c2nc3c(c4c2-c2ccccc2CC4)-c2ccccc2CC3)cc1,GWPVANSVFNTBCE-UHFFFAOYSA-N,,http://dx.doi.org/10.1016/j.dyepig.2016.07.069,toluene,1,3.145783800666739,3.145783800666739,0.0,3.145783800666739,3.145783800666739,0.0,3.145783800666739,general_only,C1CCC(C2CC3CCC4CCCCC4C3C3CCC4CCCCC4C23)CC1,c1ccc(-c2nc3c(c4c2-c2ccccc2CC4)-c2ccccc2CC3)cc1,outside_MR_TADF,outside_CzBN_domain,outside_CzBN_domain
E00_133_00531,CCN(CC)c1ccc(-c2nc3c4ccc(-c5ccccc5)cc4c4cc(-c5ccccc5)ccc4c3[nH]2)c(O)c1,YIPVUVPPHLIXSC-UHFFFAOYSA-N,,https://doi.org/10.1016/j.dyepig.2018.06.020,toluene,1,3.176183848561478,3.176183848561478,0.0,3.176183848561478,3.176183848561478,0.0,3.176183848561478,general_only,C1CCC(C2CCC3C(C2)C2CC(C4CCCCC4)CCC2C2CC(C4CCCCC4)CC32)CC1,c1ccc(-c2ccc3c(c2)c2cc(-c4ccccc4)ccc2c2[nH]c(-c4ccccc4)nc32)cc1,outside_MR_TADF,outside_CzBN_domain,outside_CzBN_domain
E00_133_00532,CCN(CC)c1ccc(/C=C/C(=O)c2c(O)cc(C)oc2=O)cc1,ZOEKYAYGHVINTN-DHZHZOJOSA-N,,http://dx.doi.org/10.1016/j.molstruc.2017.07.089,toluene,1,2.4773968844676637,2.4773968844676637,0.0,2.4773968844676637,2.4773968844676637,0.0,2.4773968844676637,general_only,CC1CCCCC1C(C)CCC1CCCCC1,O=C(/C=C/c1ccccc1)c1cccoc1=O,outside_MR_TADF,outside_CzBN_domain,outside_CzBN_domain
E00_133_00533,CCN(CC)c1ccc(/C=C/C2=[O+][B-](F)(F)Oc3c2c(=O)oc2cc(N(CC)CC)ccc32)cc1,CWCWMRRVAUOPQT-LFIBNONCSA-N,,DOI: 10.1039/c5tc03411f,toluene,1,2.132000389956839,2.132000389956839,0.0,2.132000389956839,2.132000389956839,0.0,2.132000389956839,general_only,CC1CC2CCCCC2C2CCCC(CCC3CCCCC3)C12,O=c1oc2ccccc2c2c1C(/C=C/c1ccccc1)=[O+][BH2-]O2,outside_MR_TADF,outside_CzBN_domain,outside_CzBN_domain
E00_133_00534,CCN(CC)c1ccc(/C=C/c2cc(/C=C/c3ccc(N(CC)CC)cc3)nc(N)n2)cc1,DDYCHFVBCXKHLV-KAVGSWPWSA-N,,https://doi.org/10.1016/j.tetlet.2007.06.122,toluene,1,2.8080399133030713,2.8080399133030713,0.0,2.8080399133030713,2.8080399133030713,0.0,2.8080399133030713,general_only,C1CCC(CCC2CCCC(CCC3CCCCC3)C2)CC1,C(=C/c1cc(/C=C/c2ccccc2)ncn1)\c1ccccc1,outside_MR_TADF,outside_CzBN_domain,outside_CzBN_domain
E00_133_00535,CCN(CC)c1ccc(/C=C/c2ccc(-c3ccc(/C=C/c4ccc(N(CC)CC)cc4)s3)s2)cc1,ZRALPAHUTOLRQG-IWGRKNQJSA-N,,doi:10.1016/j.optmat.2004.02.022,toluene,1,2.494890185013978,2.494890185013978,0.0,2.494890185013978,2.494890185013978,0.0,2.494890185013978,general_only,C1CCC(CCC2CCC(C3CCC(CCC4CCCCC4)C3)C2)CC1,C(=C/c1ccc(-c2ccc(/C=C/c3ccccc3)s2)s1)\c1ccccc1,outside_MR_TADF,outside_CzBN_domain,outside_CzBN_domain
E00_133_00536,CCN(CC)c1ccc(OC)c(C=O)c1,XGAHTAXPUGZJOX-UHFFFAOYSA-N,,DOI: 10.1021/acs.jpcc.9b08524,toluene,1,2.726590471273763,2.726590471273763,0.0,2.726590471273763,2.726590471273763,0.0,2.726590471273763,general_only,C1CCCCC1,c1ccccc1,outside_MR_TADF,outside_CzBN_domain,outside_CzBN_domain
E00_133_00537,CCN(CC)c1ccc([N+]2=Cc3ccc4c5c(ccc4c3O[B-]2(c2c(F)c(F)c(F)c(F)c2F)c2c(F)c(F)c(F)c(F)c2F)C=[N+](c2ccc(N(CC)CC)cc2)[B-](c2c(F)c(F)c(F)c(F)c2F)(c2c(F)c(F)c(F)c(F)c2F)O5)cc1,RNDCKKMMLDVHKI-UHFFFAOYSA-N,,DOI: 10.1021/acs.joc.7b01001,toluene,1,2.024376754871097,2.024376754871097,0.0,2.024376754871097,2.024376754871097,0.0,2.024376754871097,general_only,C1CCC(C2CC3CCC4C5CC(C6CCCCC6)(C6CCCCC6)C(C6CCCCC6)CC5CCC4C3CC2(C2CCCCC2)C2CCCCC2)CC1,C1=[N+](c2ccccc2)[B-](c2ccccc2)(c2ccccc2)Oc2c1ccc1c3c(ccc21)C=[N+](c1ccccc1)[B-](c1ccccc1)(c1ccccc1)O3,outside_MR_TADF,outside_CzBN_domain,outside_CzBN_domain
E00_133_00538,CCN(CC)c1ccc([N+]2=Cc3ccc4c5c(ccc4c3O[B-]2(c2ccccc2)c2ccccc2)C=[N+](c2ccc(N(CC)CC)cc2)[B-](c2ccccc2)(c2ccccc2)O5)cc1,YVZROSVQEUFNJI-UHFFFAOYSA-N,,DOI: 10.1021/acs.joc.7b01001,toluene,1,2.0999468367889422,2.0999468367889422,0.0,2.0999468367889422,2.0999468367889422,0.0,2.0999468367889422,general_only,C1CCC(C2CC3CCC4C5CC(C6CCCCC6)(C6CCCCC6)C(C6CCCCC6)CC5CCC4C3CC2(C2CCCCC2)C2CCCCC2)CC1,C1=[N+](c2ccccc2)[B-](c2ccccc2)(c2ccccc2)Oc2c1ccc1c3c(ccc21)C=[N+](c1ccccc1)[B-](c1ccccc1)(c1ccccc1)O3,outside_MR_TADF,outside_CzBN_domain,outside_CzBN_domain
E00_133_00539,CCN(CC)c1ccc([N+]2=Cc3ccc4c5c(ccc4c3O[B-]2(c2ccccc2)c2ccccc2)C=[N+](c2ccc([N+](=O)[O-])cc2)[B-](c2ccccc2)(c2ccccc2)O5)cc1,ZGNUGJYODTZWAY-UHFFFAOYSA-N,,DOI: 10.1021/acs.joc.7b01001,toluene,1,2.0798500363717753,2.0798500363717753,0.0,2.0798500363717753,2.0798500363717753,0.0,2.0798500363717753,general_only,C1CCC(C2CC3CCC4C5CC(C6CCCCC6)(C6CCCCC6)C(C6CCCCC6)CC5CCC4C3CC2(C2CCCCC2)C2CCCCC2)CC1,C1=[N+](c2ccccc2)[B-](c2ccccc2)(c2ccccc2)Oc2c1ccc1c3c(ccc21)C=[N+](c1ccccc1)[B-](c1ccccc1)(c1ccccc1)O3,outside_MR_TADF,outside_CzBN_domain,outside_CzBN_domain
E00_133_00540,CCN(CC)c1ccc2c(C#N)c(/C=C(\C#N)c3nc4ccccc4o3)c(=O)oc2c1,LFWBWKKGXQDWBA-RVDMUPIBSA-N,,https://doi.org/10.1016/j.dyepig.2015.03.023,toluene,1,2.0830873215360133,2.0830873215360133,0.0,2.0830873215360133,2.0830873215360133,0.0,2.0830873215360133,general_only,CC1CC2CCCCC2CC1CCC1CC2CCCCC2C1,O=c1oc2ccccc2cc1C=Cc1nc2ccccc2o1,outside_MR_TADF,outside_CzBN_domain,outside_CzBN_domain
E00_133_00541,CCN(CC)c1ccc2c(C#N)c(/C=C(\C#N)c3nc4ccccc4s3)c(=O)oc2c1,JRCCDZXKBITWRV-RVDMUPIBSA-N,,https://doi.org/10.1016/j.dyepig.2015.03.023,toluene,1,2.080455259026688,2.080455259026688,0.0,2.080455259026688,2.080455259026688,0.0,2.080455259026688,general_only,CC1CC2CCCCC2CC1CCC1CC2CCCCC2C1,O=c1oc2ccccc2cc1C=Cc1nc2ccccc2s1,outside_MR_TADF,outside_CzBN_domain,outside_CzBN_domain
E00_133_00542,CCN(CC)c1ccc2cc(-c3cc(SC)c(C#N)c(=O)o3)c(=O)oc2c1,SGCWRCVLGGXTET-UHFFFAOYSA-N,,https://doi.org/10.1016/j.jlumin.2016.03.017,toluene,1,2.3813016730741587,2.3813016730741587,0.0,2.3813016730741587,2.3813016730741587,0.0,2.3813016730741587,general_only,CC1CCCC(C2CC3CCCCC3CC2C)C1,O=c1cccc(-c2cc3ccccc3oc2=O)o1,outside_MR_TADF,outside_CzBN_domain,outside_CzBN_domain
E00_133_00543,CCN(CC)c1ccc2cc(-c3cn4ccccc4n3)c(=O)oc2c1,FDXVSMNMKACNCJ-UHFFFAOYSA-N,,https://doi.org/10.1016/j.tet.2019.04.034,toluene,1,2.8453031438106064,2.8453031438106064,0.0,2.8453031438106064,2.8453031438106064,0.0,2.8453031438106064,general_only,CC1CC2CCCCC2CC1C1CC2CCCCC2C1,O=c1oc2ccccc2cc1-c1cn2ccccc2n1,outside_MR_TADF,outside_CzBN_domain,outside_CzBN_domain
E00_133_00544,CCN(CC)c1ccc2cc(-c3csc(N)c3C#N)c(=O)oc2c1,FQHGOOHZPSICQO-UHFFFAOYSA-N,,https://doi.org/10.1016/j.molstruc.2015.11.081,toluene,1,2.9254861469626574,2.9254861469626574,0.0,2.9254861469626574,2.9254861469626574,0.0,2.9254861469626574,general_only,CC1CC2CCCCC2CC1C1CCCC1,O=c1oc2ccccc2cc1-c1ccsc1,outside_MR_TADF,outside_CzBN_domain,outside_CzBN_domain
E00_133_00545,CCN(CC)c1ccc2cc(-c3csc(NC(C)=O)c3C#N)c(=O)oc2c1,MDELIPVVJVQPSL-UHFFFAOYSA-N,,https://doi.org/10.1016/j.molstruc.2015.11.081,toluene,1,2.926217128642502,2.926217128642502,0.0,2.926217128642502,2.926217128642502,0.0,2.926217128642502,general_only,CC1CC2CCCCC2CC1C1CCCC1,O=c1oc2ccccc2cc1-c1ccsc1,outside_MR_TADF,outside_CzBN_domain,outside_CzBN_domain
E00_133_00546,CCN(CC)c1ccc2cc(/C(Cl)=C/C=C/C(=C(C#N)C#N)c3ccc(N(c4ccccc4)c4ccccc4)cc3)c(=O)oc2c1,JSSTXMXQEGCPFL-ZOZUSGOJSA-N,,https://doi.org/10.1016/j.optmat.2019.04.011,toluene,1,2.222087949830181,2.222087949830181,0.0,2.222087949830181,2.222087949830181,0.0,2.222087949830181,general_only,CC1CC2CCCCC2CC1CCCCC(C)C1CCC(C(C2CCCCC2)C2CCCCC2)CC1,C=C(/C=C/C=C/c1cc2ccccc2oc1=O)c1ccc(N(c2ccccc2)c2ccccc2)cc1,outside_MR_TADF,outside_CzBN_domain,outside_CzBN_domain
E00_133_00547,CCN(CC)c1ccc2cc(/C(Cl)=C/C=C/C(=C(C#N)C#N)c3ccc4c(c3)c3ccccc3n4CC)c(=O)oc2c1,VGIOUGNRGGBNOW-SYNPDYTCSA-N,,https://doi.org/10.1016/j.optmat.2019.04.011,toluene,1,2.243574751175905,2.243574751175905,0.0,2.243574751175905,2.243574751175905,0.0,2.243574751175905,general_only,CC1CC2CCCCC2CC1CCCCC(C)C1CCC2CC3CCCCC3C2C1,C=C(/C=C/C=C/c1cc2ccccc2oc1=O)c1ccc2[nH]c3ccccc3c2c1,outside_MR_TADF,outside_CzBN_domain,outside_CzBN_domain
E00_133_00548,CCN(CC)c1ccc2cc(/C=C(\C#N)c3nc4ccccc4o3)c(=O)oc2c1,GQPYTTGOFMXGTI-SFQUDFHCSA-N,,https://doi.org/10.1016/j.dyepig.2015.03.023,toluene,1,2.347142857142857,2.347142857142857,0.0,2.347142857142857,2.347142857142857,0.0,2.347142857142857,general_only,CC1CC2CCCCC2CC1CCC1CC2CCCCC2C1,O=c1oc2ccccc2cc1C=Cc1nc2ccccc2o1,outside_MR_TADF,outside_CzBN_domain,outside_CzBN_domain
E00_133_00549,CCN(CC)c1ccc2cc(/C=C(\C#N)c3nc4ccccc4s3)c(=O)oc2c1,RCCANMOWVAVYFQ-SFQUDFHCSA-N,,https://doi.org/10.1016/j.dyepig.2015.03.023,toluene,1,2.3309993769075605,2.3309993769075605,0.0,2.3309993769075605,2.3309993769075605,0.0,2.3309993769075605,general_only,CC1CC2CCCCC2CC1CCC1CC2CCCCC2C1,O=c1oc2ccccc2cc1C=Cc1nc2ccccc2s1,outside_MR_TADF,outside_CzBN_domain,outside_CzBN_domain
E00_133_00550,CCN(CC)c1ccc2cc(/C=C/C(=C(C#N)C#N)c3ccc(N(c4ccccc4)c4ccccc4)cc3)c(=O)oc2c1,BTSHSJBOBOIJRC-RELWKKBWSA-N,,https://doi.org/10.1016/j.optmat.2019.04.011,toluene,1,2.3339953797610997,2.3339953797610997,0.0,2.3339953797610997,2.3339953797610997,0.0,2.3339953797610997,general_only,CC1CC2CCCCC2CC1CCC(C)C1CCC(C(C2CCCCC2)C2CCCCC2)CC1,C=C(/C=C/c1cc2ccccc2oc1=O)c1ccc(N(c2ccccc2)c2ccccc2)cc1,outside_MR_TADF,outside_CzBN_domain,outside_CzBN_domain
E00_133_00551,CCN(CC)c1ccc2cc(/C=C/C(=C(C#N)C#N)c3ccc4c(c3)c3ccccc3n4CC)c(=O)oc2c1,CFJGMMCBEXTWPP-NTCAYCPXSA-N,,https://doi.org/10.1016/j.optmat.2019.04.011,toluene,1,2.301500635280382,2.301500635280382,0.0,2.301500635280382,2.301500635280382,0.0,2.301500635280382,general_only,CC1CC2CCCCC2CC1CCC(C)C1CCC2CC3CCCCC3C2C1,C=C(/C=C/c1cc2ccccc2oc1=O)c1ccc2[nH]c3ccccc3c2c1,outside_MR_TADF,outside_CzBN_domain,outside_CzBN_domain
E00_133_00552,CCN(CC)c1ccc2cc(/C=C/C(=O)/C=C(O)/C=C/c3cc4ccc(N(CC)CC)cc4oc3=O)c(=O)oc2c1,QSFHVWANIMYTJQ-QVKQBJDKSA-N,,http://dx.doi.org/10.1016/j.jphotochem.2016.05.009,toluene,1,2.340822636025588,2.340822636025588,0.0,2.340822636025588,2.340822636025588,0.0,2.340822636025588,general_only,CC(CCCCC1CC2CCCCC2CC1C)CCC1CC2CCCCC2CC1C,O=C(/C=C/C=C/c1cc2ccccc2oc1=O)/C=C/c1cc2ccccc2oc1=O,outside_MR_TADF,outside_CzBN_domain,outside_CzBN_domain
E00_133_00553,CCN(CC)c1ccc2cc(/C=C/C(=O)c3cc4ccc(N(CC)CC)cc4oc3=O)c(=O)oc2c1,LFKSWULGMCQCBJ-SDNWHVSQSA-N,,https://doi.org/10.1016/j.dyepig.2018.01.004,toluene,1,2.503673851539761,2.503673851539761,0.0,2.503673851539761,2.503673851539761,0.0,2.503673851539761,general_only,CC1CC2CCCCC2CC1CCC(C)C1CC2CCCCC2CC1C,O=C(/C=C/c1cc2ccccc2oc1=O)c1cc2ccccc2oc1=O,outside_MR_TADF,outside_CzBN_domain,outside_CzBN_domain
E00_133_00554,CCN(CC)c1ccc2cc(/C=C/C(O)=C/C(C)=O)c(=O)oc2c1,YNGAGZNUIRRPDY-SXSJWQJESA-N,,http://dx.doi.org/10.1016/j.jphotochem.2016.05.009,toluene,1,2.622084369457294,2.622084369457294,0.0,2.622084369457294,2.622084369457294,0.0,2.622084369457294,general_only,CC1CCC2CCCCC2C1,O=c1ccc2ccccc2o1,outside_MR_TADF,outside_CzBN_domain,outside_CzBN_domain
E00_133_00555,CCN(CC)c1ccc2cc(/C=C/C(O)=C3\CC/C(=C\c4cc5ccc(N(CC)CC)cc5oc4=O)C3=O)c(=O)oc2c1,XHJZZIZIJNVDNG-BBXWDTHSSA-N,,http://dx.doi.org/10.1016/j.jphotochem.2016.05.009,toluene,1,2.301026538950115,2.301026538950115,0.0,2.301026538950115,2.301026538950115,0.0,2.301026538950115,general_only,CC1CC2CCCCC2CC1CCCC1CCC(CC2CC3CCCCC3CC2C)C1C,O=C1/C(=C/C=C/c2cc3ccccc3oc2=O)CC/C1=C\c1cc2ccccc2oc1=O,outside_MR_TADF,outside_CzBN_domain,outside_CzBN_domain
E00_133_00556,CCN(CC)c1ccc2cc(/C=C/C3=C4CC/C(=C\c5cc6ccc(N(CC)CC)cc6oc5=O)C4=[O+][B-](F)(F)O3)c(=O)oc2c1,YJJRLLXPTRHAJF-JNVHMIODSA-N,,http://dx.doi.org/10.1016/j.jphotochem.2016.05.009,toluene,1,1.9279408140484486,1.9279408140484486,0.0,1.9279408140484486,1.9279408140484486,0.0,1.9279408140484486,general_only,CC1CC2CCCCC2CC1CCC1CCCC2C1CCC2CC1CC2CCCCC2CC1C,O=c1oc2ccccc2cc1/C=C/C1=C2CC/C(=C\c3cc4ccccc4oc3=O)C2=[O+][BH2-]O1,outside_MR_TADF,outside_CzBN_domain,outside_CzBN_domain
E00_133_00557,CCN(CC)c1ccc2cc(/C=C/C3=CC(/C=C/c4cc5ccc(N(CC)CC)cc5oc4=O)=[O+][B-](F)(F)O3)c(=O)oc2c1,ARBMOOQVNHKMME-JOBJLJCHSA-N,,http://dx.doi.org/10.1016/j.jphotochem.2016.05.009,toluene,1,2.0272046331221216,2.0272046331221216,0.0,2.0272046331221216,2.0272046331221216,0.0,2.0272046331221216,general_only,CC1CC2CCCCC2CC1CCC1CCCC(CCC2CC3CCCCC3CC2C)C1,O=c1oc2ccccc2cc1/C=C/C1=CC(/C=C/c2cc3ccccc3oc2=O)=[O+][BH2-]O1,outside_MR_TADF,outside_CzBN_domain,outside_CzBN_domain
E00_133_00558,CCN(CC)c1ccc2cc(/C=C/c3cccc[n+]3CCCS(=O)(=O)[O-])c(=O)oc2c1,WMDAZYQOBRCWKY-UHFFFAOYSA-N,,https://doi.org/10.1016/j.jphotochem.2018.08.022,toluene,1,2.240339305564009,2.240339305564009,0.0,2.240339305564009,2.240339305564009,0.0,2.240339305564009,general_only,CC1CC2CCCCC2CC1CCC1CCCCC1,O=c1oc2ccccc2cc1/C=C/c1cccc[nH+]1,outside_MR_TADF,outside_CzBN_domain,outside_CzBN_domain
E00_133_00559,CCN(CC)c1ccc2ccc(=O)oc2c1,QXAMGWKESXGGNV-UHFFFAOYSA-N,,https://doi.org/10.1016/j.optlastec.2011.02.002,toluene,1,3.1634703906847683,3.1634703906847683,0.0,3.1634703906847683,3.1634703906847683,0.0,3.1634703906847683,general_only,CC1CCC2CCCCC2C1,O=c1ccc2ccccc2o1,outside_MR_TADF,outside_CzBN_domain,outside_CzBN_domain
E00_133_00560,CCN(CC)c1ccc2nc3c4ccccc4c(=O)cc-3oc2c1,VOFUROIFQGPCGE-UHFFFAOYSA-N,,DOI: 10.1021/acs.joc.5b01987,toluene,1,2.267122190786313,2.267122190786313,0.0,2.267122190786313,2.267122190786313,0.0,2.267122190786313,general_only,CC1CC2CC3CCCCC3CC2C2CCCCC12,O=c1cc2oc3ccccc3nc-2c2ccccc12,outside_MR_TADF,outside_CzBN_domain,outside_CzBN_domain
E00_133_00561,CCN(CC)c1cccc(C=O)c1,FZTXXVJTGZZNLX-UHFFFAOYSA-N,,DOI: 10.1021/acs.jpcc.9b08524,toluene,1,2.9912280701754383,2.9912280701754383,0.0,2.9912280701754383,2.9912280701754383,0.0,2.9912280701754383,general_only,C1CCCCC1,c1ccccc1,outside_MR_TADF,outside_CzBN_domain,outside_CzBN_domain
E00_133_00562,CCN1/C(=C\C2=C([O-])/C(=C/C3=[N+](CC)c4c(ccc5ccc(C)nc45)C3(C)C)C2=O)C(C)(C)c2ccc3ccc(C)nc3c21,DULHTPLVMMUWQC-UHFFFAOYSA-N,,https://doi.org/10.1016/j.saa.2018.11.061,toluene,1,1.7819770563020838,1.7819770563020838,0.0,1.7819770563020838,1.7819770563020838,0.0,1.7819770563020838,general_only,CC1C(CC2CC3CCC4CCCCC4C3C2)CC1CC1CC2CCC3CCCCC3C2C1,O=C1C(/C=C2/Cc3ccc4cccnc4c3N2)=C/C1=C/C1=[NH+]c2c(ccc3cccnc23)C1,outside_MR_TADF,outside_CzBN_domain,outside_CzBN_domain
E00_133_00563,CCN1/C(=C\c2c(-c3ccc(N(C)C)cc3)c(=O)c2=O)C=Cc2ccccc21,KUURWCDCPZULMW-CYVLTUHYSA-N,,https://doi.org/10.1016/j.dyepig.2018.10.064,toluene,1,3.1412786108918707,3.1412786108918707,0.0,3.1412786108918707,3.1412786108918707,0.0,3.1412786108918707,general_only,CC1C(C)C(C2CCCCC2)C1CC1CCC2CCCCC2C1,O=c1c(/C=C2/C=Cc3ccccc3N2)c(-c2ccccc2)c1=O,outside_MR_TADF,outside_CzBN_domain,outside_CzBN_domain
E00_133_00564,CCN1c2ccc(/C=C(\C#N)c3ccccc3)cc2Sc2cc(/C=C(\C#N)c3ccccc3)ccc21,YHTBZTPERIWZOL-XUIWWLCJSA-N,,https://doi.org/10.1016/j.saa.2012.04.090,toluene,1,2.512293756065998,2.512293756065998,0.0,2.512293756065998,2.512293756065998,0.0,2.512293756065998,general_only,C1CCC(CCC2CCC3CC4CCC(CCC5CCCCC5)CC4CC3C2)CC1,C(=Cc1ccc2c(c1)Sc1cc(C=Cc3ccccc3)ccc1N2)c1ccccc1,outside_MR_TADF,outside_CzBN_domain,outside_CzBN_domain
E00_133_00565,CCN1c2ccc(/C=N/Nc3ccccn3)cc2Sc2cc(-c3ccc(C#N)cc3)ccc21,ZCLSEQYYCLSUNM-UXHLAJHPSA-N,,https://doi.org/10.1016/j.dyepig.2019.01.038,toluene,1,2.838821990337766,2.838821990337766,0.0,2.838821990337766,2.838821990337766,0.0,2.838821990337766,general_only,C1CCC(CCCC2CCC3CC4CCC(C5CCCCC5)CC4CC3C2)CC1,C(=N/Nc1ccccn1)\c1ccc2c(c1)Sc1cc(-c3ccccc3)ccc1N2,outside_MR_TADF,outside_CzBN_domain,outside_CzBN_domain
E00_133_00566,CCN1c2ccc(/C=N/Nc3ccccn3)cc2Sc2cc(-c3ccc(OC)cc3)ccc21,BCHWAHCDEUFQOH-RDRPBHBLSA-N,,https://doi.org/10.1016/j.dyepig.2019.01.038,toluene,1,2.912570682905611,2.912570682905611,0.0,2.912570682905611,2.912570682905611,0.0,2.912570682905611,general_only,C1CCC(CCCC2CCC3CC4CCC(C5CCCCC5)CC4CC3C2)CC1,C(=N/Nc1ccccn1)\c1ccc2c(c1)Sc1cc(-c3ccccc3)ccc1N2,outside_MR_TADF,outside_CzBN_domain,outside_CzBN_domain
E00_133_00567,CCN1c2ccc(/C=N/Nc3ccccn3)cc2Sc2cc(-c3cccc4ccccc34)ccc21,TWMCQJJOBCOCNL-UZWMFBFFSA-N,,https://doi.org/10.1016/j.dyepig.2019.01.038,toluene,1,2.926518694153549,2.926518694153549,0.0,2.926518694153549,2.926518694153549,0.0,2.926518694153549,general_only,C1CCC(CCCC2CCC3CC4CCC(C5CCCC6CCCCC65)CC4CC3C2)CC1,C(=N/Nc1ccccn1)\c1ccc2c(c1)Sc1cc(-c3cccc4ccccc34)ccc1N2,outside_MR_TADF,outside_CzBN_domain,outside_CzBN_domain
E00_133_00568,CCN1c2ccc(/C=N/Nc3ccccn3)cc2Sc2cc(-c3ccccc3)ccc21,VDYWCLQQIFJJGR-MTDXEUNCSA-N,,https://doi.org/10.1016/j.dyepig.2019.01.038,toluene,1,2.901387164678577,2.901387164678577,0.0,2.901387164678577,2.901387164678577,0.0,2.901387164678577,general_only,C1CCC(CCCC2CCC3CC4CCC(C5CCCCC5)CC4CC3C2)CC1,C(=N/Nc1ccccn1)\c1ccc2c(c1)Sc1cc(-c3ccccc3)ccc1N2,outside_MR_TADF,outside_CzBN_domain,outside_CzBN_domain
E00_133_00569,CCN1c2ccc(/C=N/Nc3ccccn3)cc2Sc2cc(/C=N/Nc3ccccn3)ccc21,SSBCIVLVHPNDLQ-YAGSLNJISA-N,,https://doi.org/10.1016/j.dyepig.2019.01.038,toluene,1,2.844361777297477,2.844361777297477,0.0,2.844361777297477,2.844361777297477,0.0,2.844361777297477,general_only,C1CCC(CCCC2CCC3CC4CCC(CCCC5CCCCC5)CC4CC3C2)CC1,C(=N/Nc1ccccn1)\c1ccc2c(c1)Sc1cc(/C=N/Nc3ccccn3)ccc1N2,outside_MR_TADF,outside_CzBN_domain,outside_CzBN_domain
E00_133_00570,CCN1c2ccccc2Sc2cc(/C=C(\C#N)c3ccccc3)ccc21,RYBYYMTUXQDETJ-XMHGGMMESA-N,,https://doi.org/10.1016/j.saa.2012.04.090,toluene,1,2.630081229186122,2.630081229186122,0.0,2.630081229186122,2.630081229186122,0.0,2.630081229186122,general_only,C1CCC(CCC2CCC3CC4CCCCC4CC3C2)CC1,C(=Cc1ccc2c(c1)Sc1ccccc1N2)c1ccccc1,outside_MR_TADF,outside_CzBN_domain,outside_CzBN_domain
E00_133_00571,CCOC(=O)/C(C#N)=C(\C=C\c1ccc(N(c2ccccc2)c2ccc(/C=C/C(=C(/C#N)C(=O)OCC)c3ccccc3)cc2)cc1)c1ccccc1,ODSBKINQJLCPBF-VLWRFTKQSA-N,,https://doi.org/10.1016/j.dyepig.2012.12.024,toluene,1,2.3685089694240684,2.3685089694240684,0.0,2.3685089694240684,2.3685089694240684,0.0,2.3685089694240684,general_only,CC(CCC1CCC(C(C2CCCCC2)C2CCC(CCC(C)C3CCCCC3)CC2)CC1)C1CCCCC1,C=C(/C=C/c1ccc(N(c2ccccc2)c2ccc(/C=C/C(=C)c3ccccc3)cc2)cc1)c1ccccc1,outside_MR_TADF,outside_CzBN_domain,outside_CzBN_domain
E00_133_00572,CCOC(=O)/C(C#N)=C(\C=C\c1ccc(N(c2ccccc2)c2ccccc2)cc1)c1ccccc1,KRMZCWUTZXTWPQ-HMGJSGFFSA-N,,https://doi.org/10.1016/j.dyepig.2012.12.024,toluene,1,2.4462357297130515,2.4462357297130515,0.0,2.4462357297130515,2.4462357297130515,0.0,2.4462357297130515,general_only,CC(CCC1CCC(C(C2CCCCC2)C2CCCCC2)CC1)C1CCCCC1,C=C(/C=C/c1ccc(N(c2ccccc2)c2ccccc2)cc1)c1ccccc1,outside_MR_TADF,outside_CzBN_domain,outside_CzBN_domain
E00_133_00573,CCOC(=O)/C(C#N)=C/c1cc2c3ccccc3n(C)c2cc1OC,JXPRACQCVAWJLN-NTEUORMPSA-N,,https://doi.org/10.1016/j.jphotochem.2016.01.014,toluene,1,2.9134760524895054,2.9134760524895054,0.0,2.9134760524895054,2.9134760524895054,0.0,2.9134760524895054,general_only,C1CCC2C(C1)CC1CCCCC12,c1ccc2c(c1)[nH]c1ccccc12,outside_MR_TADF,outside_CzBN_domain,outside_CzBN_domain
E00_133_00574,CCOC(=O)/C(C#N)=C\c1ccc2c(c1)c1ccccc1n2-c1ccc(C)cc1,AXZXBBYWUMZGMW-RGEXLXHISA-N,,https://doi.org/10.1016/j.jlumin.2018.05.059,toluene,1,2.962052962052962,2.962052962052962,0.0,2.962052962052962,2.962052962052962,0.0,2.962052962052962,general_only,C1CCC(C2C3CCCCC3C3CCCCC32)CC1,c1ccc(-n2c3ccccc3c3ccccc32)cc1,outside_MR_TADF,outside_CzBN_domain,outside_CzBN_domain
E00_133_00575,CCOC(=O)/C(C#N)=C\c1ccc2c(c1)c1ccccc1n2-c1ccc(OC)cc1,QVOREOFBAFEOGV-JXAWBTAJSA-N,,https://doi.org/10.1016/j.jlumin.2018.05.059,toluene,1,2.9282939282939284,2.9282939282939284,0.0,2.9282939282939284,2.9282939282939284,0.0,2.9282939282939284,general_only,C1CCC(C2C3CCCCC3C3CCCCC32)CC1,c1ccc(-n2c3ccccc3c3ccccc32)cc1,outside_MR_TADF,outside_CzBN_domain,outside_CzBN_domain
E00_133_00576,CCOC(=O)/C(C#N)=C\c1cn(-c2ccccc2)nc1-c1ccccc1,RWDJHBKGGMKKMS-LGMDPLHJSA-N,,https://doi.org/10.1016/j.dyepig.2015.11.014,toluene,1,3.279715461018577,3.279715461018577,0.0,3.279715461018577,3.279715461018577,0.0,3.279715461018577,general_only,C1CCC(C2CCC(C3CCCCC3)C2)CC1,c1ccc(-c2ccn(-c3ccccc3)n2)cc1,outside_MR_TADF,outside_CzBN_domain,outside_CzBN_domain
E00_133_00577,CCOC(=O)/C=C/c1ccc(N(C)C)cc1,MNUCAAWKJBVDCA-JXMROGBWSA-N,,doi:10.1016/j.saa.2009.03.004,toluene,1,3.2398007783795553,3.2398007783795553,0.0,3.2398007783795553,3.2398007783795553,0.0,3.2398007783795553,general_only,C1CCCCC1,c1ccccc1,outside_MR_TADF,outside_CzBN_domain,outside_CzBN_domain
E00_133_00578,CCOC(=O)C(C(=O)OCC)C1=[N+]2C(=C(c3ccc(C)cc3)c3ccc(C(C(=O)OCC)C(=O)OCC)n3[B-]2(F)F)C=C1,IPGFGUCKVXNVMI-UHFFFAOYSA-N,,https://doi.org/10.1016/j.cplett.2005.12.098,toluene,1,2.3826962691691462,2.3826962691691462,0.0,2.3826962691691462,2.3826962691691462,0.0,2.3826962691691462,general_only,C1CCC(C2C3CCCC3CC3CCCC32)CC1,[BH2-]1n2cccc2C(c2ccccc2)=C2C=CC=[N+]12,outside_MR_TADF,outside_CzBN_domain,outside_CzBN_domain
E00_133_00579,CCOC(=O)C(C(=O)OCC)C1=[N+]2C(=C(c3ccc(C)cc3)c3ccc(Cl)n3[B-]2(F)F)C=C1,CGRQHWRQMYFZMX-UHFFFAOYSA-N,,https://doi.org/10.1016/j.cplett.2005.12.098,toluene,1,2.380354083380925,2.380354083380925,0.0,2.380354083380925,2.380354083380925,0.0,2.380354083380925,general_only,C1CCC(C2C3CCCC3CC3CCCC32)CC1,[BH2-]1n2cccc2C(c2ccccc2)=C2C=CC=[N+]12,outside_MR_TADF,outside_CzBN_domain,outside_CzBN_domain
E00_133_00580,CCOC(=O)CN1C(=O)C2=C(c3ccc(C#N)cc3)N(CC(=O)OCC)C(=O)C2=C1c1ccc(C#N)cc1,USZMCKGJKVWXAX-UHFFFAOYSA-N,,doi:10.1016/j.dyepig.2011.05.004,toluene,1,2.39741816505302,2.39741816505302,0.0,2.39741816505302,2.39741816505302,0.0,2.39741816505302,general_only,CC1CC(C2CCCCC2)C2C(C)CC(C3CCCCC3)C12,O=C1NC(c2ccccc2)=C2C(=O)NC(c3ccccc3)=C12,outside_MR_TADF,outside_CzBN_domain,outside_CzBN_domain
E00_133_00581,CCOC(=O)CN1C(=O)C2=C(c3ccc(C#N)cc3)N(CC(=O)OCC)C(=O)C2=C1c1ccccc1,OASJGORGTVJZKY-UHFFFAOYSA-N,,doi:10.1016/j.dyepig.2011.05.004,toluene,1,2.4532652043868395,2.4532652043868395,0.0,2.4532652043868395,2.4532652043868395,0.0,2.4532652043868395,general_only,CC1CC(C2CCCCC2)C2C(C)CC(C3CCCCC3)C12,O=C1NC(c2ccccc2)=C2C(=O)NC(c3ccccc3)=C12,outside_MR_TADF,outside_CzBN_domain,outside_CzBN_domain
E00_133_00582,CCOC(=O)CN1C(=O)C2=C(c3ccc(N4CCCCC4)cc3)N(CC(=O)OCC)C(=O)C2=C1c1ccc(C#N)cc1,LXUXLYNGNRULMM-UHFFFAOYSA-N,,doi:10.1016/j.dyepig.2011.05.004,toluene,1,2.2046629597112477,2.2046629597112477,0.0,2.2046629597112477,2.2046629597112477,0.0,2.2046629597112477,general_only,CC1CC(C2CCC(C3CCCCC3)CC2)C2C(C)CC(C3CCCCC3)C12,O=C1NC(c2ccc(N3CCCCC3)cc2)=C2C(=O)NC(c3ccccc3)=C12,outside_MR_TADF,outside_CzBN_domain,outside_CzBN_domain
E00_133_00583,CCOC(=O)CN1C(=O)C2=C(c3ccc(N4CCCCC4)cc3)N(CC(=O)OCC)C(=O)C2=C1c1ccc(N2CCCCC2)cc1,CLFMUOITBQNUOM-UHFFFAOYSA-N,,doi:10.1016/j.dyepig.2011.05.004,toluene,1,2.27056856187291,2.27056856187291,0.0,2.27056856187291,2.27056856187291,0.0,2.27056856187291,general_only,CC1CC(C2CCC(C3CCCCC3)CC2)C2C(C)CC(C3CCC(C4CCCCC4)CC3)C12,O=C1NC(c2ccc(N3CCCCC3)cc2)=C2C(=O)NC(c3ccc(N4CCCCC4)cc3)=C12,outside_MR_TADF,outside_CzBN_domain,outside_CzBN_domain
E00_133_00584,CCOC(=O)CN1C(=O)C2=C(c3ccc(N4CCCCC4)cc3)N(CC(=O)OCC)C(=O)C2=C1c1ccccc1,VNSFOCZHDOHANW-UHFFFAOYSA-N,,doi:10.1016/j.dyepig.2011.05.004,toluene,1,2.3437283091938763,2.3437283091938763,0.0,2.3437283091938763,2.3437283091938763,0.0,2.3437283091938763,general_only,CC1CC(C2CCC(C3CCCCC3)CC2)C2C(C)CC(C3CCCCC3)C12,O=C1NC(c2ccc(N3CCCCC3)cc2)=C2C(=O)NC(c3ccccc3)=C12,outside_MR_TADF,outside_CzBN_domain,outside_CzBN_domain
E00_133_00585,CCOC(=O)CN1C(=O)C2=C(c3ccccc3)N(CC(=O)OCC)C(=O)C2=C1c1ccccc1,HQUHYXRYEJLEGG-UHFFFAOYSA-N,,doi:10.1016/j.dyepig.2011.05.004,toluene,1,2.5342990342990346,2.5342990342990346,0.0,2.5342990342990346,2.5342990342990346,0.0,2.5342990342990346,general_only,CC1CC(C2CCCCC2)C2C(C)CC(C3CCCCC3)C12,O=C1NC(c2ccccc2)=C2C(=O)NC(c3ccccc3)=C12,outside_MR_TADF,outside_CzBN_domain,outside_CzBN_domain
E00_133_00586,CCOC(=O)COc1ccc(/C=C/C2=C3c4ccccc4C(c4[nH]c(C)cc4C)=[N+]3[B-](F)(F)n3c(/C=C/c4ccc(OCC(=O)OCC)cc4)cc(C)c32)cc1,HADRASQOLVJMOO-OFEXRUATSA-N,,DOI: 10.1021/acs.joc.6b00414,toluene,1,1.751297297835679,1.751297297835679,0.0,1.751297297835679,1.751297297835679,0.0,1.751297297835679,general_only,C1CCC(CCC2CCC3C2CC2C(C4CCCC4)C4CCCCC4C2C3CCC2CCCCC2)CC1,[BH2-]1n2c(/C=C/c3ccccc3)ccc2C(/C=C/c2ccccc2)=C2c3ccccc3C(c3ccc[nH]3)=[N+]12,outside_MR_TADF,outside_CzBN_domain,outside_CzBN_domain
E00_133_00587,CCOC(=O)COc1ccc(/C=C/C2=C3c4ccccc4C(c4[nH]c(C)cc4C)=[N+]3[B-](F)(F)n3c(C)cc(C)c32)cc1,VOPCDVQWWVNHSI-DTQAZKPQSA-N,,DOI: 10.1021/acs.joc.6b00414,toluene,1,1.9083227116083652,1.9083227116083652,0.0,1.9083227116083652,1.9083227116083652,0.0,1.9083227116083652,general_only,C1CCC(CCC2C3CCCC3CC3C(C4CCCC4)C4CCCCC4C32)CC1,[BH2-]1n2cccc2C(/C=C/c2ccccc2)=C2c3ccccc3C(c3ccc[nH]3)=[N+]12,outside_MR_TADF,outside_CzBN_domain,outside_CzBN_domain
E00_133_00588,CCOC(=O)COc1ccc(/C=C/C2=C3c4ccccc4C(c4ccc[nH]4)=[N+]3[B-](F)(F)n3ccc(C)c32)cc1,RGUSMLZTKNYDCG-NTCAYCPXSA-N,,DOI: 10.1021/acs.joc.6b00414,toluene,1,2.020609699181128,2.020609699181128,0.0,2.020609699181128,2.020609699181128,0.0,2.020609699181128,general_only,C1CCC(CCC2C3CCCC3CC3C(C4CCCC4)C4CCCCC4C32)CC1,[BH2-]1n2cccc2C(/C=C/c2ccccc2)=C2c3ccccc3C(c3ccc[nH]3)=[N+]12,outside_MR_TADF,outside_CzBN_domain,outside_CzBN_domain
E00_133_00589,CCOC(=O)COc1ccc(/C=C/c2c(CC)c(C)c3n2[B-](F)(F)[N+]2=C(c4[nH]c(C)c(CC)c4C)c4ccccc4C2=C3C)cc1,HXYWIFCBTWCAEB-LVZFUZTISA-N,,DOI: 10.1021/acs.joc.6b00414,toluene,1,1.7835619951275805,1.7835619951275805,0.0,1.7835619951275805,1.7835619951275805,0.0,1.7835619951275805,general_only,C1CCC(CCC2CCC3CC4C5CCCCC5C(C5CCCC5)C4CC32)CC1,[BH2-]1n2c(ccc2/C=C/c2ccccc2)C=C2c3ccccc3C(c3ccc[nH]3)=[N+]12,outside_MR_TADF,outside_CzBN_domain,outside_CzBN_domain
E00_133_00590,CCOC(=O)COc1ccc(/C=C/c2cc(C)c3n2[B-](F)(F)[N+]2=C(c4[nH]c(C)cc4C)c4ccccc4C2=C3)cc1,TZGORXBRQADBAB-JLHYYAGUSA-N,,DOI: 10.1021/acs.joc.6b00414,toluene,1,1.7913991146270125,1.7913991146270125,0.0,1.7913991146270125,1.7913991146270125,0.0,1.7913991146270125,general_only,C1CCC(CCC2CCC3CC4C5CCCCC5C(C5CCCC5)C4CC32)CC1,[BH2-]1n2c(ccc2/C=C/c2ccccc2)C=C2c3ccccc3C(c3ccc[nH]3)=[N+]12,outside_MR_TADF,outside_CzBN_domain,outside_CzBN_domain
E00_133_00591,CCOC(=O)c1cc2ccc3ccccc3c2c(C#N)c1N,MMJNAGGBDUEKBT-UHFFFAOYSA-N,,DOI: 10.1021/acs.joc.9b0299,toluene,1,2.770189742438976,2.770189742438976,0.0,2.770189742438976,2.770189742438976,0.0,2.770189742438976,general_only,C1CCC2C(C1)CCC1CCCCC12,c1ccc2c(c1)ccc1ccccc12,outside_MR_TADF,outside_CzBN_domain,outside_CzBN_domain
E00_133_00592,CCOC(=O)c1cc2ccc3ccccc3c2c(C(=O)OCC)c1N,PJKZQYRULJDYNQ-UHFFFAOYSA-N,,DOI: 10.1021/acs.joc.9b0299,toluene,1,2.7224824355971897,2.7224824355971897,0.0,2.7224824355971897,2.7224824355971897,0.0,2.7224824355971897,general_only,C1CCC2C(C1)CCC1CCCCC12,c1ccc2c(c1)ccc1ccccc12,outside_MR_TADF,outside_CzBN_domain,outside_CzBN_domain
E00_133_00593,CCOC(=O)c1csc2[n+]1[B-](F)(F)OC(c1ccc(N(C)C)cc1)=N2,ALJBPNFCOUEPHO-UHFFFAOYSA-N,,DOI: 10.1021/acs.joc.7b02239,toluene,1,2.9393942794304113,2.9393942794304113,0.0,2.9393942794304113,2.9393942794304113,0.0,2.9393942794304113,general_only,C1CCC(C2CCC3CCCC3C2)CC1,[BH2-]1OC(c2ccccc2)=Nc2scc[n+]21,outside_MR_TADF,outside_CzBN_domain,outside_CzBN_domain
E00_133_00594,CCOc1cc2c(cc1/C=C/C(=C(C#N)C#N)c1ccccc1)c1ccccc1n2CC,KANYNIVLDDYXHY-CCEZHUSRSA-N,,http://dx.doi.org/10.1016/j.dyepig.2015.09.013,toluene,1,2.529730805592875,2.529730805592875,0.0,2.529730805592875,2.529730805592875,0.0,2.529730805592875,general_only,CC(CCC1CCC2CC3CCCCC3C2C1)C1CCCCC1,C=C(/C=C/c1ccc2[nH]c3ccccc3c2c1)c1ccccc1,outside_MR_TADF,outside_CzBN_domain,outside_CzBN_domain
E00_133_00595,CCOc1cc2c(cc1/C=C/C1=CC(=C(C#N)C#N)CC(C)(C)C1)c1ccccc1n2CC,FOJHCSRCBAERAK-VAWYXSNFSA-N,,http://dx.doi.org/10.1016/j.dyepig.2015.09.013,toluene,1,2.3806812374987225,2.3806812374987225,0.0,2.3806812374987225,2.3806812374987225,0.0,2.3806812374987225,general_only,CC1CCCC(CCC2CCC3CC4CCCCC4C3C2)C1,C=C1C=C(/C=C/c2ccc3[nH]c4ccccc4c3c2)CCC1,outside_MR_TADF,outside_CzBN_domain,outside_CzBN_domain
E00_133_00596,CCOc1ccc(/C=C/C=C/C=C/c2ccc([N+](=O)[O-])cc2)cc1,JNFQFGAPETZIFZ-OKWWDJPNSA-N,,DOI: 10.1021/jp064937j,toluene,1,2.625739481822313,2.625739481822313,0.0,2.625739481822313,2.625739481822313,0.0,2.625739481822313,general_only,C1CCC(CCCCCCC2CCCCC2)CC1,C(=C/C=C/c1ccccc1)\C=C\c1ccccc1,outside_MR_TADF,outside_CzBN_domain,outside_CzBN_domain
E00_133_00597,CC[N+]1=C(/C=C/c2cc3cc(C(C)(C)C)cc4ccc5cc(C(C)(C)C)cc2c5c43)C(C)(C)c2ccccc21,LREDAKURXCILCQ-ISLYRVAYSA-N,,https://doi.org/10.1016/j.snb.2018.08.075,toluene,1,2.0852330151600227,2.0852330151600227,0.0,2.0852330151600227,2.0852330151600227,0.0,2.0852330151600227,general_only,C1CCC2CC(CCC3CC4CCCC5CCC6CCCC3C6C54)CC2C1,C(=C/c1cc2cccc3ccc4cccc1c4c32)\C1=[NH+]c2ccccc2C1,outside_MR_TADF,outside_CzBN_domain,outside_CzBN_domain
E00_133_00598,CC[N+]1=C(/C=C/c2cc3ccc4cccc5ccc(c2)c3c45)C(C)(C)c2ccccc21,CBARZECCVZWAAK-SFQUDFHCSA-N,,https://doi.org/10.1016/j.snb.2018.08.075,toluene,1,2.870431893687708,2.870431893687708,0.0,2.870431893687708,2.870431893687708,0.0,2.870431893687708,general_only,C1CCC2CC(CCC3CC4CCC5CCCC6CCC(C3)C4C56)CC2C1,C(=C/c1cc2ccc3cccc4ccc(c1)c2c34)\C1=[NH+]c2ccccc2C1,outside_MR_TADF,outside_CzBN_domain,outside_CzBN_domain
E00_133_00599,CC[N+]1=C(/C=C/c2cc3cccc4ccc5cccc2c5c43)C(C)(C)c2ccccc21,KVOOETPIVICWMV-ISLYRVAYSA-N,,https://doi.org/10.1016/j.snb.2018.08.075,toluene,1,2.540781721091081,2.540781721091081,0.0,2.540781721091081,2.540781721091081,0.0,2.540781721091081,general_only,C1CCC2CC(CCC3CC4CCCC5CCC6CCCC3C6C54)CC2C1,C(=C/c1cc2cccc3ccc4cccc1c4c32)\C1=[NH+]c2ccccc2C1,outside_MR_TADF,outside_CzBN_domain,outside_CzBN_domain
E00_133_00600,CC[N+]1=C(/C=C/c2ccc3ccc4cccc5ccc2c3c45)C(C)(C)c2ccccc21,CUJXCNYUOYJWIE-HTXNQAPBSA-N,,https://doi.org/10.1016/j.snb.2018.08.075,toluene,1,2.190049751243781,2.190049751243781,0.0,2.190049751243781,2.190049751243781,0.0,2.190049751243781,general_only,C1CCC2CC(CCC3CCC4CCC5CCCC6CCC3C4C56)CC2C1,C(=C/c1ccc2ccc3cccc4ccc1c2c34)\C1=[NH+]c2ccccc2C1,outside_MR_TADF,outside_CzBN_domain,outside_CzBN_domain
E00_133_00601,CC[n+]1ccc(/C=C/c2cc3cccc4ccc5cccc2c5c43)cc1,IILXYIXJBCEODE-MDZDMXLPSA-N,,https://doi.org/10.1016/j.snb.2018.08.075,toluene,1,2.4819314641744548,2.4819314641744548,0.0,2.4819314641744548,2.4819314641744548,0.0,2.4819314641744548,general_only,C1CCC(CCC2CC3CCCC4CCC5CCCC2C5C43)CC1,C(=C/c1cc2cccc3ccc4cccc1c4c32)\c1cc[nH+]cc1,outside_MR_TADF,outside_CzBN_domain,outside_CzBN_domain
E00_133_00602,CC[n+]1ccc(/C=C/c2ccc3ccc4cccc5ccc2c3c45)cc1,ULGVFDGPNBJSMM-VOTSOKGWSA-N,,https://doi.org/10.1016/j.snb.2018.08.075,toluene,1,2.4164862241469427,2.4164862241469427,0.0,2.4164862241469427,2.4164862241469427,0.0,2.4164862241469427,general_only,C1CCC(CCC2CCC3CCC4CCCC5CCC2C3C45)CC1,C(=C/c1ccc2ccc3cccc4ccc1c2c34)\c1cc[nH+]cc1,outside_MR_TADF,outside_CzBN_domain,outside_CzBN_domain
E00_133_00603,CCc1c(C)[nH]c(C2=[N+]3C(=C(C)c4c(C)c(CC)c(C)n4[B-]3(F)F)c3ccccc32)c1C,GGZXAXJFRYQHLZ-UHFFFAOYSA-N,,DOI: 10.1021/acs.joc.6b00414,toluene,1,1.9517523219814241,1.9517523219814241,0.0,1.9517523219814241,1.9517523219814241,0.0,1.9517523219814241,general_only,C1CC2CC3C4CCCCC4C(C4CCCC4)C3CC2C1,[BH2-]1n2cccc2C=C2c3ccccc3C(c3ccc[nH]3)=[N+]12,outside_MR_TADF,outside_CzBN_domain,outside_CzBN_domain
E00_133_00604,CCc1c(C)[nH]c(C2=[N+]3C(=Cc4c(C)c(CC)c(/C=C/c5ccc(N(C)C)cc5)n4[B-]3(F)F)c3ccccc32)c1C,KWEIWHMMMAAIKI-KNTRCKAVSA-N,,DOI: 10.1021/acs.joc.6b00414,toluene,1,1.6651045421773611,1.6651045421773611,0.0,1.6651045421773611,1.6651045421773611,0.0,1.6651045421773611,general_only,C1CCC(CCC2CCC3CC4C5CCCCC5C(C5CCCC5)C4CC32)CC1,[BH2-]1n2c(ccc2/C=C/c2ccccc2)C=C2c3ccccc3C(c3ccc[nH]3)=[N+]12,outside_MR_TADF,outside_CzBN_domain,outside_CzBN_domain
E00_133_00605,CCc1c(C)[nH]c(C2=[N+]3C(=Cc4c(C)c(CC)c(C)n4[B-]3(F)F)c3ccccc32)c1C,WWSZZSBWCCWQEA-UHFFFAOYSA-N,,DOI: 10.1021/acs.joc.6b00414,toluene,1,1.9272237196765498,1.9272237196765498,0.0,1.9272237196765498,1.9272237196765498,0.0,1.9272237196765498,general_only,C1CC2CC3C4CCCCC4C(C4CCCC4)C3CC2C1,[BH2-]1n2cccc2C=C2c3ccccc3C(c3ccc[nH]3)=[N+]12,outside_MR_TADF,outside_CzBN_domain,outside_CzBN_domain
E00_133_00606,CCc1c(C)[nH]c(C2=[N+]3C(=Cc4c(C)cc(C)n4[B-]3(F)F)c3ccccc32)c1C,WWOJAPBKVPSTLX-UHFFFAOYSA-N,,DOI: 10.1021/acs.joc.6b00414,toluene,1,1.960916677917623,1.960916677917623,0.0,1.960916677917623,1.960916677917623,0.0,1.960916677917623,general_only,C1CC2CC3C4CCCCC4C(C4CCCC4)C3CC2C1,[BH2-]1n2cccc2C=C2c3ccccc3C(c3ccc[nH]3)=[N+]12,outside_MR_TADF,outside_CzBN_domain,outside_CzBN_domain
E00_133_00607,CCc1c(C)c2n(c1C)[B-](F)(F)[N+]1=C(c3ccc[nH]3)c3ccccc3C1=C2,ZZJKBKGMWWSYEH-UHFFFAOYSA-N,,DOI: 10.1021/acs.joc.6b00414,toluene,1,1.9763779527559056,1.9763779527559056,0.0,1.9763779527559056,1.9763779527559056,0.0,1.9763779527559056,general_only,C1CC2CC3C4CCCCC4C(C4CCCC4)C3CC2C1,[BH2-]1n2cccc2C=C2c3ccccc3C(c3ccc[nH]3)=[N+]12,outside_MR_TADF,outside_CzBN_domain,outside_CzBN_domain
E00_133_00608,CCc1c(C)c2n(c1C)[B-](F)(F)[N+]1=C(c3ccc[nH]3)c3ccccc3C1=C2C,AIXQPHQAMCYYGT-UHFFFAOYSA-N,,DOI: 10.1021/acs.joc.6b00414,toluene,1,2.0021893814997265,2.0021893814997265,0.0,2.0021893814997265,2.0021893814997265,0.0,2.0021893814997265,general_only,C1CC2CC3C4CCCCC4C(C4CCCC4)C3CC2C1,[BH2-]1n2cccc2C=C2c3ccccc3C(c3ccc[nH]3)=[N+]12,outside_MR_TADF,outside_CzBN_domain,outside_CzBN_domain
E00_133_00609,CCc1ccc(-c2ccc(-c3nnc(-c4ccc(-c5nnc(-c6ccc(-c7ccc(CC)cc7)s6)o5)cc4)o3)s2)cc1,ZAQCIFXWTWKGBT-UHFFFAOYSA-N,,https://doi.org/10.1016/j.molstruc.2019.127032,toluene,1,3.3238977526162294,3.3238977526162294,0.0,3.3238977526162294,3.3238977526162294,0.0,3.3238977526162294,general_only,C1CCC(C2CCC(C3CCC(C4CCC(C5CCC(C6CCC(C7CCCCC7)C6)C5)CC4)C3)C2)CC1,c1ccc(-c2ccc(-c3nnc(-c4ccc(-c5nnc(-c6ccc(-c7ccccc7)s6)o5)cc4)o3)s2)cc1,outside_MR_TADF,outside_CzBN_domain,outside_CzBN_domain
E00_133_00610,CCc1ccc(-c2nc(-c3ccc(-n4c5ccccc5c5ccccc54)cc3)cc(-c3ccc(-n4c5ccccc5c5ccccc54)cc3)n2)cc1,LITJOYBYAZEUOZ-UHFFFAOYSA-N,,https://doi.org/10.1016/j.dyepig.2015.03.008,toluene,1,3.2937009865924614,3.2937009865924614,0.0,3.2937009865924614,3.2937009865924614,0.0,3.2937009865924614,general_only,C1CCC(C2CC(C3CCC(C4C5CCCCC5C5CCCCC54)CC3)CC(C3CCC(C4C5CCCCC5C5CCCCC54)CC3)C2)CC1,c1ccc(-c2nc(-c3ccc(-n4c5ccccc5c5ccccc54)cc3)cc(-c3ccc(-n4c5ccccc5c5ccccc54)cc3)n2)cc1,outside_MR_TADF,outside_CzBN_domain,outside_CzBN_domain
E00_133_00611,CCc1ccc(Nc2ccc3ccccc3n2)cc1,OYHZAILUPWFKMI-UHFFFAOYSA-N,,https://doi.org/10.1016/j.jlumin.2018.12.059,toluene,1,3.2534412402465467,3.2534412402465467,0.0,3.2534412402465467,3.2534412402465467,0.0,3.2534412402465467,general_only,C1CCC(CC2CCC3CCCCC3C2)CC1,c1ccc(Nc2ccc3ccccc3n2)cc1,outside_MR_TADF,outside_CzBN_domain,outside_CzBN_domain
E00_133_00612,CCn1c2cc(C(C)(C)C)ccc2c2c3nsnc3c3c4ccc(C(C)(C)C)cc4n(CC)c3c21,BNXOCNNAVOBSBB-UHFFFAOYSA-N,,DOI: 10.1021/jo301458m,toluene,1,2.7267171899434617,2.7267171899434617,0.0,2.7267171899434617,2.7267171899434617,0.0,2.7267171899434617,general_only,C1CCC2C(C1)CC1C3CC4CCCCC4C3C3CCCC3C21,c1ccc2c(c1)[nH]c1c3[nH]c4ccccc4c3c3nsnc3c21,outside_MR_TADF,outside_CzBN_domain,outside_CzBN_domain
E00_133_00613,CCn1c2cc(OC)ccc2c2c3nsnc3c3c4ccc(OC)cc4n(CC)c3c21,FRVFNXCVDFVDST-UHFFFAOYSA-N,,DOI: 10.1021/jo301458m,toluene,1,2.6115269889805823,2.6115269889805823,0.0,2.6115269889805823,2.6115269889805823,0.0,2.6115269889805823,general_only,C1CCC2C(C1)CC1C3CC4CCCCC4C3C3CCCC3C21,c1ccc2c(c1)[nH]c1c3[nH]c4ccccc4c3c3nsnc3c21,outside_MR_TADF,outside_CzBN_domain,outside_CzBN_domain
E00_133_00614,CCn1c2ccccc2c2c3nsnc3c3c4ccccc4n(CC)c3c21,HSMSHSVIRJRXPJ-UHFFFAOYSA-N,,DOI: 10.1021/jo301458m,toluene,1,2.795339412360689,2.795339412360689,0.0,2.795339412360689,2.795339412360689,0.0,2.795339412360689,general_only,C1CCC2C(C1)CC1C3CC4CCCCC4C3C3CCCC3C21,c1ccc2c(c1)[nH]c1c3[nH]c4ccccc4c3c3nsnc3c21,outside_MR_TADF,outside_CzBN_domain,outside_CzBN_domain
E00_133_00615,CCn1c2ccccc2c2cc(-c3cc(-c4ccc5c(c4)c4ccccc4n5CC)nc(-c4ccc(C#N)cc4)n3)ccc21,IZCHDZACJUIASK-UHFFFAOYSA-N,,DOI: 10.1021/acs.joc.5b01409,toluene,1,3.2919272153681485,3.2919272153681485,0.0,3.2919272153681485,3.2919272153681485,0.0,3.2919272153681485,general_only,C1CCC(C2CC(C3CCC4CC5CCCCC5C4C3)CC(C3CCC4CC5CCCCC5C4C3)C2)CC1,c1ccc(-c2nc(-c3ccc4[nH]c5ccccc5c4c3)cc(-c3ccc4[nH]c5ccccc5c4c3)n2)cc1,outside_MR_TADF,outside_CzBN_domain,outside_CzBN_domain
E00_133_00616,CCn1c2ccccc2c2cc(-c3cc(-c4ccc5c(c4)c4ccccc4n5CC)nc(-c4ccc(OC)cc4)n3)ccc21,OYCAQJWVZIBDJC-UHFFFAOYSA-N,,DOI: 10.1021/acs.joc.5b01409,toluene,1,3.343872885729446,3.343872885729446,0.0,3.343872885729446,3.343872885729446,0.0,3.343872885729446,general_only,C1CCC(C2CC(C3CCC4CC5CCCCC5C4C3)CC(C3CCC4CC5CCCCC5C4C3)C2)CC1,c1ccc(-c2nc(-c3ccc4[nH]c5ccccc5c4c3)cc(-c3ccc4[nH]c5ccccc5c4c3)n2)cc1,outside_MR_TADF,outside_CzBN_domain,outside_CzBN_domain
E00_133_00617,CCn1c2ccccc2c2cc(-c3cc(-c4ccc5c(c4)c4ccccc4n5CC)nc(-c4ccccc4)n3)ccc21,JUKMCOQBJIKHKH-UHFFFAOYSA-N,,DOI: 10.1021/acs.joc.5b01409,toluene,1,3.3395679280846746,3.3395679280846746,0.0,3.3395679280846746,3.3395679280846746,0.0,3.3395679280846746,general_only,C1CCC(C2CC(C3CCC4CC5CCCCC5C4C3)CC(C3CCC4CC5CCCCC5C4C3)C2)CC1,c1ccc(-c2nc(-c3ccc4[nH]c5ccccc5c4c3)cc(-c3ccc4[nH]c5ccccc5c4c3)n2)cc1,outside_MR_TADF,outside_CzBN_domain,outside_CzBN_domain
E00_133_00618,CCn1c2ccccc2c2cc(-c3cc(-c4ccc5c(c4)c4ccccc4n5CC)nc(C#N)n3)ccc21,CAXFOWYQYKLQAB-UHFFFAOYSA-N,,DOI: 10.1021/acs.joc.5b01409,toluene,1,3.1662324127149555,3.1662324127149555,0.0,3.1662324127149555,3.1662324127149555,0.0,3.1662324127149555,general_only,C1CC(C2CCC3CC4CCCCC4C3C2)CC(C2CCC3CC4CCCCC4C3C2)C1,c1ccc2c(c1)[nH]c1ccc(-c3cc(-c4ccc5[nH]c6ccccc6c5c4)ncn3)cc12,outside_MR_TADF,outside_CzBN_domain,outside_CzBN_domain
E00_133_00619,CCn1c2ccccc2c2cc(-c3cc(-c4ccc5c(c4)c4ccccc4n5CC)nc(N4CCCCC4)n3)ccc21,KLWUUXIOTIHISM-UHFFFAOYSA-N,,DOI: 10.1021/acs.joc.5b01409,toluene,1,3.207310398227135,3.207310398227135,0.0,3.207310398227135,3.207310398227135,0.0,3.207310398227135,general_only,C1CCC(C2CC(C3CCC4CC5CCCCC5C4C3)CC(C3CCC4CC5CCCCC5C4C3)C2)CC1,c1ccc2c(c1)[nH]c1ccc(-c3cc(-c4ccc5[nH]c6ccccc6c5c4)nc(N4CCCCC4)n3)cc12,outside_MR_TADF,outside_CzBN_domain,outside_CzBN_domain
E00_133_00620,CCn1c2ccccc2c2cc(-c3cc(-c4ccc5c(c4)c4ccccc4n5CC)nc(OC)n3)ccc21,QCGROJXDRGUZLR-UHFFFAOYSA-N,,DOI: 10.1021/acs.joc.5b01409,toluene,1,3.321666786200961,3.321666786200961,0.0,3.321666786200961,3.321666786200961,0.0,3.321666786200961,general_only,C1CC(C2CCC3CC4CCCCC4C3C2)CC(C2CCC3CC4CCCCC4C3C2)C1,c1ccc2c(c1)[nH]c1ccc(-c3cc(-c4ccc5[nH]c6ccccc6c5c4)ncn3)cc12,outside_MR_TADF,outside_CzBN_domain,outside_CzBN_domain
E00_133_00621,CCn1c2ccccc2c2cc(-c3cc(-c4ccc5c(c4)c4ccccc4n5CC)nc(S(C)(=O)=O)n3)ccc21,DFPAVWSSTBIAOU-UHFFFAOYSA-N,,DOI: 10.1021/acs.joc.5b01409,toluene,1,3.1501302452737727,3.1501302452737727,0.0,3.1501302452737727,3.1501302452737727,0.0,3.1501302452737727,general_only,C1CC(C2CCC3CC4CCCCC4C3C2)CC(C2CCC3CC4CCCCC4C3C2)C1,c1ccc2c(c1)[nH]c1ccc(-c3cc(-c4ccc5[nH]c6ccccc6c5c4)ncn3)cc12,outside_MR_TADF,outside_CzBN_domain,outside_CzBN_domain
E00_133_00622,CCn1c2ccccc2c2cc(-c3cc(-c4ccc5c(c4)c4ccccc4n5CC)nc(SC)n3)ccc21,HKYVFRHKPXRFQH-UHFFFAOYSA-N,,DOI: 10.1021/acs.joc.5b01409,toluene,1,3.277742859138208,3.277742859138208,0.0,3.277742859138208,3.277742859138208,0.0,3.277742859138208,general_only,C1CC(C2CCC3CC4CCCCC4C3C2)CC(C2CCC3CC4CCCCC4C3C2)C1,c1ccc2c(c1)[nH]c1ccc(-c3cc(-c4ccc5[nH]c6ccccc6c5c4)ncn3)cc12,outside_MR_TADF,outside_CzBN_domain,outside_CzBN_domain
E00_133_00623,CCn1c2ccccc2c2cc(-c3cc(-c4ccc5c(c4)c4ccccc4n5CC)ncn3)ccc21,HHCJTGOMBLBCJI-UHFFFAOYSA-N,,DOI: 10.1021/acs.joc.5b01409,toluene,1,3.358106127235415,3.358106127235415,0.0,3.358106127235415,3.358106127235415,0.0,3.358106127235415,general_only,C1CC(C2CCC3CC4CCCCC4C3C2)CC(C2CCC3CC4CCCCC4C3C2)C1,c1ccc2c(c1)[nH]c1ccc(-c3cc(-c4ccc5[nH]c6ccccc6c5c4)ncn3)cc12,outside_MR_TADF,outside_CzBN_domain,outside_CzBN_domain
E00_133_00624,CCn1c2ccccc2c2cc(/C=C/c3cc(/C=C/c4ccc5c(c4)c4ccccc4n5CC)[n+](CCCS(=O)(=O)[O-])c(/C=C/c4ccc5c(c4)c4ccccc4n5CC)c3)ccc21,WTFXHXCZJAYUGL-UHFFFAOYSA-N,,https://doi.org/10.1016/j.dyepig.2012.09.012,toluene,1,2.365530533722155,2.365530533722155,0.0,2.365530533722155,2.365530533722155,0.0,2.365530533722155,general_only,C1CCC2C(C1)CC1CCC(CCC3CC(CCC4CCC5CC6CCCCC6C5C4)CC(CCC4CCC5CC6CCCCC6C5C4)C3)CC12,C(=C/c1ccc2[nH]c3ccccc3c2c1)\c1cc(/C=C/c2ccc3[nH]c4ccccc4c3c2)[nH+]c(/C=C/c2ccc3[nH]c4ccccc4c3c2)c1,outside_MR_TADF,outside_CzBN_domain,outside_CzBN_domain
E00_133_00625,CCn1c2ccccc2c2cc(/C=C/c3cc(/C=C/c4ccc5c(c4)c4ccccc4n5CC)nc(SC)n3)ccc21,JYTGYGLTMSPQSB-JSAVKQRWSA-N,,DOI: 10.1021/acs.joc.5b01409,toluene,1,2.920998726678846,2.920998726678846,0.0,2.920998726678846,2.920998726678846,0.0,2.920998726678846,general_only,C1CC(CCC2CCC3CC4CCCCC4C3C2)CC(CCC2CCC3CC4CCCCC4C3C2)C1,C(=C/c1cc(/C=C/c2ccc3[nH]c4ccccc4c3c2)ncn1)\c1ccc2[nH]c3ccccc3c2c1,outside_MR_TADF,outside_CzBN_domain,outside_CzBN_domain
E00_133_00626,CCn1c2ccccc2c2cc(/C=C/c3cc(/C=C/c4ccc5c(c4)c4ccccc4n5CC)ncn3)ccc21,VTLKBURZTGDKKT-HBKJEHTGSA-N,,DOI: 10.1021/acs.joc.5b01409,toluene,1,2.9708037554385163,2.9708037554385163,0.0,2.9708037554385163,2.9708037554385163,0.0,2.9708037554385163,general_only,C1CC(CCC2CCC3CC4CCCCC4C3C2)CC(CCC2CCC3CC4CCCCC4C3C2)C1,C(=C/c1cc(/C=C/c2ccc3[nH]c4ccccc4c3c2)ncn1)\c1ccc2[nH]c3ccccc3c2c1,outside_MR_TADF,outside_CzBN_domain,outside_CzBN_domain
E00_133_00627,CCn1c2ccccc2c2cc(/C=C/c3cccc(/C=C/c4ccc5c(c4)c4ccccc4n5CC)[n+]3CCCS(=O)(=O)[O-])ccc21,UGQQGUROMUSJIC-UHFFFAOYSA-N,,https://doi.org/10.1016/j.dyepig.2012.09.012,toluene,1,2.405442719292417,2.405442719292417,0.0,2.405442719292417,2.405442719292417,0.0,2.405442719292417,general_only,C1CC(CCC2CCC3CC4CCCCC4C3C2)CC(CCC2CCC3CC4CCCCC4C3C2)C1,C(=C/c1cccc(/C=C/c2ccc3[nH]c4ccccc4c3c2)[nH+]1)\c1ccc2[nH]c3ccccc3c2c1,outside_MR_TADF,outside_CzBN_domain,outside_CzBN_domain
E00_133_00628,CCn1c2ccccc2c2cc(/C=C/c3cccc[n+]3CCCS(=O)(=O)[O-])ccc21,CXNZNFNSYGNOQM-UHFFFAOYSA-N,,https://doi.org/10.1016/j.dyepig.2012.09.012,toluene,1,2.513111608570515,2.513111608570515,0.0,2.513111608570515,2.513111608570515,0.0,2.513111608570515,general_only,C1CCC(CCC2CCC3CC4CCCCC4C3C2)CC1,C(=C/c1cccc[nH+]1)\c1ccc2[nH]c3ccccc3c2c1,outside_MR_TADF,outside_CzBN_domain,outside_CzBN_domain
E00_133_00629,CCn1c2ccccc2c2cc(/C=C3\C(=O)c4ccccc4S3(=O)=O)ccc21,NINCHKMFELWYAO-HYARGMPZSA-N,,https://doi.org/10.1016/j.saa.2018.05.101,toluene,1,2.6211786741588066,2.6211786741588066,0.0,2.6211786741588066,2.6211786741588066,0.0,2.6211786741588066,general_only,CC1C2CCCCC2C(C)(C)C1CC1CCC2CC3CCCCC3C2C1,O=C1/C(=C\c2ccc3[nH]c4ccccc4c3c2)S(=O)(=O)c2ccccc21,outside_MR_TADF,outside_CzBN_domain,outside_CzBN_domain
E00_133_00630,CCn1c2ccccc2c2cc(C#Cc3cc(C#Cc4ccc5c(c4)c4ccccc4n5CC)nc(C#N)n3)ccc21,LEEFCPGKDQJPTA-UHFFFAOYSA-N,,DOI: 10.1021/acs.joc.5b01409,toluene,1,2.905453548917512,2.905453548917512,0.0,2.905453548917512,2.905453548917512,0.0,2.905453548917512,general_only,C1CC(CCC2CCC3CC4CCCCC4C3C2)CC(CCC2CCC3CC4CCCCC4C3C2)C1,C(#Cc1cc(C#Cc2ccc3[nH]c4ccccc4c3c2)ncn1)c1ccc2[nH]c3ccccc3c2c1,outside_MR_TADF,outside_CzBN_domain,outside_CzBN_domain
E00_133_00631,CCn1c2ccccc2c2cc(C#Cc3cc(C#Cc4ccc5c(c4)c4ccccc4n5CC)nc(N4CCCCC4)n3)ccc21,YSFHMNUQFYLVKT-UHFFFAOYSA-N,,DOI: 10.1021/acs.joc.5b01409,toluene,1,2.985145367319808,2.985145367319808,0.0,2.985145367319808,2.985145367319808,0.0,2.985145367319808,general_only,C1CCC(C2CC(CCC3CCC4CC5CCCCC5C4C3)CC(CCC3CCC4CC5CCCCC5C4C3)C2)CC1,C(#Cc1cc(C#Cc2ccc3[nH]c4ccccc4c3c2)nc(N2CCCCC2)n1)c1ccc2[nH]c3ccccc3c2c1,outside_MR_TADF,outside_CzBN_domain,outside_CzBN_domain
E00_133_00632,CCn1c2ccccc2c2cc(C#Cc3cc(C#Cc4ccc5c(c4)c4ccccc4n5CC)nc(OC)n3)ccc21,GWFHNHGTTHPEON-UHFFFAOYSA-N,,DOI: 10.1021/acs.joc.5b01409,toluene,1,3.102346149275389,3.102346149275389,0.0,3.102346149275389,3.102346149275389,0.0,3.102346149275389,general_only,C1CC(CCC2CCC3CC4CCCCC4C3C2)CC(CCC2CCC3CC4CCCCC4C3C2)C1,C(#Cc1cc(C#Cc2ccc3[nH]c4ccccc4c3c2)ncn1)c1ccc2[nH]c3ccccc3c2c1,outside_MR_TADF,outside_CzBN_domain,outside_CzBN_domain
E00_133_00633,CCn1c2ccccc2c2cc(C#Cc3cc(C#Cc4ccc5c(c4)c4ccccc4n5CC)nc(S(C)(=O)=O)n3)ccc21,WCOKHROVASZAIU-UHFFFAOYSA-N,,DOI: 10.1021/acs.joc.5b01409,toluene,1,2.8955404235862767,2.8955404235862767,0.0,2.8955404235862767,2.8955404235862767,0.0,2.8955404235862767,general_only,C1CC(CCC2CCC3CC4CCCCC4C3C2)CC(CCC2CCC3CC4CCCCC4C3C2)C1,C(#Cc1cc(C#Cc2ccc3[nH]c4ccccc4c3c2)ncn1)c1ccc2[nH]c3ccccc3c2c1,outside_MR_TADF,outside_CzBN_domain,outside_CzBN_domain
E00_133_00634,CCn1c2ccccc2c2cc(C#Cc3cc(C#Cc4ccc5c(c4)c4ccccc4n5CC)nc(SC)n3)ccc21,UEIUTYYRHDUAEV-UHFFFAOYSA-N,,DOI: 10.1021/acs.joc.5b01409,toluene,1,3.056041181041181,3.056041181041181,0.0,3.056041181041181,3.056041181041181,0.0,3.056041181041181,general_only,C1CC(CCC2CCC3CC4CCCCC4C3C2)CC(CCC2CCC3CC4CCCCC4C3C2)C1,C(#Cc1cc(C#Cc2ccc3[nH]c4ccccc4c3c2)ncn1)c1ccc2[nH]c3ccccc3c2c1,outside_MR_TADF,outside_CzBN_domain,outside_CzBN_domain
E00_133_00635,CCn1c2ccccc2c2cc(C#Cc3cc(C#Cc4ccc5c(c4)c4ccccc4n5CC)ncn3)ccc21,BIIWXENXUAHVCK-UHFFFAOYSA-N,,DOI: 10.1021/acs.joc.5b01409,toluene,1,3.127314770698735,3.127314770698735,0.0,3.127314770698735,3.127314770698735,0.0,3.127314770698735,general_only,C1CC(CCC2CCC3CC4CCCCC4C3C2)CC(CCC2CCC3CC4CCCCC4C3C2)C1,C(#Cc1cc(C#Cc2ccc3[nH]c4ccccc4c3c2)ncn1)c1ccc2[nH]c3ccccc3c2c1,outside_MR_TADF,outside_CzBN_domain,outside_CzBN_domain
E00_133_00636,CCn1c2ccsc2c2c3nsnc3c3c4sccc4n(CC)c3c21,FYXGXTIDSHQGOH-UHFFFAOYSA-N,,DOI: 10.1021/jo301458m,toluene,1,2.620653636428015,2.620653636428015,0.0,2.620653636428015,2.620653636428015,0.0,2.620653636428015,general_only,C1CC2CC3C4CC5CCCC5C4C4CCCC4C3C2C1,c1cc2[nH]c3c4[nH]c5ccsc5c4c4nsnc4c3c2s1,outside_MR_TADF,outside_CzBN_domain,outside_CzBN_domain
E00_133_00637,CCn1c2sccc2c2c3nsnc3c3c4ccsc4n(CC)c3c21,ZBXSMOIDRFUGGK-UHFFFAOYSA-N,,DOI: 10.1021/jo301458m,toluene,1,2.686193481134007,2.686193481134007,0.0,2.686193481134007,2.686193481134007,0.0,2.686193481134007,general_only,C1CC2CC3C4CC5CCCC5C4C4CCCC4C3C2C1,c1cc2c([nH]c3c4[nH]c5sccc5c4c4nsnc4c23)s1,outside_MR_TADF,outside_CzBN_domain,outside_CzBN_domain
E00_133_00638,CN(C)/C=N\c1ccc2c3c(cccc13)C(=O)c1ccccc1-2,JIHDAVQMLPYIAS-MTJSOVHGSA-N,,https://doi.org/10.1016/j.jqsrt.2010.09.001,toluene,1,2.4908656267739073,2.4908656267739073,0.0,2.4908656267739073,2.4908656267739073,0.0,2.4908656267739073,general_only,CC1C2CCCCC2C2CCCC3CCCC1C32,O=C1c2ccccc2-c2cccc3cccc1c23,outside_MR_TADF,outside_CzBN_domain,outside_CzBN_domain
E00_133_00639,CN(C)CCNc1ccc([N+](=O)[O-])cc1[N+](=O)[O-],XUPVXKLPNVKACM-UHFFFAOYSA-N,,10.1021/jp047557b,toluene,1,3.397133126239755,3.397133126239755,0.0,3.397133126239755,3.397133126239755,0.0,3.397133126239755,general_only,C1CCCCC1,c1ccccc1,outside_MR_TADF,outside_CzBN_domain,outside_CzBN_domain
E00_133_00640,CN(C)c1cc(C#N)c(N(C)C)c(C#N)c1,RIEDNLOGMPYHLK-UHFFFAOYSA-N,,doi:10.1016/j.jphotochem.2006.03.020,toluene,1,2.768300000061095,2.768300000061095,0.0,2.768300000061095,2.768300000061095,0.0,2.768300000061095,general_only,C1CCCCC1,c1ccccc1,outside_MR_TADF,outside_CzBN_domain,outside_CzBN_domain
E00_133_00641,CN(C)c1ccc(-c2c(/C=C3/C=Cc4ccccc4N3C)c(=O)c2=O)cc1,IIDJMFXFHMZLSP-JXAWBTAJSA-N,,https://doi.org/10.1016/j.dyepig.2018.10.064,toluene,1,3.137994538642281,3.137994538642281,0.0,3.137994538642281,3.137994538642281,0.0,3.137994538642281,general_only,CC1C(C)C(C2CCCCC2)C1CC1CCC2CCCCC2C1,O=c1c(/C=C2/C=Cc3ccccc3N2)c(-c2ccccc2)c1=O,outside_MR_TADF,outside_CzBN_domain,outside_CzBN_domain
E00_133_00642,CN(C)c1ccc(-c2c(/C=C3/C=Cc4ccccc4N3Cc3ccccc3)c(=O)c2=O)cc1,CBUOIBKQPGNHAM-MOHJPFBDSA-N,,https://doi.org/10.1016/j.dyepig.2018.10.064,toluene,1,3.128584059618542,3.128584059618542,0.0,3.128584059618542,3.128584059618542,0.0,3.128584059618542,general_only,CC1C(C)C(C2CCCCC2)C1CC1CCC2CCCCC2C1CC1CCCCC1,O=c1c(/C=C2/C=Cc3ccccc3N2Cc2ccccc2)c(-c2ccccc2)c1=O,outside_MR_TADF,outside_CzBN_domain,outside_CzBN_domain
E00_133_00643,CN(C)c1ccc(-c2cc(-c3ccc(C#N)cc3)nn2C)cc1,ZJJVKAFHYFGAJJ-UHFFFAOYSA-N,,DOI: 10.1021/acs.joc.6b01326,toluene,1,3.6354827931840963,3.6354827931840963,0.0,3.6354827931840963,3.6354827931840963,0.0,3.6354827931840963,general_only,C1CCC(C2CCC(C3CCCCC3)C2)CC1,c1ccc(-c2cc(-c3ccccc3)[nH]n2)cc1,outside_MR_TADF,outside_CzBN_domain,outside_CzBN_domain
E00_133_00644,CN(C)c1ccc(-c2cc(=O)c3ccccc3o2)cc1,PCKPYMMHFFXBPF-UHFFFAOYSA-N,,https://doi.org/10.1016/1010-6030(94)03921-G,toluene,1,3.199517733879195,3.199517733879195,0.0,3.199517733879195,3.199517733879195,0.0,3.199517733879195,general_only,CC1CC(C2CCCCC2)CC2CCCCC12,O=c1cc(-c2ccccc2)oc2ccccc12,outside_MR_TADF,outside_CzBN_domain,outside_CzBN_domain
E00_133_00645,CN(C)c1ccc(-c2ccc(-c3cc(N4CCCCC4)c(C#N)c4c3-c3ccccc3CC4)cc2)cc1,SRCXXCMQUBYQTH-UHFFFAOYSA-N,,DOI: 10.1021/jo501891w,toluene,1,3.0274853801169592,3.0274853801169592,0.0,3.0274853801169592,3.0274853801169592,0.0,3.0274853801169592,general_only,C1CCC(C2CCC(C3CC(C4CCCCC4)CC4CCC5CCCCC5C43)CC2)CC1,c1ccc(-c2ccc(-c3cc(N4CCCCC4)cc4c3-c3ccccc3CC4)cc2)cc1,outside_MR_TADF,outside_CzBN_domain,outside_CzBN_domain
E00_133_00646,CN(C)c1ccc(-c2ccc(-c3cc(N4CCCCC4)c(C#N)c4c3-c3ccccc3CC4)s2)cc1,YCHNKOSZUSEJAQ-UHFFFAOYSA-N,,DOI: 10.1021/jo501891w,toluene,1,2.8484458293631376,2.8484458293631376,0.0,2.8484458293631376,2.8484458293631376,0.0,2.8484458293631376,general_only,C1CCC(C2CCC(C3CC(C4CCCCC4)CC4CCC5CCCCC5C43)C2)CC1,c1ccc(-c2ccc(-c3cc(N4CCCCC4)cc4c3-c3ccccc3CC4)s2)cc1,outside_MR_TADF,outside_CzBN_domain,outside_CzBN_domain
E00_133_00647,CN(C)c1ccc(-c2ccc3c(=O)c(O)coc3c2)cc1,YJRZHRPFDYXJEX-UHFFFAOYSA-N,,http://dx.doi.org/10.1021/jz3002019,toluene,1,3.0920882291294216,3.0920882291294216,0.0,3.0920882291294216,3.0920882291294216,0.0,3.0920882291294216,general_only,CC1CCCC2CC(C3CCCCC3)CCC12,O=c1ccoc2cc(-c3ccccc3)ccc12,outside_MR_TADF,outside_CzBN_domain,outside_CzBN_domain
E00_133_00648,CN(C)c1ccc(-c2ccc3n2[B-](F)(F)[N+]2=C(c4ccccc4)C=CC2=C3C(F)(F)F)cc1,MECDDJYTYGMBJM-UHFFFAOYSA-N,,http://dx.doi.org/10.1016/j.dyepig.2016.09.009,toluene,1,1.7388590785801483,1.7388590785801483,0.0,1.7388590785801483,1.7388590785801483,0.0,1.7388590785801483,general_only,C1CCC(C2CCC3CC4CCC(C5CCCCC5)C4CC32)CC1,[BH2-]1n2c(ccc2-c2ccccc2)C=C2C=CC(c3ccccc3)=[N+]12,outside_MR_TADF,outside_CzBN_domain,outside_CzBN_domain
E00_133_00649,CN(C)c1ccc(-c2nc(-c3ccc(-n4c5ccccc5c5ccccc54)cc3)cc(-c3ccc(-n4c5ccccc5c5ccccc54)cc3)n2)cc1,FJQPEQOVZZRQJU-UHFFFAOYSA-N,,https://doi.org/10.1016/j.dyepig.2015.03.008,toluene,1,3.0013538573557685,3.0013538573557685,0.0,3.0013538573557685,3.0013538573557685,0.0,3.0013538573557685,general_only,C1CCC(C2CC(C3CCC(C4C5CCCCC5C5CCCCC54)CC3)CC(C3CCC(C4C5CCCCC5C5CCCCC54)CC3)C2)CC1,c1ccc(-c2nc(-c3ccc(-n4c5ccccc5c5ccccc54)cc3)cc(-c3ccc(-n4c5ccccc5c5ccccc54)cc3)n2)cc1,outside_MR_TADF,outside_CzBN_domain,outside_CzBN_domain
E00_133_00650,CN(C)c1ccc(-c2nc3c(c4c2-c2ccc(C#N)cc2CC4)-c2ccc(C#N)cc2CC3)cc1,ARWWCDRAKCKZOE-UHFFFAOYSA-N,,http://dx.doi.org/10.1016/j.dyepig.2016.07.093,toluene,1,3.124287201864432,3.124287201864432,0.0,3.124287201864432,3.124287201864432,0.0,3.124287201864432,general_only,C1CCC(C2CC3CCC4CCCCC4C3C3CCC4CCCCC4C23)CC1,c1ccc(-c2nc3c(c4c2-c2ccccc2CC4)-c2ccccc2CC3)cc1,outside_MR_TADF,outside_CzBN_domain,outside_CzBN_domain
E00_133_00651,CN(C)c1ccc(-c2nc3c(c4c2-c2ccccc2CC4)-c2ccccc2CC3)cc1,NNLGGCUJFHPBGB-UHFFFAOYSA-N,,http://dx.doi.org/10.1016/j.dyepig.2016.07.061,toluene,1,3.18840011500562,3.18840011500562,0.0,3.18840011500562,3.18840011500562,0.0,3.18840011500562,general_only,C1CCC(C2CC3CCC4CCCCC4C3C3CCC4CCCCC4C23)CC1,c1ccc(-c2nc3c(c4c2-c2ccccc2CC4)-c2ccccc2CC3)cc1,outside_MR_TADF,outside_CzBN_domain,outside_CzBN_domain
E00_133_00652,CN(C)c1ccc(/C=C/C(=C(C#N)C#N)c2ccc3c4c(cccc24)CC3)cc1,DTQMBTYHERJRCC-RIYZIHGNSA-N,,https://doi.org/10.1016/j.jphotochem.2018.05.039,toluene,1,2.3983274762705107,2.3983274762705107,0.0,2.3983274762705107,2.3983274762705107,0.0,2.3983274762705107,general_only,CC(CCC1CCCCC1)C1CCC2CCC3CCCC1C32,C=C(/C=C/c1ccccc1)c1ccc2c3c(cccc13)CC2,outside_MR_TADF,outside_CzBN_domain,outside_CzBN_domain
E00_133_00653,CN(C)c1ccc(/C=C/C(=O)O)cc1,CQNPVMCASGWEHM-VMPITWQZSA-N,,doi:10.1016/j.saa.2009.03.004,toluene,1,3.2139178360734686,3.2139178360734686,0.0,3.2139178360734686,3.2139178360734686,0.0,3.2139178360734686,general_only,C1CCCCC1,c1ccccc1,outside_MR_TADF,outside_CzBN_domain,outside_CzBN_domain
E00_133_00654,CN(C)c1ccc(/C=C/C(=O)c2ccc(Cl)cc2)cc1,WUXTYVHXWDGPIQ-LFYBBSHMSA-N,,https://doi.org/10.1016/j.optmat.2017.12.034,toluene,1,2.766104779993669,2.766104779993669,0.0,2.766104779993669,2.766104779993669,0.0,2.766104779993669,general_only,CC(CCC1CCCCC1)C1CCCCC1,O=C(/C=C/c1ccccc1)c1ccccc1,outside_MR_TADF,outside_CzBN_domain,outside_CzBN_domain
E00_133_00655,CN(C)c1ccc(/C=C/C(=O)c2ccccc2)cc1,PDKPRWFMRVBCOB-JLHYYAGUSA-N,,https://doi.org/10.1016/j.optmat.2017.12.034,toluene,1,2.8462425322293257,2.8462425322293257,0.0,2.8462425322293257,2.8462425322293257,0.0,2.8462425322293257,general_only,CC(CCC1CCCCC1)C1CCCCC1,O=C(/C=C/c1ccccc1)c1ccccc1,outside_MR_TADF,outside_CzBN_domain,outside_CzBN_domain
E00_133_00656,CN(C)c1ccc(/C=C/C=C/C=C/c2ccc(N(C)C)cc2)cc1,JGQHLETVKDCCET-NRIIQWGUSA-N,,http://dx.doi.org/10.1016/j.jlumin.2017.03.042,toluene,1,2.803861788617886,2.803861788617886,0.0,2.803861788617886,2.803861788617886,0.0,2.803861788617886,general_only,C1CCC(CCCCCCC2CCCCC2)CC1,C(=C/C=C/c1ccccc1)\C=C\c1ccccc1,outside_MR_TADF,outside_CzBN_domain,outside_CzBN_domain
E00_133_00657,CN(C)c1ccc(/C=C/C=C/c2ccc([N+](=O)[O-])c(O)c2)cc1,HGIXKEDNOZCJOB-GGWOSOGESA-N,,https://doi.org/10.1016/j.jphotochem.2014.02.013,toluene,1,2.357155269942937,2.357155269942937,0.0,2.357155269942937,2.357155269942937,0.0,2.357155269942937,general_only,C1CCC(CCCCC2CCCCC2)CC1,C(/C=C/c1ccccc1)=C\c1ccccc1,outside_MR_TADF,outside_CzBN_domain,outside_CzBN_domain
E00_133_00658,CN(C)c1ccc(/C=C/C=C/c2nc3ccccc3o2)cc1,IDYSPHBFDTWUEF-ASVGJQBISA-N,,https://doi.org/10.1016/j.jphotochem.2005.05.029,toluene,1,2.7512106537530263,2.7512106537530263,0.0,2.7512106537530263,2.7512106537530263,0.0,2.7512106537530263,general_only,C1CCC(CCCCC2CC3CCCCC3C2)CC1,C(/C=C/c1nc2ccccc2o1)=C\c1ccccc1,outside_MR_TADF,outside_CzBN_domain,outside_CzBN_domain
E00_133_00659,CN(C)c1ccc(/C=C/C=C/c2nc3ccccc3s2)cc1,PXQMKXMYODRGKG-ASVGJQBISA-N,,https://doi.org/10.1016/j.jphotochem.2005.05.029,toluene,1,2.719713603818616,2.719713603818616,0.0,2.719713603818616,2.719713603818616,0.0,2.719713603818616,general_only,C1CCC(CCCCC2CC3CCCCC3C2)CC1,C(/C=C/c1nc2ccccc2s1)=C\c1ccccc1,outside_MR_TADF,outside_CzBN_domain,outside_CzBN_domain
E00_133_00660,CN(C)c1ccc(/C=C/C=C2\CC/C(=C\C=C\c3ccc(N(C)C)cc3)C2=O)cc1,ZKNDBSKUZOPJKN-DUDSNFHQSA-N,,http://dx.doi.org/10.1016/j.molstruc.2016.02.009,toluene,1,2.3736825762142217,2.3736825762142217,0.0,2.3736825762142217,2.3736825762142217,0.0,2.3736825762142217,general_only,CC1C(CCCC2CCCCC2)CCC1CCCC1CCCCC1,O=C1/C(=C/C=C/c2ccccc2)CC/C1=C\C=C\c1ccccc1,outside_MR_TADF,outside_CzBN_domain,outside_CzBN_domain
E00_133_00661,CN(C)c1ccc(/C=C/C=C2\CC/C(=C\c3ccc(N(C)C)cc3)C2=O)cc1,OTGVXRVHGUPHPA-VZWKZASRSA-N,,http://dx.doi.org/10.1016/j.molstruc.2016.02.009,toluene,1,2.4750744786494536,2.4750744786494536,0.0,2.4750744786494536,2.4750744786494536,0.0,2.4750744786494536,general_only,CC1C(CCCC2CCCCC2)CCC1CC1CCCCC1,O=C1/C(=C/C=C/c2ccccc2)CC/C1=C\c1ccccc1,outside_MR_TADF,outside_CzBN_domain,outside_CzBN_domain
E00_133_00662,CN(C)c1ccc(/C=C/C=C2\CCCC2=O)cc1,DNSNGACRVGJPEF-YLTNESKFSA-N,,http://dx.doi.org/10.1016/j.molstruc.2016.02.009,toluene,1,2.7411888632256445,2.7411888632256445,0.0,2.7411888632256445,2.7411888632256445,0.0,2.7411888632256445,general_only,CC1CCCC1CCCC1CCCCC1,O=C1CCC/C1=C\C=C\c1ccccc1,outside_MR_TADF,outside_CzBN_domain,outside_CzBN_domain
E00_133_00663,CN(C)c1ccc(/C=C/c2cc(/C=C/c3ccc(N(C)C)cc3)nc(N)n2)cc1,CRGCELXXIMWYAR-YDWXAUTNSA-N,,https://doi.org/10.1016/j.tetlet.2007.06.122,toluene,1,2.828056644067094,2.828056644067094,0.0,2.828056644067094,2.828056644067094,0.0,2.828056644067094,general_only,C1CCC(CCC2CCCC(CCC3CCCCC3)C2)CC1,C(=C/c1cc(/C=C/c2ccccc2)ncn1)\c1ccccc1,outside_MR_TADF,outside_CzBN_domain,outside_CzBN_domain
E00_133_00664,CN(C)c1ccc(/C=C/c2ccc(-c3ccc(/C=C/c4ccc(N(C)C)cc4)s3)s2)cc1,XVVJGTOJVXWBNM-KAVGSWPWSA-N,,doi:10.1016/j.optmat.2004.02.022,toluene,1,2.5439273325616956,2.5439273325616956,0.0,2.5439273325616956,2.5439273325616956,0.0,2.5439273325616956,general_only,C1CCC(CCC2CCC(C3CCC(CCC4CCCCC4)C3)C2)CC1,C(=C/c1ccc(-c2ccc(/C=C/c3ccccc3)s2)s1)\c1ccccc1,outside_MR_TADF,outside_CzBN_domain,outside_CzBN_domain
E00_133_00665,CN(C)c1ccc(/C=C/c2ccc([N+](=O)[O-])c(O)c2)cc1,XYRLDXBADGCQFI-ONEGZZNKSA-N,,https://doi.org/10.1016/j.jphotochem.2014.02.013,toluene,1,2.3667847304210943,2.3667847304210943,0.0,2.3667847304210943,2.3667847304210943,0.0,2.3667847304210943,general_only,C1CCC(CCC2CCCCC2)CC1,C(=C/c1ccccc1)\c1ccccc1,outside_MR_TADF,outside_CzBN_domain,outside_CzBN_domain
E00_133_00666,CN(C)c1ccc(/C=C/c2nc3c4ccccc4c4ccccc4c3[nH]2)cc1,BMUTVNQMFDYZNG-DTQAZKPQSA-N,,http://dx.doi.org/10.1016/j.dyepig.2016.08.046,toluene,2,2.9996264911174917,2.9996264911174917,0.0,2.9996264911174917,2.9996264911174917,0.0,2.9996264911174917,general_only,C1CCC(CCC2CC3C4CCCCC4C4CCCCC4C3C2)CC1,C(=C/c1nc2c3ccccc3c3ccccc3c2[nH]1)\c1ccccc1,outside_MR_TADF,outside_CzBN_domain,outside_CzBN_domain
E00_133_00667,CN(C)c1ccc(/C=C/c2nc3ccc(N(C)C)cc3oc2=O)cc1,UQOWVHSWJLLEGB-YRNVUSSQSA-N,,https://doi.org/10.1021/j100181a035,toluene,1,2.3705084123896345,2.3705084123896345,0.0,2.3705084123896345,2.3705084123896345,0.0,2.3705084123896345,general_only,CC1CC2CCCCC2CC1CCC1CCCCC1,O=c1oc2ccccc2nc1/C=C/c1ccccc1,outside_MR_TADF,outside_CzBN_domain,outside_CzBN_domain
E00_133_00668,CN(C)c1ccc(/C=C2\CC/C(=C\c3ccc(C#N)cc3)C2=O)cc1,UAMSIHFQKDQIGB-IWGRKNQJSA-N,,doi:10.1016/j.molstruc.2010.08.016,toluene,1,2.473748473748474,2.473748473748474,0.0,2.473748473748474,2.473748473748474,0.0,2.473748473748474,general_only,CC1C(CC2CCCCC2)CCC1CC1CCCCC1,O=C1/C(=C/c2ccccc2)CC/C1=C\c1ccccc1,outside_MR_TADF,outside_CzBN_domain,outside_CzBN_domain
E00_133_00669,CN(C)c1ccc(/C=C2\CC/C(=C\c3ccc(N(C)C)cc3)C2=O)cc1,GPXHIYXWGUYGHF-MXWIWYRXSA-N,,http://dx.doi.org/10.1016/j.molstruc.2016.02.009,toluene,1,2.6579884698711123,2.6579884698711123,0.0,2.6579884698711123,2.6579884698711123,0.0,2.6579884698711123,general_only,CC1C(CC2CCCCC2)CCC1CC1CCCCC1,O=C1/C(=C/c2ccccc2)CC/C1=C\c1ccccc1,outside_MR_TADF,outside_CzBN_domain,outside_CzBN_domain
E00_133_00670,CN(C)c1ccc(/C=C2\CCCC2=O)cc1,BTSXEIQFVFMZLH-ZRDIBKRKSA-N,,http://dx.doi.org/10.1016/j.molstruc.2016.02.009,toluene,1,3.1244625423643075,3.1244625423643075,0.0,3.1244625423643075,3.1244625423643075,0.0,3.1244625423643075,general_only,CC1CCCC1CC1CCCCC1,O=C1CCC/C1=C\c1ccccc1,outside_MR_TADF,outside_CzBN_domain,outside_CzBN_domain
E00_133_00671,CN(C)c1ccc(C#Cc2cc3ccc4cc(C#Cc5ccc(N(C)C)cc5)cc5ccc(c2)c3c45)cc1,PRRBAYRFEQGCOV-UHFFFAOYSA-N,,http://dx.doi.org/10.1021/ja2006862,toluene,1,2.894702434134542,2.894702434134542,0.0,2.894702434134542,2.894702434134542,0.0,2.894702434134542,general_only,C1CCC(CCC2CC3CCC4CC(CCC5CCCCC5)CC5CCC(C2)C3C45)CC1,C(#Cc1cc2ccc3cc(C#Cc4ccccc4)cc4ccc(c1)c2c34)c1ccccc1,outside_MR_TADF,outside_CzBN_domain,outside_CzBN_domain
E00_133_00672,CN(C)c1ccc(C#Cc2ccc(C#N)cc2)cc1,PKGAADLJOBZPQS-UHFFFAOYSA-N,,https://doi.org/10.1016/j.jphotochem.2016.03.023,toluene,1,3.1148179999050383,3.1148179999050383,0.0,3.1148179999050383,3.1148179999050383,0.0,3.1148179999050383,general_only,C1CCC(CCC2CCCCC2)CC1,C(#Cc1ccccc1)c1ccccc1,outside_MR_TADF,outside_CzBN_domain,outside_CzBN_domain
E00_133_00673,CN(C)c1ccc(C#Cc2ccc(C=O)cc2)cc1,RHTGMMIAGFFLNR-UHFFFAOYSA-N,,https://doi.org/10.1016/j.jphotochem.2016.03.023,toluene,1,2.962793999890143,2.962793999890143,0.0,2.962793999890143,2.962793999890143,0.0,2.962793999890143,general_only,C1CCC(CCC2CCCCC2)CC1,C(#Cc1ccccc1)c1ccccc1,outside_MR_TADF,outside_CzBN_domain,outside_CzBN_domain
E00_133_00674,CN(C)c1ccc(C#Cc2ccc3ccc4c(C#Cc5ccc(N(C)C)cc5)ccc5ccc2c3c54)cc1,JLNVVTDPHISNHF-UHFFFAOYSA-N,,10.1021/jo900588e,toluene,1,2.7136569008809595,2.7136569008809595,0.0,2.7136569008809595,2.7136569008809595,0.0,2.7136569008809595,general_only,C1CCC(CCC2CCC3CCC4C(CCC5CCCCC5)CCC5CCC2C3C54)CC1,C(#Cc1ccc2ccc3c(C#Cc4ccccc4)ccc4ccc1c2c43)c1ccccc1,outside_MR_TADF,outside_CzBN_domain,outside_CzBN_domain
E00_133_00675,CN(C)c1ccc(C#Cc2ccc3ccc4ccc(C#Cc5ccc(N(C)C)cc5)c5ccc2c3c45)cc1,PTZLASPKBRKGSB-UHFFFAOYSA-N,,10.1021/jo900588e,toluene,1,2.731528499163354,2.731528499163354,0.0,2.731528499163354,2.731528499163354,0.0,2.731528499163354,general_only,C1CCC(CCC2CCC3CCC4CCC(CCC5CCCCC5)C5CCC2C3C45)CC1,C(#Cc1ccc2ccc3ccc(C#Cc4ccccc4)c4ccc1c2c34)c1ccccc1,outside_MR_TADF,outside_CzBN_domain,outside_CzBN_domain
E00_133_00676,CN(C)c1ccc(C#Cc2ccccc2)cc1,WBLCYYFORJVCJV-UHFFFAOYSA-N,,https://doi.org/10.1016/j.jphotochem.2016.03.023,toluene,1,3.5940779999139405,3.5940779999139405,0.0,3.5940779999139405,3.5940779999139405,0.0,3.5940779999139405,general_only,C1CCC(CCC2CCCCC2)CC1,C(#Cc1ccccc1)c1ccccc1,outside_MR_TADF,outside_CzBN_domain,outside_CzBN_domain
E00_133_00677,CN(C)c1ccc(C2=CC(c3ccccc3)=[N+]3C2=Nc2c(-c4ccc(N(C)C)cc4)cc(-c4ccccc4)n2[B-]3(F)F)cc1,ILJVFPHGSJLIGG-UHFFFAOYSA-N,,DOI: 10.1039/c4cs00030g,toluene,1,1.5668398210419237,1.5668398210419237,0.0,1.5668398210419237,1.5668398210419237,0.0,1.5668398210419237,general_only,C1CCC(C2CC(C3CCCCC3)C3CC4C(C5CCCCC5)CC(C5CCCCC5)C4CC23)CC1,[BH2-]1n2c(-c3ccccc3)cc(-c3ccccc3)c2N=C2C(c3ccccc3)=CC(c3ccccc3)=[N+]12,outside_MR_TADF,outside_CzBN_domain,outside_CzBN_domain
E00_133_00678,CN(C)c1ccc(C2=Cc3cc(Cl)nc[n+]3[B-](F)(F)O2)cc1,NYSUOXQVJUQPMW-UHFFFAOYSA-N,,DOI: 10.1021/jo400879g,toluene,1,2.6237141503784933,2.6237141503784933,0.0,2.6237141503784933,2.6237141503784933,0.0,2.6237141503784933,general_only,C1CCC(C2CCC3CCCCC3C2)CC1,[BH2-]1OC(c2ccccc2)=Cc2ccnc[n+]21,outside_MR_TADF,outside_CzBN_domain,outside_CzBN_domain
E00_133_00679,CN(C)c1ccc(C2=Nc3sc4c(F)c(F)c(F)c(F)c4[n+]3[B-](F)(F)O2)cc1,OORNYXFNANPWSS-UHFFFAOYSA-N,,DOI: 10.1021/acs.joc.8b02098,toluene,1,2.7747219777582206,2.7747219777582206,0.0,2.7747219777582206,2.7747219777582206,0.0,2.7747219777582206,general_only,C1CCC(C2CCC3C(C2)CC2CCCCC23)CC1,[BH2-]1OC(c2ccccc2)=Nc2sc3ccccc3[n+]21,outside_MR_TADF,outside_CzBN_domain,outside_CzBN_domain
E00_133_00680,CN(C)c1ccc(C2=Nc3sc4cc(C(F)(F)F)ccc4[n+]3[B-](F)(F)O2)cc1,FBFWZRDARBMJIZ-UHFFFAOYSA-N,,DOI: 10.1021/acs.joc.8b02098,toluene,1,2.796424217797643,2.796424217797643,0.0,2.796424217797643,2.796424217797643,0.0,2.796424217797643,general_only,C1CCC(C2CCC3C(C2)CC2CCCCC23)CC1,[BH2-]1OC(c2ccccc2)=Nc2sc3ccccc3[n+]21,outside_MR_TADF,outside_CzBN_domain,outside_CzBN_domain
E00_133_00681,CN(C)c1ccc(C2=Nc3sc4cc(Cl)ccc4[n+]3[B-](F)(F)O2)cc1,ABACVCPXIKKPIQ-UHFFFAOYSA-N,,DOI: 10.1021/acs.joc.8b02098,toluene,1,2.811639755125519,2.811639755125519,0.0,2.811639755125519,2.811639755125519,0.0,2.811639755125519,general_only,C1CCC(C2CCC3C(C2)CC2CCCCC23)CC1,[BH2-]1OC(c2ccccc2)=Nc2sc3ccccc3[n+]21,outside_MR_TADF,outside_CzBN_domain,outside_CzBN_domain
E00_133_00682,CN(C)c1ccc(C2=Nc3sc4cc(F)ccc4[n+]3[B-](F)(F)O2)cc1,CNNCPJFMCPNQGV-UHFFFAOYSA-N,,DOI: 10.1021/acs.joc.8b02098,toluene,1,2.837402456118329,2.837402456118329,0.0,2.837402456118329,2.837402456118329,0.0,2.837402456118329,general_only,C1CCC(C2CCC3C(C2)CC2CCCCC23)CC1,[BH2-]1OC(c2ccccc2)=Nc2sc3ccccc3[n+]21,outside_MR_TADF,outside_CzBN_domain,outside_CzBN_domain
E00_133_00683,CN(C)c1ccc(C2=Nc3sc4ccccc4[n+]3[B-](F)(F)O2)cc1,AHCWNCZWBSFVDL-UHFFFAOYSA-N,,DOI: 10.1021/acs.joc.8b02098,toluene,1,2.8504618632884666,2.8504618632884666,0.0,2.8504618632884666,2.8504618632884666,0.0,2.8504618632884666,general_only,C1CCC(C2CCC3C(C2)CC2CCCCC23)CC1,[BH2-]1OC(c2ccccc2)=Nc2sc3ccccc3[n+]21,outside_MR_TADF,outside_CzBN_domain,outside_CzBN_domain
E00_133_00684,CN(C)c1ccc(C2=Nc3scc(-c4ccc(C#N)cc4)[n+]3[B-](F)(F)O2)cc1,JUZIUSXIYUDJTN-UHFFFAOYSA-N,,DOI: 10.1021/acs.joc.7b02239,toluene,1,2.8815131124913735,2.8815131124913735,0.0,2.8815131124913735,2.8815131124913735,0.0,2.8815131124913735,general_only,C1CCC(C2CCC3C(CCC3C3CCCCC3)C2)CC1,[BH2-]1OC(c2ccccc2)=Nc2scc(-c3ccccc3)[n+]21,outside_MR_TADF,outside_CzBN_domain,outside_CzBN_domain
E00_133_00685,CN(C)c1ccc(C2=Nc3scc(-c4ccc(N(C)C)cc4)[n+]3[B-](F)(F)O2)cc1,JGXFUAQCDGPRDK-UHFFFAOYSA-N,,DOI: 10.1021/acs.joc.7b02239,toluene,1,2.727775394442061,2.727775394442061,0.0,2.727775394442061,2.727775394442061,0.0,2.727775394442061,general_only,C1CCC(C2CCC3C(CCC3C3CCCCC3)C2)CC1,[BH2-]1OC(c2ccccc2)=Nc2scc(-c3ccccc3)[n+]21,outside_MR_TADF,outside_CzBN_domain,outside_CzBN_domain
E00_133_00686,CN(C)c1ccc(C2=Nc3scc(-c4ccc([N+](=O)[O-])cc4)[n+]3[B-](F)(F)O2)cc1,ZOLZATCGWZPBOD-UHFFFAOYSA-N,,DOI: 10.1021/acs.joc.7b02239,toluene,1,2.8810005121155764,2.8810005121155764,0.0,2.8810005121155764,2.8810005121155764,0.0,2.8810005121155764,general_only,C1CCC(C2CCC3C(CCC3C3CCCCC3)C2)CC1,[BH2-]1OC(c2ccccc2)=Nc2scc(-c3ccccc3)[n+]21,outside_MR_TADF,outside_CzBN_domain,outside_CzBN_domain
E00_133_00687,CN(C)c1ccc(C2=Nc3scc(-c4ccccc4)[n+]3[B-](F)(F)O2)cc1,NLGDMIUPFMWNSK-UHFFFAOYSA-N,,DOI: 10.1021/acs.joc.7b02239,toluene,1,2.9122888169342938,2.9122888169342938,0.0,2.9122888169342938,2.9122888169342938,0.0,2.9122888169342938,general_only,C1CCC(C2CCC3C(CCC3C3CCCCC3)C2)CC1,[BH2-]1OC(c2ccccc2)=Nc2scc(-c3ccccc3)[n+]21,outside_MR_TADF,outside_CzBN_domain,outside_CzBN_domain
E00_133_00688,CN(C)c1ccc(C2=Nc3scc[n+]3[B-](F)(F)O2)cc1,CVYIAIAHLASSRK-UHFFFAOYSA-N,,DOI: 10.1021/acs.joc.7b02239,toluene,1,2.943164880902162,2.943164880902162,0.0,2.943164880902162,2.943164880902162,0.0,2.943164880902162,general_only,C1CCC(C2CCC3CCCC3C2)CC1,[BH2-]1OC(c2ccccc2)=Nc2scc[n+]21,outside_MR_TADF,outside_CzBN_domain,outside_CzBN_domain
E00_133_00689,CN(C)c1ccc(C2=[N+]3C(=Nc4c(-c5ccc(O)cc5)cc(-c5ccc(N(C)C)cc5)n4[B-]3(F)F)C(c3ccc(O)cc3)=C2)cc1,VOOQLQJMYRLSJG-UHFFFAOYSA-N,,https://doi.org/10.1016/j.ejmech.2017.04.051,toluene,1,1.5595227931713764,1.5595227931713764,0.0,1.5595227931713764,1.5595227931713764,0.0,1.5595227931713764,general_only,C1CCC(C2CC(C3CCCCC3)C3CC4C(C5CCCCC5)CC(C5CCCCC5)C4CC23)CC1,[BH2-]1n2c(-c3ccccc3)cc(-c3ccccc3)c2N=C2C(c3ccccc3)=CC(c3ccccc3)=[N+]12,outside_MR_TADF,outside_CzBN_domain,outside_CzBN_domain
E00_133_00690,CN(C)c1ccc(C=C2Cc3ccccc3C2=O)cc1,YCKZAOPKIOWTEH-UHFFFAOYSA-N,,https://doi.org/10.1016/1010-6030(94)03921-G,toluene,1,2.8361389414234877,2.8361389414234877,0.0,2.8361389414234877,2.8361389414234877,0.0,2.8361389414234877,general_only,CC1C(CC2CCCCC2)CC2CCCCC21,O=C1C(=Cc2ccccc2)Cc2ccccc21,outside_MR_TADF,outside_CzBN_domain,outside_CzBN_domain
E00_133_00691,CN(C)c1ccc(C=CC(=O)c2ccccc2)cc1,PDKPRWFMRVBCOB-UHFFFAOYSA-N,,https://doi.org/10.1016/1010-6030(94)03921-G,toluene,1,2.9023944672799633,2.9023944672799633,0.0,2.9023944672799633,2.9023944672799633,0.0,2.9023944672799633,general_only,CC(CCC1CCCCC1)C1CCCCC1,O=C(C=Cc1ccccc1)c1ccccc1,outside_MR_TADF,outside_CzBN_domain,outside_CzBN_domain
E00_133_00692,CN(C)c1ccc2c(c1)COc1c-2oc2ccccc2c1=O,SJWDWVGMHFHCGP-UHFFFAOYSA-N,,https://doi.org/10.1016/1010-6030(94)03921-G,toluene,1,3.016285301999588,3.016285301999588,0.0,3.016285301999588,3.016285301999588,0.0,3.016285301999588,general_only,CC1C2CCCCC2CC2C3CCCCC3CCC12,O=c1c2c(oc3ccccc13)-c1ccccc1CO2,outside_MR_TADF,outside_CzBN_domain,outside_CzBN_domain
E00_133_00693,CN(C)c1ccc2c3c(ccc2c1)C(=O)CCC3,SPSARVVKICZJPE-UHFFFAOYSA-N,,https://doi.org/10.1016/j.jphotochem.2012.04.011,toluene,1,3.243184489235807,3.243184489235807,0.0,3.243184489235807,3.243184489235807,0.0,3.243184489235807,general_only,CC1CCCC2C1CCC1CCCCC12,O=C1CCCc2c1ccc1ccccc21,outside_MR_TADF,outside_CzBN_domain,outside_CzBN_domain
E00_133_00694,CN(C)c1ccc2c3c(ccc2c1)CCCC3=O,HXOMGQRBZCLQIL-UHFFFAOYSA-N,,https://doi.org/10.1016/j.jphotochem.2012.04.011,toluene,1,2.8355326681686517,2.8355326681686517,0.0,2.8355326681686517,2.8355326681686517,0.0,2.8355326681686517,general_only,CC1CCCC2CCC3CCCCC3C12,O=C1CCCc2ccc3ccccc3c21,outside_MR_TADF,outside_CzBN_domain,outside_CzBN_domain
E00_133_00695,CN(C)c1ccc2cc(C3=[O+][B-](F)(F)OC(c4ccc(C#N)cc4)=C3)ccc2c1,AVCPUBRVINEXSV-UHFFFAOYSA-N,,https://doi.org/10.1016/j.cclet.2019.04.058,toluene,1,2.2598971058538426,2.2598971058538426,0.0,2.2598971058538426,2.2598971058538426,0.0,2.2598971058538426,general_only,C1CCC(C2CCCC(C3CCC4CCCCC4C3)C2)CC1,[BH2-]1OC(c2ccccc2)=CC(c2ccc3ccccc3c2)=[O+]1,outside_MR_TADF,outside_CzBN_domain,outside_CzBN_domain
E00_133_00696,CN(C)c1ccc2cc(C3=[O+][B-](F)(F)OC(c4ccccc4)=C3)ccc2c1,BEFNKEKBFTWWOM-UHFFFAOYSA-N,,https://doi.org/10.1016/j.cclet.2019.04.058,toluene,1,2.3499180933414703,2.3499180933414703,0.0,2.3499180933414703,2.3499180933414703,0.0,2.3499180933414703,general_only,C1CCC(C2CCCC(C3CCC4CCCCC4C3)C2)CC1,[BH2-]1OC(c2ccccc2)=CC(c2ccc3ccccc3c2)=[O+]1,outside_MR_TADF,outside_CzBN_domain,outside_CzBN_domain
E00_133_00697,CN(C)c1ccc2cc3c(cc2c1)OCCN=C3,SQODHWLCOGSIBQ-UHFFFAOYSA-N,,DOI: 10.1021/acs.orglett.9b00784,toluene,1,3.2404547768538943,3.2404547768538943,0.0,3.2404547768538943,3.2404547768538943,0.0,3.2404547768538943,general_only,C1CCC2CC3CCCCC3CC2CC1,C1=NCCOc2cc3ccccc3cc21,outside_MR_TADF,outside_CzBN_domain,outside_CzBN_domain
E00_133_00698,CN(C)c1ccc2nc(/C=C/c3cc4c5c(c3)CCCN5CCC4)c(=O)oc2c1,SLSOSGMMBVYCHL-VQHVLOKHSA-N,,https://doi.org/10.1021/j100181a035,toluene,1,2.2667768638931483,2.2667768638931483,0.0,2.2667768638931483,2.2667768638931483,0.0,2.2667768638931483,general_only,CC1CC2CCCCC2CC1CCC1CC2CCCC3CCCC(C1)C32,O=c1oc2ccccc2nc1/C=C/c1cc2c3c(c1)CCCN3CCC2,outside_MR_TADF,outside_CzBN_domain,outside_CzBN_domain
E00_133_00699,CN(C)c1ccc2nc(/C=C/c3ccccc3)c(=O)oc2c1,MISMMJSDIHQYSW-CSKARUKUSA-N,,https://doi.org/10.1021/j100181a035,toluene,1,2.5347611607096416,2.5347611607096416,0.0,2.5347611607096416,2.5347611607096416,0.0,2.5347611607096416,general_only,CC1CC2CCCCC2CC1CCC1CCCCC1,O=c1oc2ccccc2nc1/C=C/c1ccccc1,outside_MR_TADF,outside_CzBN_domain,outside_CzBN_domain
E00_133_00700,CN(CC(O)c1cccc(O)c1)c1ccc([N+](=O)[O-])c(C2CC(c3cccc4ccccc34)=NN2c2ccccc2)c1,BMXMBYJDYDPKBT-UHFFFAOYSA-N,,http://dx.doi.org/10.1016/j.saa.2014.09.080,toluene,1,2.7450694505195425,2.7450694505195425,0.0,2.7450694505195425,2.7450694505195425,0.0,2.7450694505195425,general_only,C1CCC(CCCC2CCCC(C3CC(C4CCCC5CCCCC54)CC3C3CCCCC3)C2)CC1,c1ccc(CCNc2cccc(C3CC(c4cccc5ccccc45)=NN3c3ccccc3)c2)cc1,outside_MR_TADF,outside_CzBN_domain,outside_CzBN_domain
E00_133_00701,CN(CCO)c1ccc(/C=C/C2=C(C#N)C(C(C#N)C#N)OC2(C)C)cc1,TXBPNOIRDBCQJT-RMKNXTFCSA-N,,https://doi.org/10.1016/j.tetlet.2018.06.064,toluene,1,2.1129748339457732,2.1129748339457732,0.0,2.1129748339457732,2.1129748339457732,0.0,2.1129748339457732,general_only,C1CCC(CCC2CCCC2)CC1,C1=C(/C=C/c2ccccc2)COC1,outside_MR_TADF,outside_CzBN_domain,outside_CzBN_domain
E00_133_00702,CN(c1ccccc1)c1ccc(/C=C2\C(=O)c3ccccc3S2(=O)=O)cc1,FMRHVJZSFOMFRE-RCCKNPSSSA-N,,https://doi.org/10.1016/j.saa.2018.05.101,toluene,1,2.389948210922787,2.389948210922787,0.0,2.389948210922787,2.389948210922787,0.0,2.389948210922787,general_only,CC1C2CCCCC2C(C)(C)C1CC1CCC(CC2CCCCC2)CC1,O=C1/C(=C\c2ccc(Nc3ccccc3)cc2)S(=O)(=O)c2ccccc21,outside_MR_TADF,outside_CzBN_domain,outside_CzBN_domain
E00_133_00703,CN1CCN(c2ccc3c4c(cccc24)C(=O)c2ccccc2-3)CC1,SCAQXWAGKPYMNC-UHFFFAOYSA-N,,https://doi.org/10.1039/C7PP00392G,toluene,1,2.486656618705207,2.486656618705207,0.0,2.486656618705207,2.486656618705207,0.0,2.486656618705207,general_only,CC1C2CCCCC2C2CCC(C3CCCCC3)C3CCCC1C32,O=C1c2ccccc2-c2ccc(N3CCNCC3)c3cccc1c23,outside_MR_TADF,outside_CzBN_domain,outside_CzBN_domain
E00_133_00704,CN1c2ccc(C(=O)c3ccccc3)cc2Sc2cc(C(=O)c3ccccc3)ccc21,OOMMAHRBPBGHMR-UHFFFAOYSA-N,,https://doi.org/10.1016/j.jphotochem.2018.05.012,toluene,1,2.7095714218654647,2.7095714218654647,0.0,2.7095714218654647,2.7095714218654647,0.0,2.7095714218654647,general_only,CC(C1CCCCC1)C1CCC2CC3CCC(C(C)C4CCCCC4)CC3CC2C1,O=C(c1ccccc1)c1ccc2c(c1)Sc1cc(C(=O)c3ccccc3)ccc1N2,outside_MR_TADF,outside_CzBN_domain,outside_CzBN_domain
E00_133_00705,CN1c2ccccc2C(O)(c2ccccc2)c2cc([N+](=O)[O-])ccc21,YMHSLRMRYKSGLI-UHFFFAOYSA-N,,10.1039/C9NJ05404A,toluene,1,2.9149495561436867,2.9149495561436867,0.0,2.9149495561436867,2.9149495561436867,0.0,2.9149495561436867,general_only,C1CCC(C2C3CCCCC3CC3CCCCC32)CC1,c1ccc(C2c3ccccc3Nc3ccccc32)cc1,outside_MR_TADF,outside_CzBN_domain,outside_CzBN_domain
E00_133_00706,COC(=O)/C(C#N)=c1/cc/c(=c2/cc/c(=C(\C#N)C(=O)OC)s2)s1,NGAVQORREDDJOH-JICGOFQRSA-N,,DOI: 10.1021/jacs.5b03899,toluene,1,2.158886703978218,2.158886703978218,0.0,2.158886703978218,2.158886703978218,0.0,2.158886703978218,general_only,CC1CCC(C2CCC(C)C2)C1,C=c1cc/c(=c2/ccc(=C)s2)s1,outside_MR_TADF,outside_CzBN_domain,outside_CzBN_domain
E00_133_00707,COC(=O)/C(C#N)=c1\s/c(=c2/s/c(=C(/C#N)C(=O)OC)c3cc(-c4ccc(C(F)(F)F)cc4)sc23)c2sc(-c3ccc(C(F)(F)F)cc3)cc12,HWJMUVRPKLNHKH-IHGYEATLSA-N,,DOI: 10.1021/jacs.5b03899,toluene,1,2.0322684563758386,2.0322684563758386,0.0,2.0322684563758386,2.0322684563758386,0.0,2.0322684563758386,general_only,CC1CC(C2CC(C)C3CC(C4CCCCC4)CC32)C2CC(C3CCCCC3)CC21,C=c1s/c(=c2/sc(=C)c3cc(-c4ccccc4)sc23)c2sc(-c3ccccc3)cc12,outside_MR_TADF,outside_CzBN_domain,outside_CzBN_domain
E00_133_00708,COC(=O)/C(C#N)=c1\s/c(=c2/s/c(=C(/C#N)C(=O)OC)c3cc(-c4ccc(C)cc4)sc23)c2sc(-c3ccc(C)cc3)cc12,YKSJDAXIHGJJQH-MAADYXFPSA-N,,DOI: 10.1021/jacs.5b03899,toluene,1,1.9639921408236094,1.9639921408236094,0.0,1.9639921408236094,1.9639921408236094,0.0,1.9639921408236094,general_only,CC1CC(C2CC(C)C3CC(C4CCCCC4)CC32)C2CC(C3CCCCC3)CC21,C=c1s/c(=c2/sc(=C)c3cc(-c4ccccc4)sc23)c2sc(-c3ccccc3)cc12,outside_MR_TADF,outside_CzBN_domain,outside_CzBN_domain
E00_133_00709,COC(=O)/C(C#N)=c1\s/c(=c2/s/c(=C(/C#N)C(=O)OC)c3cc(-c4ccc(F)cc4)sc23)c2sc(-c3ccc(F)cc3)cc12,DIOPXCLFTHIRFT-IHGYEATLSA-N,,DOI: 10.1021/jacs.5b03899,toluene,1,1.9986503322259137,1.9986503322259137,0.0,1.9986503322259137,1.9986503322259137,0.0,1.9986503322259137,general_only,CC1CC(C2CC(C)C3CC(C4CCCCC4)CC32)C2CC(C3CCCCC3)CC21,C=c1s/c(=c2/sc(=C)c3cc(-c4ccccc4)sc23)c2sc(-c3ccccc3)cc12,outside_MR_TADF,outside_CzBN_domain,outside_CzBN_domain
E00_133_00710,COC(=O)/C(C#N)=c1\s/c(=c2/s/c(=C(/C#N)C(=O)OC)c3cc(-c4ccc(OC)cc4)sc23)c2sc(-c3ccc(OC)cc3)cc12,JUSMAZOOQGTTJJ-MAADYXFPSA-N,,DOI: 10.1021/jacs.5b03899,toluene,1,1.899025852379168,1.899025852379168,0.0,1.899025852379168,1.899025852379168,0.0,1.899025852379168,general_only,CC1CC(C2CC(C)C3CC(C4CCCCC4)CC32)C2CC(C3CCCCC3)CC21,C=c1s/c(=c2/sc(=C)c3cc(-c4ccccc4)sc23)c2sc(-c3ccccc3)cc12,outside_MR_TADF,outside_CzBN_domain,outside_CzBN_domain
E00_133_00711,COC(=O)/C(C#N)=c1\s/c(=c2/s/c(=C(/C#N)C(=O)OC)c3cc(-c4ccc5c(c4)C(C)(C)c4ccccc4-5)sc23)c2sc(-c3ccc4c(c3)C(C)(C)c3ccccc3-4)cc12,RUBOXXMJNGUZGO-XZJOZNKJSA-N,,DOI: 10.1021/jacs.5b03899,toluene,1,1.8932178932178931,1.8932178932178931,0.0,1.8932178932178931,1.8932178932178931,0.0,1.8932178932178931,general_only,CC1CC(C2CC(C)C3CC(C4CCC5C(C4)CC4CCCCC45)CC32)C2CC(C3CCC4C(C3)CC3CCCCC34)CC21,C=c1s/c(=c2/sc(=C)c3cc(-c4ccc5c(c4)Cc4ccccc4-5)sc23)c2sc(-c3ccc4c(c3)Cc3ccccc3-4)cc12,outside_MR_TADF,outside_CzBN_domain,outside_CzBN_domain
E00_133_00712,COC(=O)/C(C#N)=c1\s/c(=c2/s/c(=C(/C#N)C(=O)OC)c3cc(-c4ccccc4)sc23)c2sc(-c3ccccc3)cc12,RKPVHHNVZXIFBU-IHGYEATLSA-N,,DOI: 10.1021/jacs.5b03899,toluene,1,1.993543388429752,1.993543388429752,0.0,1.993543388429752,1.993543388429752,0.0,1.993543388429752,general_only,CC1CC(C2CC(C)C3CC(C4CCCCC4)CC32)C2CC(C3CCCCC3)CC21,C=c1s/c(=c2/sc(=C)c3cc(-c4ccccc4)sc23)c2sc(-c3ccccc3)cc12,outside_MR_TADF,outside_CzBN_domain,outside_CzBN_domain
E00_133_00713,COC(=O)/C=C/c1ccc2ccc3cccc4ccc1c2c34,JRTQBXFCJAOIGN-ZRDIBKRKSA-N,,https://doi.org/10.1016/S0009-2614(97)00394-1,toluene,1,3.121261761150407,3.121261761150407,0.0,3.121261761150407,3.121261761150407,0.0,3.121261761150407,general_only,C1CC2CCC3CCCC4CCC(C1)C2C34,c1cc2ccc3cccc4ccc(c1)c2c34,outside_MR_TADF,outside_CzBN_domain,outside_CzBN_domain
E00_133_00714,COC(=O)C(Cc1ccc2oc(-c3ccc(-n4c5ccccc5c5ccccc54)cc3)nc2c1)NC(=O)OC(C)(C)C,SCBKJDYXFUHBLT-UHFFFAOYSA-N,,DOI: 10.1039/c2pp25114k,toluene,1,3.395306000276821,3.395306000276821,0.0,3.395306000276821,3.395306000276821,0.0,3.395306000276821,general_only,C1CCC2CC(C3CCC(C4C5CCCCC5C5CCCCC54)CC3)CC2C1,c1ccc2oc(-c3ccc(-n4c5ccccc5c5ccccc54)cc3)nc2c1,outside_MR_TADF,outside_CzBN_domain,outside_CzBN_domain
E00_133_00715,COC(=O)C(Cc1ccc2oc(-c3ccc(N(C)C)cc3)nc2c1)NC(=O)OC(C)(C)C,ZZYREUVLGFRAPU-UHFFFAOYSA-N,,DOI:10.1039/c1pp05123g,toluene,1,3.4684040000638756,3.4684040000638756,0.0,3.4684040000638756,3.4684040000638756,0.0,3.4684040000638756,general_only,C1CCC(C2CC3CCCCC3C2)CC1,c1ccc(-c2nc3ccccc3o2)cc1,outside_MR_TADF,outside_CzBN_domain,outside_CzBN_domain
E00_133_00716,COC(=O)C(Cc1ccc2oc(-c3ccc(N(C)c4ccccc4)cc3)nc2c1)NC(=O)OC(C)(C)C,AMIWBYHOOGQROR-UHFFFAOYSA-N,,DOI:10.1039/c1pp05123g,toluene,1,3.254566000358742,3.254566000358742,0.0,3.254566000358742,3.254566000358742,0.0,3.254566000358742,general_only,C1CCC(CC2CCC(C3CC4CCCCC4C3)CC2)CC1,c1ccc(Nc2ccc(-c3nc4ccccc4o3)cc2)cc1,outside_MR_TADF,outside_CzBN_domain,outside_CzBN_domain
E00_133_00717,COC(=O)C(Cc1ccc2oc(-c3ccc(Nc4ccccc4)cc3)nc2c1)NC(=O)OC(C)(C)C,IIGGRBPKHBEYDZ-UHFFFAOYSA-N,,DOI:10.1039/c1pp05123g,toluene,1,3.333058000237912,3.333058000237912,0.0,3.333058000237912,3.333058000237912,0.0,3.333058000237912,general_only,C1CCC(CC2CCC(C3CC4CCCCC4C3)CC2)CC1,c1ccc(Nc2ccc(-c3nc4ccccc4o3)cc2)cc1,outside_MR_TADF,outside_CzBN_domain,outside_CzBN_domain
E00_133_00718,COC(=O)C(Cc1ccc2oc(-c3ccc4c(c3)c3ccccc3n4-c3ccccc3)nc2c1)NC(=O)OC(C)(C)C,DZJMTOPWNCHALS-UHFFFAOYSA-N,,DOI: 10.1039/c2pp25114k,toluene,1,3.51874799966489,3.51874799966489,0.0,3.51874799966489,3.51874799966489,0.0,3.51874799966489,general_only,C1CCC(C2C3CCCCC3C3CC(C4CC5CCCCC5C4)CCC32)CC1,c1ccc(-n2c3ccccc3c3cc(-c4nc5ccccc5o4)ccc32)cc1,outside_MR_TADF,outside_CzBN_domain,outside_CzBN_domain
E00_133_00719,COC(=O)CN1C(=O)c2cc3ccc(N(C)C)cc3cc2C1=O,LNLZDKYLUVIXEF-UHFFFAOYSA-N,,DOI: 10.1021/jo071064w,toluene,1,2.9249275156571644,2.9249275156571644,0.0,2.9249275156571644,2.9249275156571644,0.0,2.9249275156571644,general_only,CC1CC(C)C2CC3CCCCC3CC12,O=C1NC(=O)c2cc3ccccc3cc21,outside_MR_TADF,outside_CzBN_domain,outside_CzBN_domain
E00_133_00720,COC(=O)c1cc(=O)n(C)c2cc(-c3cc4c5c(c3)CCCN5CCC4)sc12,YRHHOGNMAVRBQS-UHFFFAOYSA-N,,DOI: 10.1021/acs.joc.8b01924,toluene,1,2.5747376164367157,2.5747376164367157,0.0,2.5747376164367157,2.5747376164367157,0.0,2.5747376164367157,general_only,CC1CCC2CC(C3CC4CCCC5CCCC(C3)C54)CC2C1,O=c1ccc2sc(-c3cc4c5c(c3)CCCN5CCC4)cc2[nH]1,outside_MR_TADF,outside_CzBN_domain,outside_CzBN_domain
E00_133_00721,COC(=O)c1cc(=O)n(C)c2cc(-c3ccc(OC)cc3)sc12,SYXCFFLMLQRUKB-UHFFFAOYSA-N,,DOI: 10.1021/acs.joc.8b01924,toluene,1,2.8530707982287296,2.8530707982287296,0.0,2.8530707982287296,2.8530707982287296,0.0,2.8530707982287296,general_only,CC1CCC2CC(C3CCCCC3)CC2C1,O=c1ccc2sc(-c3ccccc3)cc2[nH]1,outside_MR_TADF,outside_CzBN_domain,outside_CzBN_domain
E00_133_00722,COC(=O)c1ccc(-c2cc3ccc4cccc5ccc(c2)c3c45)cc1,RPUQOSFYGHTRHC-UHFFFAOYSA-N,,http://dx.doi.org/10.1021/ja2006862,toluene,1,3.2303902993558165,3.2303902993558165,0.0,3.2303902993558165,3.2303902993558165,0.0,3.2303902993558165,general_only,C1CCC(C2CC3CCC4CCCC5CCC(C2)C3C45)CC1,c1ccc(-c2cc3ccc4cccc5ccc(c2)c3c45)cc1,outside_MR_TADF,outside_CzBN_domain,outside_CzBN_domain
E00_133_00723,COC(=O)c1ccc(-c2ccc(-c3nnc(-c4ccc(-c5nnc(-c6ccc(-c7ccc(C(=O)OC)cc7)s6)o5)cc4)o3)s2)cc1,VJLWVDJIPPPLSM-UHFFFAOYSA-N,,https://doi.org/10.1016/j.molstruc.2019.127032,toluene,1,3.350986161054811,3.350986161054811,0.0,3.350986161054811,3.350986161054811,0.0,3.350986161054811,general_only,C1CCC(C2CCC(C3CCC(C4CCC(C5CCC(C6CCC(C7CCCCC7)C6)C5)CC4)C3)C2)CC1,c1ccc(-c2ccc(-c3nnc(-c4ccc(-c5nnc(-c6ccc(-c7ccccc7)s6)o5)cc4)o3)s2)cc1,outside_MR_TADF,outside_CzBN_domain,outside_CzBN_domain
E00_133_00724,COC(=O)c1ccc(C#Cc2ccc(N(C)C)cc2)cc1,FXDFLRMMHNBUKQ-UHFFFAOYSA-N,,https://doi.org/10.1016/j.jphotochem.2016.03.023,toluene,1,3.3052820000997283,3.3052820000997283,0.0,3.3052820000997283,3.3052820000997283,0.0,3.3052820000997283,general_only,C1CCC(CCC2CCCCC2)CC1,C(#Cc1ccccc1)c1ccccc1,outside_MR_TADF,outside_CzBN_domain,outside_CzBN_domain
E00_133_00725,COC(=O)c1ccc(C2=C3C=CC(C)=[N+]3[B-](F)(F)n3c(C)ccc32)cc1,VHRSYAWJYHVVBU-UHFFFAOYSA-N,,10.1021/jp052626n,toluene,1,2.351642662486608,2.351642662486608,0.0,2.351642662486608,2.351642662486608,0.0,2.351642662486608,general_only,C1CCC(C2C3CCCC3CC3CCCC32)CC1,[BH2-]1n2cccc2C(c2ccccc2)=C2C=CC=[N+]12,outside_MR_TADF,outside_CzBN_domain,outside_CzBN_domain
E00_133_00726,COC(=O)c1ccc2ccc3cccc4ccc1c2c34,GOCJMZVOYKLIRM-UHFFFAOYSA-N,,doi:10.1016/j.tet.2012.05.072,toluene,1,3.217040177670099,3.217040177670099,0.0,3.217040177670099,3.217040177670099,0.0,3.217040177670099,general_only,C1CC2CCC3CCCC4CCC(C1)C2C34,c1cc2ccc3cccc4ccc(c1)c2c34,outside_MR_TADF,outside_CzBN_domain,outside_CzBN_domain
E00_133_00727,COC1(OC)C2(Cl)c3nc4cc(-c5cccs5)ccc4nc3C1(Cl)C1C[C@H]3[C@@H](CC12)C1(Cl)c2nc4cc(-c5cccs5)ccc4nc2C3(Cl)C1(OC)OC,QSDINUCOJYJGIX-FTEGICSISA-N,,http://dx.doi.org/10.1021/jo500053m,toluene,1,3.0903213117978217,3.0903213117978217,0.0,3.0903213117978217,3.0903213117978217,0.0,3.0903213117978217,general_only,C1CCC(C2CCC3CC4C(CC3C2)C2CC4C3CC4C5CC(C6CC7CC(C8CCCC8)CCC7CC65)C4CC23)C1,c1csc(-c2ccc3nc4c(nc3c2)C2CC4C3C[C@@H]4C5CC(c6nc7cc(-c8cccs8)ccc7nc65)[C@@H]4CC23)c1,outside_MR_TADF,outside_CzBN_domain,outside_CzBN_domain
E00_133_00728,COC1(OC)C2(Cl)c3nc4cc(-c5cccs5)ccc4nc3C1(Cl)C1C[C@H]3[C@@H](CC12)C1(Cl)c2nc4ccc(-c5cccs5)cc4nc2C3(Cl)C1(OC)OC,QKELEYJWQHZQOO-MRZQQNKVSA-N,,http://dx.doi.org/10.1021/jo500053m,toluene,1,3.1646978146389433,3.1646978146389433,0.0,3.1646978146389433,3.1646978146389433,0.0,3.1646978146389433,general_only,C1CCC(C2CCC3CC4C(CC3C2)C2CC4C3CC4C5CC(C6CC7CCC(C8CCCC8)CC7CC65)C4CC23)C1,c1csc(-c2ccc3nc4c(nc3c2)C2CC4C3C[C@@H]4C5CC(c6nc7ccc(-c8cccs8)cc7nc65)[C@@H]4CC23)c1,outside_MR_TADF,outside_CzBN_domain,outside_CzBN_domain
E00_133_00729,COC1=[N+]2C(=C(c3ccc(C)cc3)c3ccc(OC)n3[B-]2(F)F)C=C1,YIAOAPDWDWGFOM-UHFFFAOYSA-N,,https://doi.org/10.1016/j.cplett.2005.12.098,toluene,1,2.369037626364001,2.369037626364001,0.0,2.369037626364001,2.369037626364001,0.0,2.369037626364001,general_only,C1CCC(C2C3CCCC3CC3CCCC32)CC1,[BH2-]1n2cccc2C(c2ccccc2)=C2C=CC=[N+]12,outside_MR_TADF,outside_CzBN_domain,outside_CzBN_domain
E00_133_00730,COCCC1=Cc2nc1ccc1[nH]c(cc1CCOC)c1nc(c(N)cc3[nH]c2cc3CCOC)C(CCOC)=C1,ADNBBWLHLKUIKR-UHFFFAOYSA-N,,https://doi.org/10.1016/S1011-1344(97)00075-4,toluene,1,1.6947987930570907,1.6947987930570907,0.0,1.6947987930570907,1.6947987930570907,0.0,1.6947987930570907,general_only,C1CC2CCC(C2)C2CCC(CCC3CCC(C3)C3CCC1C3)C2,C1=Cc2nc1ccc1ccc([nH]1)c1nc(ccc3ccc2[nH]3)C=C1,outside_MR_TADF,outside_CzBN_domain,outside_CzBN_domain
E00_133_00731,COCCC1=Cc2nc1ccc1[nH]c(cc1CCOC)c1nc(c(N3C(=O)CCCC3=O)cc3[nH]c2cc3CCOC)C(CCOC)=C1,LQHLRESOPLEDBJ-UHFFFAOYSA-N,,https://doi.org/10.1016/S1011-1344(97)00075-4,toluene,1,1.9285023219814241,1.9285023219814241,0.0,1.9285023219814241,1.9285023219814241,0.0,1.9285023219814241,general_only,CC1CCCC(C)C1C1CC2CCC(C2)C2CCC(CCC3CCC(C3)C3CCC1C3)C2,O=C1CCCC(=O)N1c1cc2ccc([nH]2)c2nc(ccc3ccc([nH]3)c3nc1C=C3)C=C2,outside_MR_TADF,outside_CzBN_domain,outside_CzBN_domain
E00_133_00732,COCCC1=Cc2nc1ccc1[nH]c(cc1CCOC)c1nc(c(NC(=O)CCCC(=O)O)cc3[nH]c2cc3CCOC)C(CCOC)=C1,HQKNPGSLTXKJGN-UHFFFAOYSA-N,,https://doi.org/10.1016/S1011-1344(97)00075-4,toluene,1,1.8730050159598723,1.8730050159598723,0.0,1.8730050159598723,1.8730050159598723,0.0,1.8730050159598723,general_only,C1CC2CCC(C2)C2CCC(CCC3CCC(C3)C3CCC1C3)C2,C1=Cc2nc1ccc1ccc([nH]1)c1nc(ccc3ccc2[nH]3)C=C1,outside_MR_TADF,outside_CzBN_domain,outside_CzBN_domain
E00_133_00733,COCCC1=Cc2nc1ccc1[nH]c(cc1CCOC)c1nc(c(O)cc3[nH]c2cc3CCOC)C(CCOC)=C1,MEOLTTDAHHABAM-UHFFFAOYSA-N,,https://doi.org/10.1016/S1011-1344(97)00075-4,toluene,1,1.8129274965800275,1.8129274965800275,0.0,1.8129274965800275,1.8129274965800275,0.0,1.8129274965800275,general_only,C1CC2CCC(C2)C2CCC(CCC3CCC(C3)C3CCC1C3)C2,C1=Cc2nc1ccc1ccc([nH]1)c1nc(ccc3ccc2[nH]3)C=C1,outside_MR_TADF,outside_CzBN_domain,outside_CzBN_domain
E00_133_00734,COCCC1=Cc2nc1ccc1[nH]c(cc1CCOC)c1nc(c(OC(C)=O)cc3[nH]c2cc3CCOC)C(CCOC)=C1,QNEXISWNFVOTPP-UHFFFAOYSA-N,,https://doi.org/10.1016/S1011-1344(97)00075-4,toluene,1,1.9091891789381856,1.9091891789381856,0.0,1.9091891789381856,1.9091891789381856,0.0,1.9091891789381856,general_only,C1CC2CCC(C2)C2CCC(CCC3CCC(C3)C3CCC1C3)C2,C1=Cc2nc1ccc1ccc([nH]1)c1nc(ccc3ccc2[nH]3)C=C1,outside_MR_TADF,outside_CzBN_domain,outside_CzBN_domain
E00_133_00735,COCCC1=Cc2nc1ccc1[nH]c(cc1CCOC)c1nc(c(OC)cc3[nH]c2cc3CCOC)C(CCOC)=C1,OAHPIFNVNGVMGS-UHFFFAOYSA-N,,https://doi.org/10.1016/S1011-1344(97)00075-4,toluene,1,1.8049834731756929,1.8049834731756929,0.0,1.8049834731756929,1.8049834731756929,0.0,1.8049834731756929,general_only,C1CC2CCC(C2)C2CCC(CCC3CCC(C3)C3CCC1C3)C2,C1=Cc2nc1ccc1ccc([nH]1)c1nc(ccc3ccc2[nH]3)C=C1,outside_MR_TADF,outside_CzBN_domain,outside_CzBN_domain
E00_133_00736,COCCC1=Cc2nc1ccc1[nH]c(cc1CCOC)c1nc(ccc3[nH]c2cc3CCO)C(CCOC)=C1,SBIQTOWMYKKUAE-UHFFFAOYSA-N,,https://doi.org/10.1016/S1011-1344(97)00075-4,toluene,1,1.9375425729569253,1.9375425729569253,0.0,1.9375425729569253,1.9375425729569253,0.0,1.9375425729569253,general_only,C1CC2CCC(C2)C2CCC(CCC3CCC(C3)C3CCC1C3)C2,C1=Cc2nc1ccc1ccc([nH]1)c1nc(ccc3ccc2[nH]3)C=C1,outside_MR_TADF,outside_CzBN_domain,outside_CzBN_domain
E00_133_00737,COCCC1=Cc2nc1ccc1[nH]c(cc1CCOC)c1nc(ccc3[nH]c2cc3CCOC)C(CCOC)=C1,LOZOGLWXJGCFDX-UHFFFAOYSA-N,,https://doi.org/10.1016/S1011-1344(97)00075-4,toluene,1,1.9375189210832136,1.9375189210832136,0.0,1.9375189210832136,1.9375189210832136,0.0,1.9375189210832136,general_only,C1CC2CCC(C2)C2CCC(CCC3CCC(C3)C3CCC1C3)C2,C1=Cc2nc1ccc1ccc([nH]1)c1nc(ccc3ccc2[nH]3)C=C1,outside_MR_TADF,outside_CzBN_domain,outside_CzBN_domain
E00_133_00738,CON(OC)c1cc2c3cc(-c4c(C)cc(C)cc4C)cc4c5cc(-c6c(C)cc(C)cc6C)cc6c7cc(B(c8c(C)cc(C)cc8C)c8c(C)cc(C)cc8C)cc8c9cc(-c%10c(C)cc(C)cc%10C)cc%10c%11cc(-c%12c(C)cc(C)cc%12C)cc%12c(c1)c2c1c(c43)c(c65)c(c78)c(c9%10)c1c%11%12,OFXLGFQLIDREEL-UHFFFAOYSA-N,,DOI: 10.1021/acs.orglett.6b03596,toluene,1,2.560588660626941,2.560588660626941,0.0,2.560588660626941,2.560588660626941,0.0,2.560588660626941,general_only,C1CCC(C2CC3C4CCCC5C6CC(C7CCCCC7)CC7C8CC(C9CCCCC9)CC9C%10CC(C(C%11CCCCC%11)C%11CCCCC%11)CC%11C%12CC(C%13CCCCC%13)CC%13C(C2)C3C2C(C45)C(C67)C(C89)C(C%11%10)C2C%13%12)CC1,c1ccc(B(c2ccccc2)c2cc3c4cc(-c5ccccc5)cc5c6cc(-c7ccccc7)cc7c8cccc9c%10cc(-c%11ccccc%11)cc%11c%12cc(-c%13ccccc%13)cc%13c(c2)c3c2c(c45)c(c76)c(c89)c(c%10%11)c2c%13%12)cc1,outside_MR_TADF,outside_CzBN_domain,outside_CzBN_domain
E00_133_00739,COc1c2ccccc2c(-c2ccccc2)c2ccccc12,RIZWUJSTNUPMCT-UHFFFAOYSA-N,,https://doi.org/10.1016/j.jphotochem.2004.01.020,toluene,1,3.119925244030256,3.119925244030256,0.0,3.119925244030256,3.119925244030256,0.0,3.119925244030256,general_only,C1CCC(C2C3CCCCC3CC3CCCCC32)CC1,c1ccc(-c2c3ccccc3cc3ccccc23)cc1,outside_MR_TADF,outside_CzBN_domain,outside_CzBN_domain
E00_133_00740,COc1cc(-c2nc(-c3ccccc3)c(-c3ccccc3)[nH]2)c(OC)cc1/C=C/c1ccncc1,MNSMWLGSAOZHPY-BUHFOSPRSA-N,,https://doi.org/10.1016/j.jphotochem.2017.05.025,toluene,1,2.923427711243442,2.923427711243442,0.0,2.923427711243442,2.923427711243442,0.0,2.923427711243442,general_only,C1CCC(CCC2CCC(C3CC(C4CCCCC4)C(C4CCCCC4)C3)CC2)CC1,C(=C/c1ccc(-c2nc(-c3ccccc3)c(-c3ccccc3)[nH]2)cc1)\c1ccncc1,outside_MR_TADF,outside_CzBN_domain,outside_CzBN_domain
E00_133_00741,COc1cc(-c2nc3c4cccnc4c4ncccc4c3[nH]2)c(OC)cc1/C=C/c1ccncc1,KSYHSBHCSIWPSH-BQYQJAHWSA-N,,https://doi.org/10.1016/j.jphotochem.2017.05.025,toluene,1,2.9660166495609532,2.9660166495609532,0.0,2.9660166495609532,2.9660166495609532,0.0,2.9660166495609532,general_only,C1CCC(CCC2CCC(C3CC4C5CCCCC5C5CCCCC5C4C3)CC2)CC1,C(=C/c1ccc(-c2nc3c4cccnc4c4ncccc4c3[nH]2)cc1)\c1ccncc1,outside_MR_TADF,outside_CzBN_domain,outside_CzBN_domain
E00_133_00742,COc1cc(-c2nnc(-c3ccc4ccc5cccc6ccc3c4c56)o2)cc(OC)c1OC,CEEQYHQCOPRCCB-UHFFFAOYSA-N,,DOI: 10.1021/acs.joc.5b02423,toluene,1,3.0142546964976873,3.0142546964976873,0.0,3.0142546964976873,3.0142546964976873,0.0,3.0142546964976873,general_only,C1CCC(C2CCC(C3CCC4CCC5CCCC6CCC3C4C56)C2)CC1,c1ccc(-c2nnc(-c3ccc4ccc5cccc6ccc3c4c56)o2)cc1,outside_MR_TADF,outside_CzBN_domain,outside_CzBN_domain
E00_133_00743,COc1cc(/C=C/C2=CC(/C=C/c3ccc(O)c(OC)c3)=[O+][B-](F)(F)O2)ccc1O,VLUORCWFXBRHCS-FCXRPNKRSA-N,,https://doi.org/10.1016/j.tet.2010.05.088,toluene,1,2.440179903583405,2.440179903583405,0.0,2.440179903583405,2.440179903583405,0.0,2.440179903583405,general_only,C1CCC(CCC2CCCC(CCC3CCCCC3)C2)CC1,[BH2-]1OC(/C=C/c2ccccc2)=CC(/C=C/c2ccccc2)=[O+]1,outside_MR_TADF,outside_CzBN_domain,outside_CzBN_domain
E00_133_00744,COc1cc(/C=C/c2cc(OC)c(-c3nc(-c4ccccc4)c(-c4ccccc4)[nH]3)cc2OC)c(OC)cc1/C=C/c1cc(OC)c(-c2nc(-c3ccccc3)c(-c3ccccc3)[nH]2)cc1OC,NVBFNWMIHOCVKA-QAVVBOBSSA-N,,https://doi.org/10.1016/j.jphotochem.2017.05.025,toluene,1,2.622084369457294,2.622084369457294,0.0,2.622084369457294,2.622084369457294,0.0,2.622084369457294,general_only,C1CCC(C2CC(C3CCC(CCC4CCC(CCC5CCC(C6CC(C7CCCCC7)C(C7CCCCC7)C6)CC5)CC4)CC3)CC2C2CCCCC2)CC1,C(=C/c1ccc(-c2nc(-c3ccccc3)c(-c3ccccc3)[nH]2)cc1)\c1ccc(/C=C/c2ccc(-c3nc(-c4ccccc4)c(-c4ccccc4)[nH]3)cc2)cc1,outside_MR_TADF,outside_CzBN_domain,outside_CzBN_domain
E00_133_00745,COc1cc(/C=C/c2nc3ccccc3s2)c(OC)cc1/C=C/c1ccncc1,CMIAVXXWVDIQHS-XBLVEGMJSA-N,,https://doi.org/10.1016/j.jphotochem.2017.05.025,toluene,1,2.809533551554828,2.809533551554828,0.0,2.809533551554828,2.809533551554828,0.0,2.809533551554828,general_only,C1CCC(CCC2CCC(CCC3CC4CCCCC4C3)CC2)CC1,C(=C/c1ccc(/C=C/c2nc3ccccc3s2)cc1)\c1ccncc1,outside_MR_TADF,outside_CzBN_domain,outside_CzBN_domain
E00_133_00746,COc1cc(Br)cc2cc(-c3cc4cc(Br)cc(OC)c4oc3=O)oc12,QLMHSACSIMWRHU-UHFFFAOYSA-N,,DOI: 10.1021/acs.orglett.7b00069,toluene,1,3.1640826873385013,3.1640826873385013,0.0,3.1640826873385013,3.1640826873385013,0.0,3.1640826873385013,general_only,CC1CC2CCCCC2CC1C1CC2CCCCC2C1,O=c1oc2ccccc2cc1-c1cc2ccccc2o1,outside_MR_TADF,outside_CzBN_domain,outside_CzBN_domain
E00_133_00747,COc1cc(C2=C(c3cc(OC)c(OC)c(OC)c3)C(c3ccc(C(C)(C)C)cc3)=[N+]3C2=Nc2c(-c4cc(OC)c(OC)c(OC)c4)c(-c4cc(OC)c(OC)c(OC)c4)c(-c4ccc(C(C)(C)C)cc4)n2[B-]3(F)F)cc(OC)c1OC,MNPIXQITDSNBND-UHFFFAOYSA-N,,DOI: 10.1021/acs.orglett.8b00820,toluene,1,1.7330994152046784,1.7330994152046784,0.0,1.7330994152046784,1.7330994152046784,0.0,1.7330994152046784,general_only,C1CCC(C2C3CC4C(CC3C(C3CCCCC3)C2C2CCCCC2)C(C2CCCCC2)C(C2CCCCC2)C4C2CCCCC2)CC1,[BH2-]1n2c(c(-c3ccccc3)c(-c3ccccc3)c2-c2ccccc2)N=C2C(c3ccccc3)=C(c3ccccc3)C(c3ccccc3)=[N+]12,outside_MR_TADF,outside_CzBN_domain,outside_CzBN_domain
E00_133_00748,COc1cc(C2=C(c3ccc(C(C)(C)C)cc3)C(c3ccc(C(C)(C)C)cc3)=[N+]3C2=Nc2c(-c4cc(OC)c(OC)c(OC)c4)c(-c4ccc(C(C)(C)C)cc4)c(-c4ccc(C(C)(C)C)cc4)n2[B-]3(F)F)cc(OC)c1OC,HPYAHNZQCZRKFF-UHFFFAOYSA-N,,DOI: 10.1021/acs.orglett.8b00820,toluene,1,1.7725130088766452,1.7725130088766452,0.0,1.7725130088766452,1.7725130088766452,0.0,1.7725130088766452,general_only,C1CCC(C2C3CC4C(CC3C(C3CCCCC3)C2C2CCCCC2)C(C2CCCCC2)C(C2CCCCC2)C4C2CCCCC2)CC1,[BH2-]1n2c(c(-c3ccccc3)c(-c3ccccc3)c2-c2ccccc2)N=C2C(c3ccccc3)=C(c3ccccc3)C(c3ccccc3)=[N+]12,outside_MR_TADF,outside_CzBN_domain,outside_CzBN_domain
E00_133_00749,COc1cc(C2=CC3=C(c4c(C)cc(C)cc4C)c4cc(-c5cc(OC)c(OC)c(OC)c5)c(-c5cc(OC)c(OC)c(OC)c5)n4[B-](F)(F)[N+]3=C2c2cc(OC)c(OC)c(OC)c2)cc(OC)c1OC,OYEKUQNQFIDNQS-UHFFFAOYSA-N,,DOI: 10.1021/acs.joc.9b01425,toluene,1,1.9014965960834411,1.9014965960834411,0.0,1.9014965960834411,1.9014965960834411,0.0,1.9014965960834411,general_only,C1CCC(C2CC3C(CC4C(CC(C5CCCCC5)C4C4CCCCC4)C3C3CCCCC3)C2C2CCCCC2)CC1,[BH2-]1n2c(cc(-c3ccccc3)c2-c2ccccc2)C(c2ccccc2)=C2C=C(c3ccccc3)C(c3ccccc3)=[N+]12,outside_MR_TADF,outside_CzBN_domain,outside_CzBN_domain
E00_133_00750,COc1cc(C2=c3c(c4ccc(C(C)(C)C)cc4c4c(OC)c(OC)c(OC)cc34)=[N+]3C2=Nc2c(-c4cc(OC)c(OC)c(OC)c4)c4c5cc(OC)c(OC)c(OC)c5c5cc(C(C)(C)C)ccc5c4n2[B-]3(F)F)cc(OC)c1OC,OGYXRSMQWXCURB-UHFFFAOYSA-N,,DOI: 10.1021/acs.orglett.8b00820,toluene,1,1.523424293648877,1.523424293648877,0.0,1.523424293648877,1.523424293648877,0.0,1.523424293648877,general_only,C1CCC(C2C3CC4C(CC3C3C5CCCCC5C5CCCCC5C23)C2C3CCCCC3C3CCCCC3C2C4C2CCCCC2)CC1,[BH2-]1n2c(c(-c3ccccc3)c3c4ccccc4c4ccccc4c32)N=C2C(c3ccccc3)=c3c(c4ccccc4c4ccccc34)=[N+]12,outside_MR_TADF,outside_CzBN_domain,outside_CzBN_domain
E00_133_00751,COc1cc(C2=c3c(c4ccc(C(C)(C)C)cc4c4cc(C(C)(C)C)ccc34)=[N+]3C2=Nc2c(-c4cc(OC)c(OC)c(OC)c4)c4c5ccc(C(C)(C)C)cc5c5cc(C(C)(C)C)ccc5c4n2[B-]3(F)F)cc(OC)c1OC,FYKBUUHHKHJTFH-UHFFFAOYSA-N,,DOI: 10.1021/acs.orglett.8b00820,toluene,1,1.54760570047587,1.54760570047587,0.0,1.54760570047587,1.54760570047587,0.0,1.54760570047587,general_only,C1CCC(C2C3CC4C(CC3C3C5CCCCC5C5CCCCC5C23)C2C3CCCCC3C3CCCCC3C2C4C2CCCCC2)CC1,[BH2-]1n2c(c(-c3ccccc3)c3c4ccccc4c4ccccc4c32)N=C2C(c3ccccc3)=c3c(c4ccccc4c4ccccc34)=[N+]12,outside_MR_TADF,outside_CzBN_domain,outside_CzBN_domain
E00_133_00752,COc1cc(N(c2ccc(C=C(C#N)C#N)c(OC)c2)c2ccc(C=C(C#N)C#N)c(OC)c2)ccc1C=C(C#N)C#N,KWAHTAILLSNRFN-UHFFFAOYSA-N,,https://doi.org/10.1016/j.jphotochem.2019.112027,toluene,1,2.5996491228070173,2.5996491228070173,0.0,2.5996491228070173,2.5996491228070173,0.0,2.5996491228070173,general_only,C1CCC(C(C2CCCCC2)C2CCCCC2)CC1,c1ccc(N(c2ccccc2)c2ccccc2)cc1,outside_MR_TADF,outside_CzBN_domain,outside_CzBN_domain
E00_133_00753,COc1cc(N(c2ccccc2)c2ccc(C=C(C#N)C#N)c(OC)c2)ccc1C=C(C#N)C#N,RXFCFBMUXGCMMV-UHFFFAOYSA-N,,https://doi.org/10.1016/j.jphotochem.2019.112027,toluene,1,2.556348195329087,2.556348195329087,0.0,2.556348195329087,2.556348195329087,0.0,2.556348195329087,general_only,C1CCC(C(C2CCCCC2)C2CCCCC2)CC1,c1ccc(N(c2ccccc2)c2ccccc2)cc1,outside_MR_TADF,outside_CzBN_domain,outside_CzBN_domain
E00_133_00754,COc1cc(N(c2ccccc2)c2ccccc2)ccc1C=C(C#N)C#N,XWSHLCYQUJVLTB-UHFFFAOYSA-N,,https://doi.org/10.1016/j.jphotochem.2019.112027,toluene,1,2.580500913683758,2.580500913683758,0.0,2.580500913683758,2.580500913683758,0.0,2.580500913683758,general_only,C1CCC(C(C2CCCCC2)C2CCCCC2)CC1,c1ccc(N(c2ccccc2)c2ccccc2)cc1,outside_MR_TADF,outside_CzBN_domain,outside_CzBN_domain
E00_133_00755,COc1cc(OC)c2c(c1)c1c(c3ccc(C(C)(C)C)cc32)=[N+]2C(=Nc3c(-c4cc(OC)c(OC)c(OC)c4)c4c5cc(OC)cc(OC)c5c5cc(C(C)(C)C)ccc5c4n3[B-]2(F)F)C=1c1cc(OC)c(OC)c(OC)c1,UNSUEEFXRULZTR-UHFFFAOYSA-N,,DOI: 10.1021/acs.orglett.8b00820,toluene,1,1.5501961967061457,1.5501961967061457,0.0,1.5501961967061457,1.5501961967061457,0.0,1.5501961967061457,general_only,C1CCC(C2C3CC4C(CC3C3C5CCCCC5C5CCCCC5C23)C2C3CCCCC3C3CCCCC3C2C4C2CCCCC2)CC1,[BH2-]1n2c(c(-c3ccccc3)c3c4ccccc4c4ccccc4c32)N=C2C(c3ccccc3)=c3c(c4ccccc4c4ccccc34)=[N+]12,outside_MR_TADF,outside_CzBN_domain,outside_CzBN_domain
E00_133_00756,COc1cc(OC)cc(-c2ccc(-c3ccc(C#N)s3)s2)c1,VDDSINRUIUEDFY-UHFFFAOYSA-N,,https://doi.org/10.1016/j.molliq.2019.04.133,toluene,1,3.10628975440955,3.10628975440955,0.0,3.10628975440955,3.10628975440955,0.0,3.10628975440955,general_only,C1CCC(C2CCC(C3CCCC3)C2)CC1,c1ccc(-c2ccc(-c3cccs3)s2)cc1,outside_MR_TADF,outside_CzBN_domain,outside_CzBN_domain
E00_133_00757,COc1cc(OC)cc(C2=C(c3cc(OC)c(OC)c(OC)c3)C3=Nc4c(-c5cc(OC)c(OC)c(OC)c5)c(-c5cc(OC)cc(OC)c5)c(-c5ccc(C(C)(C)C)cc5)n4[B-](F)(F)[N+]3=C2c2ccc(C(C)(C)C)cc2)c1,GFCNCFJNACCZCI-UHFFFAOYSA-N,,DOI: 10.1021/acs.orglett.8b00820,toluene,1,1.7797980878848616,1.7797980878848616,0.0,1.7797980878848616,1.7797980878848616,0.0,1.7797980878848616,general_only,C1CCC(C2C3CC4C(CC3C(C3CCCCC3)C2C2CCCCC2)C(C2CCCCC2)C(C2CCCCC2)C4C2CCCCC2)CC1,[BH2-]1n2c(c(-c3ccccc3)c(-c3ccccc3)c2-c2ccccc2)N=C2C(c3ccccc3)=C(c3ccccc3)C(c3ccccc3)=[N+]12,outside_MR_TADF,outside_CzBN_domain,outside_CzBN_domain
E00_133_00758,COc1cc2c(cc1-c1ccccc1)Cc1c3c(c4c(c1-2)-c1cc(OC)c(-c2ccccc2)cc1C4)C(=O)N(CCC(C)C)C3=O,VGTFPEXWOZFYJU-UHFFFAOYSA-N,,http://dx.doi.org/10.1021/jo4028616,toluene,1,2.878690284487386,2.878690284487386,0.0,2.878690284487386,2.878690284487386,0.0,2.878690284487386,general_only,CC1CC(C)C2C3CC4CC(C5CCCCC5)CCC4C3C3C4CCC(C5CCCCC5)CC4CC3C12,O=C1NC(=O)c2c3c(c4c(c21)Cc1cc(-c2ccccc2)ccc1-4)-c1ccc(-c2ccccc2)cc1C3,outside_MR_TADF,outside_CzBN_domain,outside_CzBN_domain
E00_133_00759,COc1cc2c(cc1/C=C(\C#N)c1nc3ccccc3s1)c1ccccc1n2C,GVEGTZPEELPQCO-LFIBNONCSA-N,,https://doi.org/10.1016/j.jphotochem.2016.01.014,toluene,1,2.6935758099514358,2.6935758099514358,0.0,2.6935758099514358,2.6935758099514358,0.0,2.6935758099514358,general_only,C1CCC2CC(CCC3CCC4CC5CCCCC5C4C3)CC2C1,C(=Cc1nc2ccccc2s1)c1ccc2[nH]c3ccccc3c2c1,outside_MR_TADF,outside_CzBN_domain,outside_CzBN_domain
E00_133_00760,COc1cc2c(cc1/C=C/C(=C(C#N)C#N)c1ccccc1)c1ccccc1n2C,NFNHYRHTBUNOSQ-OUKQBFOZSA-N,,http://dx.doi.org/10.1016/j.dyepig.2015.09.013 | https://doi.org/10.1016/j.jphotochem.2016.01.014,toluene,2,2.440308746541165,2.440308746541165,0.0,2.440308746541165,2.440308746541165,0.0,2.440308746541165,general_only,CC(CCC1CCC2CC3CCCCC3C2C1)C1CCCCC1,C=C(/C=C/c1ccc2[nH]c3ccccc3c2c1)c1ccccc1,outside_MR_TADF,outside_CzBN_domain,outside_CzBN_domain
E00_133_00761,COc1cc2c(cc1/C=C/C1=CC(=C(C#N)C#N)CC(C)(C)C1)c1ccccc1n2C,SAKGCISRHFPLOY-MDZDMXLPSA-N,,http://dx.doi.org/10.1016/j.dyepig.2015.09.013,toluene,1,2.401175213675214,2.401175213675214,0.0,2.401175213675214,2.401175213675214,0.0,2.401175213675214,general_only,CC1CCCC(CCC2CCC3CC4CCCCC4C3C2)C1,C=C1C=C(/C=C/c2ccc3[nH]c4ccccc4c3c2)CCC1,outside_MR_TADF,outside_CzBN_domain,outside_CzBN_domain
E00_133_00762,COc1cc2c(cc1C=C(C#N)C#N)c1ccccc1n2C,AFRSLXCTEQVCJF-UHFFFAOYSA-N,,https://doi.org/10.1016/j.jphotochem.2016.01.014,toluene,1,2.8154974900244563,2.8154974900244563,0.0,2.8154974900244563,2.8154974900244563,0.0,2.8154974900244563,general_only,C1CCC2C(C1)CC1CCCCC12,c1ccc2c(c1)[nH]c1ccccc12,outside_MR_TADF,outside_CzBN_domain,outside_CzBN_domain
E00_133_00763,COc1cc2c3c(c4cc(OC)c(OC)c(OC)c4c2c(OC)c1OC)=[N+]1C(=C(c2c(C)cc(C)cc2C)c2cc4c5cc(OC)c(OC)c(OC)c5c5c(OC)c(OC)c(OC)cc5c4n2[B-]1(F)F)C=3,MGFVQNZCKUENEH-UHFFFAOYSA-N,,DOI: 10.1021/acs.joc.9b01425,toluene,1,1.6461820360125445,1.6461820360125445,0.0,1.6461820360125445,1.6461820360125445,0.0,1.6461820360125445,general_only,C1CCC(C2C3CC4C5CCCCC5C5CCCCC5C4C3CC3C2CC2C4CCCCC4C4CCCCC4C23)CC1,[BH2-]1n2c(cc3c4ccccc4c4ccccc4c32)C(c2ccccc2)=C2C=c3c(c4ccccc4c4ccccc34)=[N+]12,outside_MR_TADF,outside_CzBN_domain,outside_CzBN_domain
E00_133_00764,COc1cc2c3c4c(c5ccc(C(C)(C)C)cc5c5c(OC)c(OC)c(OC)c(c2c(OC)c1OC)c45)=[N+]1C3=Nc2c3c4cc(OC)c(OC)c(OC)c4c4c(OC)c(OC)c(OC)c5c6cc(C(C)(C)C)ccc6c(c3c54)n2[B-]1(F)F,JNXWDQNDOKASCP-UHFFFAOYSA-N,,DOI: 10.1021/acs.orglett.8b00820,toluene,1,1.4396064955191699,1.4396064955191699,0.0,1.4396064955191699,1.4396064955191699,0.0,1.4396064955191699,general_only,C1CCC2C(C1)C1CCCC3C4CCCCC4C4C5CC6C(CC5C2C4C13)C1C2CCCCC2C2CCCC3C4CCCCC4C6C1C23,[BH2-]1n2c(c3c4ccccc4c4cccc5c6ccccc6c2c3c45)N=C2c3c4ccccc4c4cccc5c6ccccc6c(c3c45)=[N+]12,outside_MR_TADF,outside_CzBN_domain,outside_CzBN_domain
E00_133_00765,COc1cc2c3c4c(c5ccc(C(C)(C)C)cc5c5c(OC)cc(OC)c(c2c(OC)c1OC)c45)=[N+]1C3=Nc2c3c4cc(OC)c(OC)c(OC)c4c4c(OC)cc(OC)c5c6cc(C(C)(C)C)ccc6c(c3c54)n2[B-]1(F)F,UEWFGZAPYPUQNB-UHFFFAOYSA-N,,DOI: 10.1021/acs.orglett.8b00820,toluene,1,1.3897225577826724,1.3897225577826724,0.0,1.3897225577826724,1.3897225577826724,0.0,1.3897225577826724,general_only,C1CCC2C(C1)C1CCCC3C4CCCCC4C4C5CC6C(CC5C2C4C13)C1C2CCCCC2C2CCCC3C4CCCCC4C6C1C23,[BH2-]1n2c(c3c4ccccc4c4cccc5c6ccccc6c2c3c45)N=C2c3c4ccccc4c4cccc5c6ccccc6c(c3c45)=[N+]12,outside_MR_TADF,outside_CzBN_domain,outside_CzBN_domain
E00_133_00766,COc1cc2c3c4c(c5ccc(C(C)(C)C)cc5c5cc(C(C)(C)C)cc(c2c(OC)c1OC)c45)=[N+]1C3=Nc2c3c4cc(OC)c(OC)c(OC)c4c4cc(C(C)(C)C)cc5c6cc(C(C)(C)C)ccc6c(c3c54)n2[B-]1(F)F,DMAOAJQJHCEUAH-UHFFFAOYSA-N,,DOI: 10.1021/acs.orglett.8b00820,toluene,1,1.495797634568821,1.495797634568821,0.0,1.495797634568821,1.495797634568821,0.0,1.495797634568821,general_only,C1CCC2C(C1)C1CCCC3C4CCCCC4C4C5CC6C(CC5C2C4C13)C1C2CCCCC2C2CCCC3C4CCCCC4C6C1C23,[BH2-]1n2c(c3c4ccccc4c4cccc5c6ccccc6c2c3c45)N=C2c3c4ccccc4c4cccc5c6ccccc6c(c3c45)=[N+]12,outside_MR_TADF,outside_CzBN_domain,outside_CzBN_domain
E00_133_00767,COc1cc2c3cc(OC)c(OC)cc3c3cc4c(C)cc(=O)oc4cc3c2cc1OC,IHOSEZIOEKHZLM-UHFFFAOYSA-N,,DOI: 10.1021/acs.joc.9b01223,toluene,1,3.0330819436084457,3.0330819436084457,0.0,3.0330819436084457,3.0330819436084457,0.0,3.0330819436084457,general_only,CC1CCC2CC3C4CCCCC4C4CCCCC4C3CC2C1,O=c1ccc2cc3c4ccccc4c4ccccc4c3cc2o1,outside_MR_TADF,outside_CzBN_domain,outside_CzBN_domain
E00_133_00768,COc1cc2cc(-c3cc4cc(OC)c(OC)cc4oc3=O)oc2cc1OC,RIYXZIMMUILXAQ-UHFFFAOYSA-N,,DOI: 10.1021/acs.orglett.7b00069,toluene,1,2.8174582798459564,2.8174582798459564,0.0,2.8174582798459564,2.8174582798459564,0.0,2.8174582798459564,general_only,CC1CC2CCCCC2CC1C1CC2CCCCC2C1,O=c1oc2ccccc2cc1-c1cc2ccccc2o1,outside_MR_TADF,outside_CzBN_domain,outside_CzBN_domain
E00_133_00769,COc1ccc(-c2c3ccc([nH]3)c3nc(c(-c4ccc(C#N)cc4)c4ccc([nH]4)c4ccc([nH]4)c(-c4ccc(OC)cc4)c4ccc2o4)C=C3)cc1,UGXGCDMYKBOUPK-UHFFFAOYSA-N,,doi:10.1016/j.jphotochem.2005.04.024,toluene,1,2.225007012793775,2.225007012793775,0.0,2.225007012793775,2.225007012793775,0.0,2.225007012793775,general_only,C1CCC(C2C3CCC(C3)C3CCC(C3)C(C3CCCCC3)C3CCC(C3)C(C3CCCCC3)C3CCC(C3)C3CCC2C3)CC1,C1=Cc2nc1c(-c1ccccc1)c1ccc([nH]1)c1ccc([nH]1)c(-c1ccccc1)c1ccc(o1)c(-c1ccccc1)c1ccc2[nH]1,outside_MR_TADF,outside_CzBN_domain,outside_CzBN_domain
E00_133_00770,COc1ccc(-c2c3ccc([nH]3)c3nc(c(-c4ccc([N+](=O)[O-])cc4)c4ccc([nH]4)c4ccc([nH]4)c(-c4ccc(OC)cc4)c4ccc2o4)C=C3)cc1,AEGMYIIMIBBQLE-UHFFFAOYSA-N,,doi:10.1016/j.jphotochem.2005.04.024,toluene,1,2.22290015464914,2.22290015464914,0.0,2.22290015464914,2.22290015464914,0.0,2.22290015464914,general_only,C1CCC(C2C3CCC(C3)C3CCC(C3)C(C3CCCCC3)C3CCC(C3)C(C3CCCCC3)C3CCC(C3)C3CCC2C3)CC1,C1=Cc2nc1c(-c1ccccc1)c1ccc([nH]1)c1ccc([nH]1)c(-c1ccccc1)c1ccc(o1)c(-c1ccccc1)c1ccc2[nH]1,outside_MR_TADF,outside_CzBN_domain,outside_CzBN_domain
E00_133_00771,COc1ccc(-c2c3ccccc3c3n2[B-](F)(F)[N+]2=Cc4c5ccccc5c(-c5ccc(OC)cc5)n4[B-](F)(F)[N+]2=C3)cc1,YIAKSYZZDKMIST-UHFFFAOYSA-N,,DOI: 10.1021/acs.joc.6b02291,toluene,1,2.0773052508803804,2.0773052508803804,0.0,2.0773052508803804,2.0773052508803804,0.0,2.0773052508803804,general_only,C1CCC(C2C3CCCCC3C3CC4CC5C(CC4CC32)C2CCCCC2C5C2CCCCC2)CC1,[BH2-]1n2c(c3ccccc3c2-c2ccccc2)C=[N+]2[BH2-]n3c(c4ccccc4c3-c3ccccc3)C=[N+]12,outside_MR_TADF,outside_CzBN_domain,outside_CzBN_domain
E00_133_00772,COc1ccc(-c2cc(C)nc(-c3ccc(-n4c5ccccc5c5ccccc54)cc3)n2)cc1,RBHMJLZJPIGQRZ-UHFFFAOYSA-N,,https://doi.org/10.1016/j.dyepig.2015.03.008,toluene,1,3.4583934583934584,3.4583934583934584,0.0,3.4583934583934584,3.4583934583934584,0.0,3.4583934583934584,general_only,C1CCC(C2CCCC(C3CCC(C4C5CCCCC5C5CCCCC54)CC3)C2)CC1,c1ccc(-c2ccnc(-c3ccc(-n4c5ccccc5c5ccccc54)cc3)n2)cc1,outside_MR_TADF,outside_CzBN_domain,outside_CzBN_domain
E00_133_00773,COc1ccc(-c2ccc(-c3ccc(C#N)s3)s2)cc1,WZXLEXRMHNUPIS-UHFFFAOYSA-N,,https://doi.org/10.1016/j.molliq.2019.04.133,toluene,1,3.026713947990544,3.026713947990544,0.0,3.026713947990544,3.026713947990544,0.0,3.026713947990544,general_only,C1CCC(C2CCC(C3CCCC3)C2)CC1,c1ccc(-c2ccc(-c3cccs3)s2)cc1,outside_MR_TADF,outside_CzBN_domain,outside_CzBN_domain
E00_133_00774,COc1ccc(-c2ccc3c(c2)c2cc(-c4ccc(OC)cc4)ccc2n3-c2ccc(C(=O)c3ccc4sc5ccccc5c4c3)cc2)cc1,XRJVRGWZRGAOKZ-UHFFFAOYSA-N,,10.1016/j.dyepig.2019.03.016,toluene,1,3.0392720899569414,3.0392720899569414,0.0,3.0392720899569414,3.0392720899569414,0.0,3.0392720899569414,general_only,CC(C1CCC(C2C3CCC(C4CCCCC4)CC3C3CC(C4CCCCC4)CCC32)CC1)C1CCC2CC3CCCCC3C2C1,O=C(c1ccc(-n2c3ccc(-c4ccccc4)cc3c3cc(-c4ccccc4)ccc32)cc1)c1ccc2sc3ccccc3c2c1,outside_MR_TADF,outside_CzBN_domain,outside_CzBN_domain
E00_133_00775,COc1ccc(-c2ccc3c(c2)c2cc(-c4ccc(OC)cc4)ccc2n3-c2ccc(C(=O)c3ccc4sc5ccccc5c4c3)cn2)cc1,QRWNXGVASOHHOC-UHFFFAOYSA-N,,10.1016/j.dyepig.2019.03.016,toluene,1,2.916786649322907,2.916786649322907,0.0,2.916786649322907,2.916786649322907,0.0,2.916786649322907,general_only,CC(C1CCC(C2C3CCC(C4CCCCC4)CC3C3CC(C4CCCCC4)CCC32)CC1)C1CCC2CC3CCCCC3C2C1,O=C(c1ccc(-n2c3ccc(-c4ccccc4)cc3c3cc(-c4ccccc4)ccc32)nc1)c1ccc2sc3ccccc3c2c1,outside_MR_TADF,outside_CzBN_domain,outside_CzBN_domain
E00_133_00776,COc1ccc(-c2ccc3c(c2)c2cc(-c4ccc(OC)cc4)ccc2n3-c2ccc(C(=O)c3ccc4sc5ccccc5c4c3)nc2)cc1,RKJPGYYEYKKXIL-UHFFFAOYSA-N,,10.1016/j.dyepig.2019.03.016,toluene,1,2.862326633954334,2.862326633954334,0.0,2.862326633954334,2.862326633954334,0.0,2.862326633954334,general_only,CC(C1CCC(C2C3CCC(C4CCCCC4)CC3C3CC(C4CCCCC4)CCC32)CC1)C1CCC2CC3CCCCC3C2C1,O=C(c1ccc2sc3ccccc3c2c1)c1ccc(-n2c3ccc(-c4ccccc4)cc3c3cc(-c4ccccc4)ccc32)cn1,outside_MR_TADF,outside_CzBN_domain,outside_CzBN_domain
E00_133_00777,COc1ccc(-c2csc(-c3ccncc3)n2)cc1,SKHJXKHKCQDSOX-UHFFFAOYSA-N,,https://doi.org/10.1016/j.dyepig.2019.02.051,toluene,1,3.3175053153791634,3.3175053153791634,0.0,3.3175053153791634,3.3175053153791634,0.0,3.3175053153791634,general_only,C1CCC(C2CCC(C3CCCCC3)C2)CC1,c1ccc(-c2csc(-c3ccncc3)n2)cc1,outside_MR_TADF,outside_CzBN_domain,outside_CzBN_domain
E00_133_00778,COc1ccc(-c2csc(/C(C#N)=C/c3ccc(C#N)cc3)n2)cc1,VLGMWUGBAFHXSD-LICLKQGHSA-N,,https://doi.org/10.1016/j.dyepig.2019.02.051,toluene,1,2.7446050096339114,2.7446050096339114,0.0,2.7446050096339114,2.7446050096339114,0.0,2.7446050096339114,general_only,C1CCC(CCC2CCC(C3CCCCC3)C2)CC1,C(=C/c1nc(-c2ccccc2)cs1)\c1ccccc1,outside_MR_TADF,outside_CzBN_domain,outside_CzBN_domain
E00_133_00779,COc1ccc(-c2csc(/C(C#N)=C/c3ccncc3)n2)cc1,XDPIPWICUUKHIH-XNTDXEJSSA-N,,https://doi.org/10.1016/j.dyepig.2019.02.051,toluene,1,2.819157603161025,2.819157603161025,0.0,2.819157603161025,2.819157603161025,0.0,2.819157603161025,general_only,C1CCC(CCC2CCC(C3CCCCC3)C2)CC1,C(=C/c1nc(-c2ccccc2)cs1)\c1ccncc1,outside_MR_TADF,outside_CzBN_domain,outside_CzBN_domain
E00_133_00780,COc1ccc(-c2csc(/C(C#N)=C\Nc3ccc(C#N)cc3)n2)cc1,LSYJGPVVBKOOOM-VBKFSLOCSA-N,,https://doi.org/10.1016/j.dyepig.2019.02.051,toluene,1,3.0331922795364865,3.0331922795364865,0.0,3.0331922795364865,3.0331922795364865,0.0,3.0331922795364865,general_only,C1CCC(CCCC2CCC(C3CCCCC3)C2)CC1,C(=C\c1nc(-c2ccccc2)cs1)\Nc1ccccc1,outside_MR_TADF,outside_CzBN_domain,outside_CzBN_domain
E00_133_00781,COc1ccc(-c2csc(/C(C#N)=N\Nc3ccc(C#N)cc3)n2)cc1,QYECQMZMHCAXRG-ULJHMMPZSA-N,,https://doi.org/10.1016/j.dyepig.2019.02.051,toluene,1,2.7859249262758032,2.7859249262758032,0.0,2.7859249262758032,2.7859249262758032,0.0,2.7859249262758032,general_only,C1CCC(CCCC2CCC(C3CCCCC3)C2)CC1,C(=N\Nc1ccccc1)\c1nc(-c2ccccc2)cs1,outside_MR_TADF,outside_CzBN_domain,outside_CzBN_domain
E00_133_00782,COc1ccc(-c2n[n+]3c(s2)N=C(c2ccccc2)O[B-]3(F)F)cc1,SFMVTXCILVZCQT-UHFFFAOYSA-N,,https://doi.org/10.1016/j.tet.2017.08.023,toluene,1,3.1985226466181222,3.1985226466181222,0.0,3.1985226466181222,3.1985226466181222,0.0,3.1985226466181222,general_only,C1CCC(C2CCC3CC(C4CCCCC4)CC3C2)CC1,[BH2-]1OC(c2ccccc2)=Nc2sc(-c3ccccc3)n[n+]21,outside_MR_TADF,outside_CzBN_domain,outside_CzBN_domain
E00_133_00783,COc1ccc(-c2nc(C)cc(-c3ccc(-n4c5ccccc5c5ccccc54)cc3)n2)cc1,DGEVEHNGSVXEMV-UHFFFAOYSA-N,,https://doi.org/10.1016/j.dyepig.2015.03.008,toluene,1,3.4079254079254078,3.4079254079254078,0.0,3.4079254079254078,3.4079254079254078,0.0,3.4079254079254078,general_only,C1CCC(C2CCCC(C3CCC(C4C5CCCCC5C5CCCCC54)CC3)C2)CC1,c1ccc(-c2nccc(-c3ccc(-n4c5ccccc5c5ccccc54)cc3)n2)cc1,outside_MR_TADF,outside_CzBN_domain,outside_CzBN_domain
E00_133_00784,COc1ccc(-c2nc3c(c4c2-c2ccc(C#N)cc2CC4)-c2ccc(C#N)cc2CC3)cc1,HYQURIFBJURHMX-UHFFFAOYSA-N,,http://dx.doi.org/10.1016/j.dyepig.2016.07.085,toluene,1,3.325481737945909,3.325481737945909,0.0,3.325481737945909,3.325481737945909,0.0,3.325481737945909,general_only,C1CCC(C2CC3CCC4CCCCC4C3C3CCC4CCCCC4C23)CC1,c1ccc(-c2nc3c(c4c2-c2ccccc2CC4)-c2ccccc2CC3)cc1,outside_MR_TADF,outside_CzBN_domain,outside_CzBN_domain
E00_133_00785,COc1ccc(-c2nc3c(c4c2-c2ccccc2CC4)-c2ccccc2CC3)cc1,BVGCPPATJYFPDU-UHFFFAOYSA-N,,http://dx.doi.org/10.1016/j.dyepig.2016.07.053,toluene,1,3.417213603818616,3.417213603818616,0.0,3.417213603818616,3.417213603818616,0.0,3.417213603818616,general_only,C1CCC(C2CC3CCC4CCCCC4C3C3CCC4CCCCC4C23)CC1,c1ccc(-c2nc3c(c4c2-c2ccccc2CC4)-c2ccccc2CC3)cc1,outside_MR_TADF,outside_CzBN_domain,outside_CzBN_domain
E00_133_00786,COc1ccc(-c2nnc(-c3cc(-c4nnc(-c5ccc(OC)cc5)o4)c(-n4c5ccccc5c5ccccc54)cc3-n3c4ccccc4c4ccccc43)o2)cc1,MNTZFZZOSCQORR-UHFFFAOYSA-N,,10.1021/acs.jpcc.9b08479,toluene,1,3.1197571604907175,3.1197571604907175,0.0,3.1197571604907175,3.1197571604907175,0.0,3.1197571604907175,general_only,C1CCC(C2CCC(C3CC(C4CCC(C5CCCCC5)C4)C(C4C5CCCCC5C5CCCCC54)CC3C3C4CCCCC4C4CCCCC43)C2)CC1,c1ccc(-c2nnc(-c3cc(-c4nnc(-c5ccccc5)o4)c(-n4c5ccccc5c5ccccc54)cc3-n3c4ccccc4c4ccccc43)o2)cc1,outside_MR_TADF,outside_CzBN_domain,outside_CzBN_domain
E00_133_00787,COc1ccc(-c2sc3c(-c4ccc(OC)cc4)c4n(c3c2-c2ccc(OC)cc2)[B-](F)(F)[N+]2=Cc3c(-c5ccc(OC)cc5)c5sc(-c6ccc(OC)cc6)c(-c6ccc(OC)cc6)c5n3[B-](F)(F)[N+]2=C4)cc1,FNTAWLJKWDLWOV-UHFFFAOYSA-N,,DOI: 10.1021/acs.joc.6b02291,toluene,1,1.9717093131930588,1.9717093131930588,0.0,1.9717093131930588,1.9717093131930588,0.0,1.9717093131930588,general_only,C1CCC(C2CC3C(C4CCCCC4)C4CC5CC6C(CC5CC4C3C2C2CCCCC2)C(C2CCCCC2)C2CC(C3CCCCC3)C(C3CCCCC3)C62)CC1,[BH2-]1n2c(c(-c3ccccc3)c3sc(-c4ccccc4)c(-c4ccccc4)c32)C=[N+]2[BH2-]n3c(c(-c4ccccc4)c4sc(-c5ccccc5)c(-c5ccccc5)c43)C=[N+]12,outside_MR_TADF,outside_CzBN_domain,outside_CzBN_domain
E00_133_00788,COc1ccc(-n2c3ccccc3c3cc(/C=C/C(=C(C#N)C#N)c4ccccc4)ccc32)cc1,MGYMIDHXDIJPSN-GZTJUZNOSA-N,,https://doi.org/10.1016/j.jlumin.2018.05.059,toluene,1,2.5564850021123786,2.5564850021123786,0.0,2.5564850021123786,2.5564850021123786,0.0,2.5564850021123786,general_only,CC(CCC1CCC2C(C1)C1CCCCC1C2C1CCCCC1)C1CCCCC1,C=C(/C=C/c1ccc2c(c1)c1ccccc1n2-c1ccccc1)c1ccccc1,outside_MR_TADF,outside_CzBN_domain,outside_CzBN_domain
E00_133_00789,COc1ccc(-n2c3ccccc3c3cc(C=C(C#N)C#N)ccc32)cc1,IFIRNDRNLVIKGP-UHFFFAOYSA-N,,https://doi.org/10.1016/j.jlumin.2018.05.059,toluene,1,2.901119301119301,2.901119301119301,0.0,2.901119301119301,2.901119301119301,0.0,2.901119301119301,general_only,C1CCC(C2C3CCCCC3C3CCCCC32)CC1,c1ccc(-n2c3ccccc3c3ccccc32)cc1,outside_MR_TADF,outside_CzBN_domain,outside_CzBN_domain
E00_133_00790,COc1ccc(/C=C/C2=CC(/C=C/c3ccc(OC)c(OC)c3)=[O+][B-](F)(F)O2)cc1OC,BAEUVJPTTPPHEU-NXZHAISVSA-N,,https://doi.org/10.1016/j.tet.2010.05.088,toluene,1,2.402378092310589,2.402378092310589,0.0,2.402378092310589,2.402378092310589,0.0,2.402378092310589,general_only,C1CCC(CCC2CCCC(CCC3CCCCC3)C2)CC1,[BH2-]1OC(/C=C/c2ccccc2)=CC(/C=C/c2ccccc2)=[O+]1,outside_MR_TADF,outside_CzBN_domain,outside_CzBN_domain
E00_133_00791,COc1ccc(/C=C/C2=CC(/C=C/c3ccc(OC)cc3)=[O+][B-](OC(C)=O)(OC(C)=O)O2)cc1,DNUKOCAXSSZXNR-KAVGSWPWSA-N,,https://doi.org/10.1016/j.saa.2019.05.031,toluene,1,2.575335397316821,2.575335397316821,0.0,2.575335397316821,2.575335397316821,0.0,2.575335397316821,general_only,C1CCC(CCC2CCCC(CCC3CCCCC3)C2)CC1,[BH2-]1OC(/C=C/c2ccccc2)=CC(/C=C/c2ccccc2)=[O+]1,outside_MR_TADF,outside_CzBN_domain,outside_CzBN_domain
E00_133_00792,COc1ccc(/C=C/C=C/C=C/c2ccc([N+](=O)[O-])cc2)cc1,MMRNCOXIOGYODS-NYYLHBDNSA-N,,DOI: 10.1021/jp064937j,toluene,1,2.625739481822313,2.625739481822313,0.0,2.625739481822313,2.625739481822313,0.0,2.625739481822313,general_only,C1CCC(CCCCCCC2CCCCC2)CC1,C(=C/C=C/c1ccccc1)\C=C\c1ccccc1,outside_MR_TADF,outside_CzBN_domain,outside_CzBN_domain
E00_133_00793,COc1ccc(/N=N/c2c(O)c3ccccc3n(C)c2=O)c(S(=O)(=O)O)c1,VGLYXEVESKRLFD-VHEBQXMUSA-N,,https://doi.org/10.1016/j.dyepig.2019.04.028,toluene,1,2.575451334800949,2.575451334800949,0.0,2.575451334800949,2.575451334800949,0.0,2.575451334800949,general_only,CC1CC2CCCCC2CC1CCC1CCCCC1,O=c1[nH]c2ccccc2cc1/N=N/c1ccccc1,outside_MR_TADF,outside_CzBN_domain,outside_CzBN_domain
E00_133_00794,COc1ccc(C#Cc2ccc(-c3nn[nH]n3)cc2)cc1OC,QGUHLOMILKNBPC-UHFFFAOYSA-N,,http://dx.doi.org/10.1021/jp400115c,toluene,1,3.555388548976041,3.555388548976041,0.0,3.555388548976041,3.555388548976041,0.0,3.555388548976041,general_only,C1CCC(CCC2CCC(C3CCCC3)CC2)CC1,C(#Cc1ccc(-c2nn[nH]n2)cc1)c1ccccc1,outside_MR_TADF,outside_CzBN_domain,outside_CzBN_domain
E00_133_00795,COc1ccc(C#Cc2nc3ccccc3nc2-c2cn(C)c3ccccc23)cc1,MBCMOAOEMZFLNT-UHFFFAOYSA-N,,http://dx.doi.org/10.1021/jo4025978,toluene,1,2.848127848127848,2.848127848127848,0.0,2.848127848127848,2.848127848127848,0.0,2.848127848127848,general_only,C1CCC(CCC2CC3CCCCC3CC2C2CCC3CCCCC32)CC1,C(#Cc1nc2ccccc2nc1-c1c[nH]c2ccccc12)c1ccccc1,outside_MR_TADF,outside_CzBN_domain,outside_CzBN_domain
E00_133_00796,COc1ccc(C(=O)/C=C/c2ccc(N(C)C)cc2)cc1OC,HBBZSYPAQDRELN-YRNVUSSQSA-N,,https://doi.org/10.1016/j.optmat.2017.12.034,toluene,1,2.8594397901328596,2.8594397901328596,0.0,2.8594397901328596,2.8594397901328596,0.0,2.8594397901328596,general_only,CC(CCC1CCCCC1)C1CCCCC1,O=C(/C=C/c1ccccc1)c1ccccc1,outside_MR_TADF,outside_CzBN_domain,outside_CzBN_domain
E00_133_00797,COc1ccc(C2=C(Br)C(c3ccccc3)=[N+]3C2=Nc2c(-c4ccc(OC)cc4)c(Br)c(-c4ccccc4)n2[B-]3(F)F)cc1,NDLSNPBFEXRHDP-UHFFFAOYSA-N,,http://dx.doi.org/10.1016/j.tet.2015.07.074,toluene,1,1.8452625942104028,1.8452625942104028,0.0,1.8452625942104028,1.8452625942104028,0.0,1.8452625942104028,general_only,C1CCC(C2CC(C3CCCCC3)C3CC4C(C5CCCCC5)CC(C5CCCCC5)C4CC23)CC1,[BH2-]1n2c(-c3ccccc3)cc(-c3ccccc3)c2N=C2C(c3ccccc3)=CC(c3ccccc3)=[N+]12,outside_MR_TADF,outside_CzBN_domain,outside_CzBN_domain
E00_133_00798,COc1ccc(C2=C(c3ccc(-c4ccccc4)cc3)C(c3ccccc3)=[N+]3C2=Nc2c(-c4ccc(OC)cc4)c(-c4ccc(-c5ccccc5)cc4)c(-c4ccccc4)n2[B-]3(F)F)cc1,RGXDLHLFIDFDPR-UHFFFAOYSA-N,,http://dx.doi.org/10.1016/j.tet.2015.07.074,toluene,1,1.8110437389290093,1.8110437389290093,0.0,1.8110437389290093,1.8110437389290093,0.0,1.8110437389290093,general_only,C1CCC(C2CCC(C3C(C4CCCCC4)C4CC5C(CC4C3C3CCCCC3)C(C3CCCCC3)C(C3CCC(C4CCCCC4)CC3)C5C3CCCCC3)CC2)CC1,[BH2-]1n2c(c(-c3ccccc3)c(-c3ccc(-c4ccccc4)cc3)c2-c2ccccc2)N=C2C(c3ccccc3)=C(c3ccc(-c4ccccc4)cc3)C(c3ccccc3)=[N+]12,outside_MR_TADF,outside_CzBN_domain,outside_CzBN_domain
E00_133_00799,COc1ccc(C2=C(c3ccc(C)cc3)C(c3ccccc3)=[N+]3C2=Nc2c(-c4ccc(OC)cc4)c(-c4ccc(C)cc4)c(-c4ccccc4)n2[B-]3(F)F)cc1,NVEYKNUCZLAROT-UHFFFAOYSA-N,,http://dx.doi.org/10.1016/j.tet.2015.07.074,toluene,1,1.8195930372561835,1.8195930372561835,0.0,1.8195930372561835,1.8195930372561835,0.0,1.8195930372561835,general_only,C1CCC(C2C3CC4C(CC3C(C3CCCCC3)C2C2CCCCC2)C(C2CCCCC2)C(C2CCCCC2)C4C2CCCCC2)CC1,[BH2-]1n2c(c(-c3ccccc3)c(-c3ccccc3)c2-c2ccccc2)N=C2C(c3ccccc3)=C(c3ccccc3)C(c3ccccc3)=[N+]12,outside_MR_TADF,outside_CzBN_domain,outside_CzBN_domain
E00_133_00800,COc1ccc(C2=C(c3ccc(F)cc3)C(c3ccccc3)=[N+]3C2=Nc2c(-c4ccc(OC)cc4)c(-c4ccc(F)cc4)c(-c4ccccc4)n2[B-]3(F)F)cc1,GOGBHYPAKMDPRP-UHFFFAOYSA-N,,http://dx.doi.org/10.1016/j.tet.2015.07.074,toluene,1,1.845417769476582,1.845417769476582,0.0,1.845417769476582,1.845417769476582,0.0,1.845417769476582,general_only,C1CCC(C2C3CC4C(CC3C(C3CCCCC3)C2C2CCCCC2)C(C2CCCCC2)C(C2CCCCC2)C4C2CCCCC2)CC1,[BH2-]1n2c(c(-c3ccccc3)c(-c3ccccc3)c2-c2ccccc2)N=C2C(c3ccccc3)=C(c3ccccc3)C(c3ccccc3)=[N+]12,outside_MR_TADF,outside_CzBN_domain,outside_CzBN_domain
E00_133_00801,COc1ccc(C2=C(c3ccc(OC)cc3)C(c3ccccc3)=[N+]3C2=Nc2c(-c4ccc(OC)cc4)c(-c4ccc(OC)cc4)c(-c4ccccc4)n2[B-]3(F)F)cc1,BXGHLNHXTKGOTM-UHFFFAOYSA-N,,http://dx.doi.org/10.1016/j.tet.2015.07.074,toluene,1,1.7746788990825688,1.7746788990825688,0.0,1.7746788990825688,1.7746788990825688,0.0,1.7746788990825688,general_only,C1CCC(C2C3CC4C(CC3C(C3CCCCC3)C2C2CCCCC2)C(C2CCCCC2)C(C2CCCCC2)C4C2CCCCC2)CC1,[BH2-]1n2c(c(-c3ccccc3)c(-c3ccccc3)c2-c2ccccc2)N=C2C(c3ccccc3)=C(c3ccccc3)C(c3ccccc3)=[N+]12,outside_MR_TADF,outside_CzBN_domain,outside_CzBN_domain
E00_133_00802,COc1ccc(C2=C(c3ccc([N+](=O)[O-])cc3)C(c3ccccc3)=[N+]3C2=Nc2c(-c4ccc(OC)cc4)c(-c4ccc([N+](=O)[O-])cc4)c(-c4ccccc4)n2[B-]3(F)F)cc1,YQQMOIYICGUIAE-UHFFFAOYSA-N,,http://dx.doi.org/10.1016/j.tet.2015.07.074,toluene,1,1.8491750231135766,1.8491750231135766,0.0,1.8491750231135766,1.8491750231135766,0.0,1.8491750231135766,general_only,C1CCC(C2C3CC4C(CC3C(C3CCCCC3)C2C2CCCCC2)C(C2CCCCC2)C(C2CCCCC2)C4C2CCCCC2)CC1,[BH2-]1n2c(c(-c3ccccc3)c(-c3ccccc3)c2-c2ccccc2)N=C2C(c3ccccc3)=C(c3ccccc3)C(c3ccccc3)=[N+]12,outside_MR_TADF,outside_CzBN_domain,outside_CzBN_domain
E00_133_00803,COc1ccc(C2=C(c3ccccc3)C(c3ccccc3)=[N+]3C2=Nc2c(-c4ccc(OC)cc4)c(-c4ccccc4)c(-c4ccccc4)n2[B-]3(F)F)cc1,INQGXCIJPUFMRG-UHFFFAOYSA-N,,http://dx.doi.org/10.1016/j.tet.2015.07.074,toluene,1,1.837208282154764,1.837208282154764,0.0,1.837208282154764,1.837208282154764,0.0,1.837208282154764,general_only,C1CCC(C2C3CC4C(CC3C(C3CCCCC3)C2C2CCCCC2)C(C2CCCCC2)C(C2CCCCC2)C4C2CCCCC2)CC1,[BH2-]1n2c(c(-c3ccccc3)c(-c3ccccc3)c2-c2ccccc2)N=C2C(c3ccccc3)=C(c3ccccc3)C(c3ccccc3)=[N+]12,outside_MR_TADF,outside_CzBN_domain,outside_CzBN_domain
E00_133_00804,COc1ccc(C2=C3C(C)=CC(C)=[N+]3[B-](F)(F)n3c(/C=C/c4ccc(N(C)C)cc4)cc(C)c32)cc1,CENNUHNFCOLFQC-NTEUORMPSA-N,,10.1021/jp054878u,toluene,1,1.9901668039538716,1.9901668039538716,0.0,1.9901668039538716,1.9901668039538716,0.0,1.9901668039538716,general_only,C1CCC(CCC2CCC3C2CC2CCCC2C3C2CCCCC2)CC1,[BH2-]1n2c(/C=C/c3ccccc3)ccc2C(c2ccccc2)=C2C=CC=[N+]12,outside_MR_TADF,outside_CzBN_domain,outside_CzBN_domain
E00_133_00805,COc1ccc(C2=C3C(C)=CC(C)=[N+]3[B-](F)(F)n3c(C)cc(C)c32)cc1,BDFAWNUQYQQUAN-UHFFFAOYSA-N,,https://doi.org/10.1016/j.dyepig.2019.01.012,toluene,1,2.4363844110925825,2.4363844110925825,0.0,2.4363844110925825,2.4363844110925825,0.0,2.4363844110925825,general_only,C1CCC(C2C3CCCC3CC3CCCC32)CC1,[BH2-]1n2cccc2C(c2ccccc2)=C2C=CC=[N+]12,outside_MR_TADF,outside_CzBN_domain,outside_CzBN_domain
E00_133_00806,COc1ccc(C2=C3C(C)=CC(C=Cc4ccc(C(=O)OC5C[C@H]6CCC5(C)C6(C)C)cc4)=[N+]3[B-](F)(F)n3c(/C=C/c4ccc(C(=O)OC5CC6CCC5(C)C6(C)C)cc4)cc(C)c32)cc1,PXKMOHXPWMYSMJ-TZABWLJBSA-N,,https://doi.org/10.1016/j.dyepig.2019.01.012,toluene,1,1.8419894366197183,1.8419894366197183,0.0,1.8419894366197183,1.8419894366197183,0.0,1.8419894366197183,general_only,CC(CC1CC2CCC1C2)C1CCC(CCC2CCC3C2CC2C(CCC4CCC(C(C)CC5CC6CCC5C6)CC4)CCC2C3C2CCCCC2)CC1,O=C(OC1CC2CCC1C2)c1ccc(/C=C/c2ccc3n2[BH2-][N+]2=C(C=Cc4ccc(C(=O)OC5C[C@H]6CCC5C6)cc4)C=CC2=C3c2ccccc2)cc1,outside_MR_TADF,outside_CzBN_domain,outside_CzBN_domain
E00_133_00807,COc1ccc(C2=C3C(C)=CC(C=Cc4ccc(C(=O)OC5C[C@H]6CCC5(C)C6(C)C)cc4)=[N+]3[B-](F)(F)n3c(C)cc(C)c32)cc1,ZLTKTTOZPFNKRL-SVAAYNADSA-N,,https://doi.org/10.1016/j.dyepig.2019.01.012,toluene,1,2.080385021452479,2.080385021452479,0.0,2.080385021452479,2.080385021452479,0.0,2.080385021452479,general_only,CC(CC1CC2CCC1C2)C1CCC(CCC2CCC3C2CC2CCCC2C3C2CCCCC2)CC1,O=C(OC1C[C@H]2CCC1C2)c1ccc(C=CC2=[N+]3[BH2-]n4cccc4C(c4ccccc4)=C3C=C2)cc1,outside_MR_TADF,outside_CzBN_domain,outside_CzBN_domain
E00_133_00808,COc1ccc(C2=C3C=CC(C)=[N+]3[B-](F)(F)n3c(C)ccc32)cc1,IOOSLTBTHQJDKB-UHFFFAOYSA-N,,10.1021/jp052626n,toluene,1,2.3941436068702293,2.3941436068702293,0.0,2.3941436068702293,2.3941436068702293,0.0,2.3941436068702293,general_only,C1CCC(C2C3CCCC3CC3CCCC32)CC1,[BH2-]1n2cccc2C(c2ccccc2)=C2C=CC=[N+]12,outside_MR_TADF,outside_CzBN_domain,outside_CzBN_domain
E00_133_00809,COc1ccc(C2=CC(c3ccc4cc(N(C)C)ccc4c3)=[O+][B-](F)(F)O2)cc1,ZTYHFUBTEUVGMC-UHFFFAOYSA-N,,https://doi.org/10.1016/j.cclet.2019.04.058,toluene,1,2.398108852654307,2.398108852654307,0.0,2.398108852654307,2.398108852654307,0.0,2.398108852654307,general_only,C1CCC(C2CCCC(C3CCC4CCCCC4C3)C2)CC1,[BH2-]1OC(c2ccccc2)=CC(c2ccc3ccccc3c2)=[O+]1,outside_MR_TADF,outside_CzBN_domain,outside_CzBN_domain
E00_133_00810,COc1ccc(C2=CC(c3ccccc3)=[N+]3C2=Nc2c(-c4ccc(OC)cc4)cc(-c4ccccc4)n2[B-]3(F)F)cc1,BGXJVQIABPOTLK-UHFFFAOYSA-N,,http://dx.doi.org/10.1016/j.tet.2015.07.074,toluene,1,1.8246698304087112,1.8246698304087112,0.0,1.8246698304087112,1.8246698304087112,0.0,1.8246698304087112,general_only,C1CCC(C2CC(C3CCCCC3)C3CC4C(C5CCCCC5)CC(C5CCCCC5)C4CC23)CC1,[BH2-]1n2c(-c3ccccc3)cc(-c3ccccc3)c2N=C2C(c3ccccc3)=CC(c3ccccc3)=[N+]12,outside_MR_TADF,outside_CzBN_domain,outside_CzBN_domain
E00_133_00811,COc1ccc(C2=CC3=C(c4c(C)cc(C)cc4C)c4cc(-c5ccc(OC)cc5)c(-c5ccc(OC)cc5)n4[B-](F)(F)[N+]3=C2c2ccc(OC)cc2)cc1,SYEWOKNSQOOYBH-UHFFFAOYSA-N,,DOI: 10.1021/acs.joc.9b01425,toluene,1,1.9078050221565732,1.9078050221565732,0.0,1.9078050221565732,1.9078050221565732,0.0,1.9078050221565732,general_only,C1CCC(C2CC3C(CC4C(CC(C5CCCCC5)C4C4CCCCC4)C3C3CCCCC3)C2C2CCCCC2)CC1,[BH2-]1n2c(cc(-c3ccccc3)c2-c2ccccc2)C(c2ccccc2)=C2C=C(c3ccccc3)C(c3ccccc3)=[N+]12,outside_MR_TADF,outside_CzBN_domain,outside_CzBN_domain
E00_133_00812,COc1ccc(C2=Nc3sc(-c4ccccc4)n[n+]3[B-](F)(F)O2)cc1,QHVMLGPUSYQYTI-UHFFFAOYSA-N,,https://doi.org/10.1016/j.tet.2017.08.023,toluene,1,3.239157574770667,3.239157574770667,0.0,3.239157574770667,3.239157574770667,0.0,3.239157574770667,general_only,C1CCC(C2CCC3CC(C4CCCCC4)CC3C2)CC1,[BH2-]1OC(c2ccccc2)=Nc2sc(-c3ccccc3)n[n+]21,outside_MR_TADF,outside_CzBN_domain,outside_CzBN_domain
E00_133_00813,COc1ccc(C2=[N+]3C(=C(c4ccc(C#N)cc4)c4cc(-c5ccc(C#N)cc5)c(-c5ccc(OC)cc5)n4[B-]3(F)F)C=C2c2ccc(C#N)cc2)cc1,DAHJAYHEVNJZMW-UHFFFAOYSA-N,,DOI: 10.1021/acs.joc.6b02941,toluene,1,1.9062203576198318,1.9062203576198318,0.0,1.9062203576198318,1.9062203576198318,0.0,1.9062203576198318,general_only,C1CCC(C2CC3C(CC4C(CC(C5CCCCC5)C4C4CCCCC4)C3C3CCCCC3)C2C2CCCCC2)CC1,[BH2-]1n2c(cc(-c3ccccc3)c2-c2ccccc2)C(c2ccccc2)=C2C=C(c3ccccc3)C(c3ccccc3)=[N+]12,outside_MR_TADF,outside_CzBN_domain,outside_CzBN_domain
E00_133_00814,COc1ccc(C2=[N+]3C(=C(c4ccc(C#N)cc4)c4cc(-c5cccs5)c(-c5ccc(OC)cc5)n4[B-]3(F)F)C=C2c2cccs2)cc1,ZHCFQQFZNYBBSS-UHFFFAOYSA-N,,DOI: 10.1021/acs.joc.6b02941,toluene,1,1.8264088495920254,1.8264088495920254,0.0,1.8264088495920254,1.8264088495920254,0.0,1.8264088495920254,general_only,C1CCC(C2C(C3CCCC3)CC3C2CC2C(CC(C4CCCC4)C2C2CCCCC2)C3C2CCCCC2)CC1,[BH2-]1n2c(cc(-c3cccs3)c2-c2ccccc2)C(c2ccccc2)=C2C=C(c3cccs3)C(c3ccccc3)=[N+]12,outside_MR_TADF,outside_CzBN_domain,outside_CzBN_domain
E00_133_00815,COc1ccc(C2=[N+]3C(=C(c4ccc(C#N)cc4)c4cc(Cl)c(-c5ccc(OC)cc5)n4[B-]3(F)F)C=C2Cl)cc1,PNTLBPGVIOEUGJ-UHFFFAOYSA-N,,DOI: 10.1021/acs.joc.6b02941,toluene,1,1.9719085512188963,1.9719085512188963,0.0,1.9719085512188963,1.9719085512188963,0.0,1.9719085512188963,general_only,C1CCC(C2CCC3C2CC2C(C4CCCCC4)CCC2C3C2CCCCC2)CC1,[BH2-]1n2c(ccc2-c2ccccc2)C(c2ccccc2)=C2C=CC(c3ccccc3)=[N+]12,outside_MR_TADF,outside_CzBN_domain,outside_CzBN_domain
E00_133_00816,COc1ccc(C2=[N+]3C(=C(c4ccc(C(=O)OCc5ccccc5)cc4)c4cc(Cl)c(-c5ccc(OC)cc5)n4[B-]3(F)F)C=C2Cl)cc1,YNNMSVOORBMBBF-UHFFFAOYSA-N,,DOI: 10.1021/acs.joc.6b02941,toluene,1,1.9907202372982602,1.9907202372982602,0.0,1.9907202372982602,1.9907202372982602,0.0,1.9907202372982602,general_only,CC(CCC1CCCCC1)C1CCC(C2C3CCC(C4CCCCC4)C3CC3C(C4CCCCC4)CCC32)CC1,O=C(OCc1ccccc1)c1ccc(C2=C3C=CC(c4ccccc4)=[N+]3[BH2-]n3c2ccc3-c2ccccc2)cc1,outside_MR_TADF,outside_CzBN_domain,outside_CzBN_domain
E00_133_00817,COc1ccc(C2=[N+]3C(=Nc4c(-c5cc(OC)c(OC)c(OC)c5)c(-c5ccc(C(C)(C)C)cc5)c(-c5ccc(OC)cc5)n4[B-]3(F)F)C(c3cc(OC)c(OC)c(OC)c3)=C2c2ccc(C(C)(C)C)cc2)cc1,UXCHSWWUOBCZSG-UHFFFAOYSA-N,,DOI: 10.1021/acs.joc.7b01803,toluene,1,1.7473662482831989,1.7473662482831989,0.0,1.7473662482831989,1.7473662482831989,0.0,1.7473662482831989,general_only,C1CCC(C2C3CC4C(CC3C(C3CCCCC3)C2C2CCCCC2)C(C2CCCCC2)C(C2CCCCC2)C4C2CCCCC2)CC1,[BH2-]1n2c(c(-c3ccccc3)c(-c3ccccc3)c2-c2ccccc2)N=C2C(c3ccccc3)=C(c3ccccc3)C(c3ccccc3)=[N+]12,outside_MR_TADF,outside_CzBN_domain,outside_CzBN_domain
E00_133_00818,COc1ccc(C2=[N+]3C(=Nc4c(-c5cc(OC)c(OC)c(OC)c5)c(Br)c(-c5ccc(OC)cc5)n4[B-]3(F)F)C(c3cc(OC)c(OC)c(OC)c3)=C2Br)cc1,IKYZNASQLTWWRR-UHFFFAOYSA-N,,DOI: 10.1021/acs.joc.7b01803,toluene,1,1.7573928980802855,1.7573928980802855,0.0,1.7573928980802855,1.7573928980802855,0.0,1.7573928980802855,general_only,C1CCC(C2CC(C3CCCCC3)C3CC4C(C5CCCCC5)CC(C5CCCCC5)C4CC23)CC1,[BH2-]1n2c(-c3ccccc3)cc(-c3ccccc3)c2N=C2C(c3ccccc3)=CC(c3ccccc3)=[N+]12,outside_MR_TADF,outside_CzBN_domain,outside_CzBN_domain
E00_133_00819,COc1ccc(C2=[N+]3C(=Nc4c(-c5cc(OC)c(OC)c(OC)c5)cc(-c5ccc(OC)cc5)n4[B-]3(F)F)C(c3cc(OC)c(OC)c(OC)c3)=C2)cc1,MDZSSCABFNXVNC-UHFFFAOYSA-N,,DOI: 10.1021/acs.joc.7b01803,toluene,1,1.7446057401573558,1.7446057401573558,0.0,1.7446057401573558,1.7446057401573558,0.0,1.7446057401573558,general_only,C1CCC(C2CC(C3CCCCC3)C3CC4C(C5CCCCC5)CC(C5CCCCC5)C4CC23)CC1,[BH2-]1n2c(-c3ccccc3)cc(-c3ccccc3)c2N=C2C(c3ccccc3)=CC(c3ccccc3)=[N+]12,outside_MR_TADF,outside_CzBN_domain,outside_CzBN_domain
E00_133_00820,COc1ccc(C2=[N+]3C(=Nc4c(-c5cc(OC)c(OC)c(OC)c5Br)c(-c5ccc(C(C)(C)C)cc5)c(-c5ccc(OC)cc5)n4[B-]3(F)F)C(c3cc(OC)c(OC)c(OC)c3Br)=C2c2ccc(C(C)(C)C)cc2)cc1,BUPLRYVUCQBRCF-UHFFFAOYSA-N,,DOI: 10.1021/acs.joc.7b01803,toluene,1,1.7160248066763648,1.7160248066763648,0.0,1.7160248066763648,1.7160248066763648,0.0,1.7160248066763648,general_only,C1CCC(C2C3CC4C(CC3C(C3CCCCC3)C2C2CCCCC2)C(C2CCCCC2)C(C2CCCCC2)C4C2CCCCC2)CC1,[BH2-]1n2c(c(-c3ccccc3)c(-c3ccccc3)c2-c2ccccc2)N=C2C(c3ccccc3)=C(c3ccccc3)C(c3ccccc3)=[N+]12,outside_MR_TADF,outside_CzBN_domain,outside_CzBN_domain
E00_133_00821,COc1ccc(C2=[N+]3C(=Nc4c(-c5ccccc5-c5ccc(C(C)(C)C)cc5)cc(-c5ccc(OC)cc5)n4[B-]3(F)F)c3c2c2cc(C(C)(C)C)ccc2c2ccccc32)cc1,NSZZTQBHCVEUKD-UHFFFAOYSA-N,,DOI: 10.1021/acs.joc.7b01803,toluene,1,1.7419888205547105,1.7419888205547105,0.0,1.7419888205547105,1.7419888205547105,0.0,1.7419888205547105,general_only,C1CCC(C2CCCCC2C2CC(C3CCCCC3)C3CC4C(CC32)C2C3CCCCC3C3CCCCC3C2C4C2CCCCC2)CC1,[BH2-]1n2c(-c3ccccc3)cc(-c3ccccc3-c3ccccc3)c2N=C2c3c(c4ccccc4c4ccccc34)C(c3ccccc3)=[N+]12,outside_MR_TADF,outside_CzBN_domain,outside_CzBN_domain
E00_133_00822,COc1ccc(C2=[N+]3C(=Nc4c5c6cc(OC)c(OC)c(OC)c6c6cc(C(C)(C)C)ccc6c5c(-c5ccc(OC)cc5)n4[B-]3(F)F)c3c2c2ccc(C(C)(C)C)cc2c2c(OC)c(OC)c(OC)cc32)cc1,QXSMOSSBNBORQA-UHFFFAOYSA-N,,DOI: 10.1021/acs.joc.7b01803,toluene,1,1.6363652190565725,1.6363652190565725,0.0,1.6363652190565725,1.6363652190565725,0.0,1.6363652190565725,general_only,C1CCC(C2C3CC4C(CC3C3C5CCCCC5C5CCCCC5C23)C2C3CCCCC3C3CCCCC3C2C4C2CCCCC2)CC1,[BH2-]1n2c(c3c4ccccc4c4ccccc4c3c2-c2ccccc2)N=C2c3c(c4ccccc4c4ccccc34)C(c3ccccc3)=[N+]12,outside_MR_TADF,outside_CzBN_domain,outside_CzBN_domain
E00_133_00823,COc1ccc(C2=[N+]3C(=Nc4c5c6ccccc6c6ccc(C(C)(C)C)cc6c5c(-c5ccc(OC)cc5)n4[B-]3(F)F)c3c2c2cc(C(C)(C)C)ccc2c2ccccc32)cc1,LURVQDPNJPYELP-UHFFFAOYSA-N,,DOI: 10.1021/acs.joc.7b01803,toluene,1,1.7026289402061234,1.7026289402061234,0.0,1.7026289402061234,1.7026289402061234,0.0,1.7026289402061234,general_only,C1CCC(C2C3CC4C(CC3C3C5CCCCC5C5CCCCC5C23)C2C3CCCCC3C3CCCCC3C2C4C2CCCCC2)CC1,[BH2-]1n2c(c3c4ccccc4c4ccccc4c3c2-c2ccccc2)N=C2c3c(c4ccccc4c4ccccc34)C(c3ccccc3)=[N+]12,outside_MR_TADF,outside_CzBN_domain,outside_CzBN_domain
E00_133_00824,COc1ccc(N(c2ccc(/C=C(\C)c3ccccc3)cc2)c2ccc(/C=C(\C)c3ccccc3)cc2)cc1,IMPOXAIECDBMIK-TUUFZWAFSA-N,,http://dx.doi.org/10.1021/jp3099297,toluene,1,3.128584059618542,3.128584059618542,0.0,3.128584059618542,3.128584059618542,0.0,3.128584059618542,general_only,C1CCC(CCC2CCC(C(C3CCCCC3)C3CCC(CCC4CCCCC4)CC3)CC2)CC1,C(=Cc1ccc(N(c2ccccc2)c2ccc(C=Cc3ccccc3)cc2)cc1)c1ccccc1,outside_MR_TADF,outside_CzBN_domain,outside_CzBN_domain
E00_133_00825,COc1ccc(N(c2ccc(/C=C(\C)c3ccccc3)cc2)c2ccc(OC)cc2)cc1,ULLURGOGPIWHRO-QURGRASLSA-N,,http://dx.doi.org/10.1021/jp3099297,toluene,1,3.1706720872787155,3.1706720872787155,0.0,3.1706720872787155,3.1706720872787155,0.0,3.1706720872787155,general_only,C1CCC(CCC2CCC(C(C3CCCCC3)C3CCCCC3)CC2)CC1,C(=Cc1ccc(N(c2ccccc2)c2ccccc2)cc1)c1ccccc1,outside_MR_TADF,outside_CzBN_domain,outside_CzBN_domain
E00_133_00826,COc1ccc(N(c2ccc(C=C(c3ccccc3)c3ccccc3)cc2)c2ccc(C=C(c3ccccc3)c3ccccc3)cc2)cc1,PCKYWFGXKRHIAR-UHFFFAOYSA-N,,http://dx.doi.org/10.1021/jp3099297,toluene,1,2.861503202741737,2.861503202741737,0.0,2.861503202741737,2.861503202741737,0.0,2.861503202741737,general_only,C1CCC(C(CC2CCC(C(C3CCCCC3)C3CCC(CC(C4CCCCC4)C4CCCCC4)CC3)CC2)C2CCCCC2)CC1,C(=C(c1ccccc1)c1ccccc1)c1ccc(N(c2ccccc2)c2ccc(C=C(c3ccccc3)c3ccccc3)cc2)cc1,outside_MR_TADF,outside_CzBN_domain,outside_CzBN_domain
E00_133_00827,COc1ccc(N(c2ccc(C=C(c3ccccc3)c3ccccc3)cc2)c2ccc(OC)cc2)cc1,BOMVCWYAUSVTFF-UHFFFAOYSA-N,,http://dx.doi.org/10.1021/jp3099297,toluene,1,2.9168298307444633,2.9168298307444633,0.0,2.9168298307444633,2.9168298307444633,0.0,2.9168298307444633,general_only,C1CCC(C(CC2CCC(C(C3CCCCC3)C3CCCCC3)CC2)C2CCCCC2)CC1,C(=C(c1ccccc1)c1ccccc1)c1ccc(N(c2ccccc2)c2ccccc2)cc1,outside_MR_TADF,outside_CzBN_domain,outside_CzBN_domain
E00_133_00828,COc1ccc(N(c2ccc(OC)cc2)c2cc3ccc4cc(B(c5c(C)cc(C)cc5C)c5c(C)cc(C)cc5C)cc5ccc(c2)c3c45)cc1,QAXFBQJFBMDXRN-UHFFFAOYSA-N,,DOI: 10.1021/acs.joc.7b00315,toluene,1,2.812780360492619,2.812780360492619,0.0,2.812780360492619,2.812780360492619,0.0,2.812780360492619,general_only,C1CCC(C(C2CCCCC2)C2CC3CCC4CC(C(C5CCCCC5)C5CCCCC5)CC5CCC(C2)C3C45)CC1,c1ccc(B(c2ccccc2)c2cc3ccc4cc(N(c5ccccc5)c5ccccc5)cc5ccc(c2)c3c45)cc1,outside_MR_TADF,outside_CzBN_domain,outside_CzBN_domain
E00_133_00829,COc1ccc(N(c2ccc(OC)cc2)c2ccc(-c3ccc4c(c3)C(=O)c3ccccc3C4=O)cc2)cc1,CBYVROFTLRHDJB-UHFFFAOYSA-N,,http://dx.doi.org/10.1016/j.dyepig.2017.05.024,toluene,1,2.2020888000269445,2.2020888000269445,0.0,2.2020888000269445,2.2020888000269445,0.0,2.2020888000269445,general_only,CC1C2CCCCC2C(C)C2CC(C3CCC(C(C4CCCCC4)C4CCCCC4)CC3)CCC12,O=C1c2ccccc2C(=O)c2cc(-c3ccc(N(c4ccccc4)c4ccccc4)cc3)ccc21,outside_MR_TADF,outside_CzBN_domain,outside_CzBN_domain
E00_133_00830,COc1ccc(N(c2ccc(OC)cc2)c2ccc3c4cccc5c(N(c6ccc(OC)cc6)c6ccc(OC)cc6)ccc(c6cccc2c63)c54)cc1,HQKKKQGOXQDYAK-UHFFFAOYSA-N,,DOI: 10.1021/acs.joc.9b01849,toluene,1,2.274744382456211,2.274744382456211,0.0,2.274744382456211,2.274744382456211,0.0,2.274744382456211,general_only,C1CCC(C(C2CCCCC2)C2CCC3C4CCCC5C(C(C6CCCCC6)C6CCCCC6)CCC(C6CCCC2C63)C54)CC1,c1ccc(N(c2ccccc2)c2ccc3c4cccc5c(N(c6ccccc6)c6ccccc6)ccc(c6cccc2c63)c54)cc1,outside_MR_TADF,outside_CzBN_domain,outside_CzBN_domain
E00_133_00831,COc1ccc(N(c2ccc(OC)cc2)c2ccc3ccc4c(B(c5c(C)cc(C)cc5C)c5c(C)cc(C)cc5C)ccc5ccc2c3c54)cc1,FPNZSCVUPPQYTE-UHFFFAOYSA-N,,DOI: 10.1021/acs.joc.7b00315,toluene,1,2.4002224900343005,2.4002224900343005,0.0,2.4002224900343005,2.4002224900343005,0.0,2.4002224900343005,general_only,C1CCC(C(C2CCCCC2)C2CCC3CCC4C(C(C5CCCCC5)C5CCCCC5)CCC5CCC2C3C54)CC1,c1ccc(B(c2ccccc2)c2ccc3ccc4c(N(c5ccccc5)c5ccccc5)ccc5ccc2c3c54)cc1,outside_MR_TADF,outside_CzBN_domain,outside_CzBN_domain
E00_133_00832,COc1ccc(N(c2ccccc2)c2cc3ccc4cc(N(c5ccccc5)c5ccc(OC)cc5)cc5ccc(c2)c3c45)cc1,WZXMBKRIPNDEOG-UHFFFAOYSA-N,,http://dx.doi.org/10.1021/ja2006862,toluene,1,2.654960475575463,2.654960475575463,0.0,2.654960475575463,2.654960475575463,0.0,2.654960475575463,general_only,C1CCC(C(C2CCCCC2)C2CC3CCC4CC(C(C5CCCCC5)C5CCCCC5)CC5CCC(C2)C3C45)CC1,c1ccc(N(c2ccccc2)c2cc3ccc4cc(N(c5ccccc5)c5ccccc5)cc5ccc(c2)c3c45)cc1,outside_MR_TADF,outside_CzBN_domain,outside_CzBN_domain
E00_133_00833,COc1ccc(N(c2ccccc2)c2ccc(OC)cc2)cc1,ZJPTYHDCQPDNBH-UHFFFAOYSA-N,,http://dx.doi.org/10.1021/jp3099297,toluene,1,3.6687338501291995,3.6687338501291995,0.0,3.6687338501291995,3.6687338501291995,0.0,3.6687338501291995,general_only,C1CCC(C(C2CCCCC2)C2CCCCC2)CC1,c1ccc(N(c2ccccc2)c2ccccc2)cc1,outside_MR_TADF,outside_CzBN_domain,outside_CzBN_domain
E00_133_00834,COc1ccc(N(c2ccccc2)c2ccccc2)cc1,KIGTXAWIOISJOG-UHFFFAOYSA-N,,http://dx.doi.org/10.1021/jp3099297,toluene,1,3.735776986738637,3.735776986738637,0.0,3.735776986738637,3.735776986738637,0.0,3.735776986738637,general_only,C1CCC(C(C2CCCCC2)C2CCCCC2)CC1,c1ccc(N(c2ccccc2)c2ccccc2)cc1,outside_MR_TADF,outside_CzBN_domain,outside_CzBN_domain
E00_133_00835,COc1ccc(N2c3ccc4ccccc4c3-c3c4ccccc4cc[n+]3[B-]2(c2ccccc2)c2ccccc2)cc1,QCZLJNYUAQNNMM-UHFFFAOYSA-N,,DOI: 10.1021/acs.joc.6b01569,toluene,2,2.1595463818552743,2.1595463818552743,0.0,2.1595463818552743,2.1595463818552743,0.0,2.1595463818552743,general_only,C1CCC(C2C3CCC4CCCCC4C3C3C4CCCCC4CCC3C2(C2CCCCC2)C2CCCCC2)CC1,c1ccc(N2c3ccc4ccccc4c3-c3c4ccccc4cc[n+]3[B-]2(c2ccccc2)c2ccccc2)cc1,outside_MR_TADF,outside_CzBN_domain,outside_CzBN_domain
E00_133_00836,COc1ccc(Nc2ccc3ccccc3n2)cc1,GQACZYQLUYMKPJ-UHFFFAOYSA-N,,https://doi.org/10.1016/j.jlumin.2018.12.059,toluene,1,3.147225722229626,3.147225722229626,0.0,3.147225722229626,3.147225722229626,0.0,3.147225722229626,general_only,C1CCC(CC2CCC3CCCCC3C2)CC1,c1ccc(Nc2ccc3ccccc3n2)cc1,outside_MR_TADF,outside_CzBN_domain,outside_CzBN_domain
E00_133_00837,COc1ccc2c(=O)c3c([nH]c2c1)-c1cc(Cl)ccc1NC3(C)C,ONCSKHXWCHJAAE-UHFFFAOYSA-N,,DOI: 10.1021/acs.orglett.5b02680,toluene,1,2.830654553924994,2.830654553924994,0.0,2.830654553924994,2.830654553924994,0.0,2.830654553924994,general_only,CC1C2CCCCC2CC2C3CCCCC3CCC12,O=c1c2c([nH]c3ccccc13)-c1ccccc1NC2,outside_MR_TADF,outside_CzBN_domain,outside_CzBN_domain
E00_133_00838,COc1ccc2c(=O)c3c([nH]c2c1)-c1ccccc1NC3(C)C,WAPLZSWQZYSBKD-UHFFFAOYSA-N,,DOI: 10.1021/acs.orglett.5b02680,toluene,1,2.889335972685937,2.889335972685937,0.0,2.889335972685937,2.889335972685937,0.0,2.889335972685937,general_only,CC1C2CCCCC2CC2C3CCCCC3CCC12,O=c1c2c([nH]c3ccccc13)-c1ccccc1NC2,outside_MR_TADF,outside_CzBN_domain,outside_CzBN_domain
E00_133_00839,COc1ccc2c(c1)[nH]c1c3[nH]c4cc(OC)ccc4c3c3nsnc3c21,ZBEHTATXXIFBSJ-UHFFFAOYSA-N,,DOI: 10.1021/jo301458m,toluene,1,2.696348479511565,2.696348479511565,0.0,2.696348479511565,2.696348479511565,0.0,2.696348479511565,general_only,C1CCC2C(C1)CC1C3CC4CCCCC4C3C3CCCC3C21,c1ccc2c(c1)[nH]c1c3[nH]c4ccccc4c3c3nsnc3c21,outside_MR_TADF,outside_CzBN_domain,outside_CzBN_domain
E00_133_00840,COc1ccc2c(c1)c1c(c3cc(OC)ccc32)=[N+]2C(=C(c3c(C)cc(C)cc3C)c3cc4c5cc(OC)ccc5c5ccc(OC)cc5c4n3[B-]2(F)F)C=1,BBTDRIWOHPZMTP-UHFFFAOYSA-N,,DOI: 10.1021/acs.joc.9b01425,toluene,1,1.7738049955623176,1.7738049955623176,0.0,1.7738049955623176,1.7738049955623176,0.0,1.7738049955623176,general_only,C1CCC(C2C3CC4C5CCCCC5C5CCCCC5C4C3CC3C2CC2C4CCCCC4C4CCCCC4C23)CC1,[BH2-]1n2c(cc3c4ccccc4c4ccccc4c32)C(c2ccccc2)=C2C=c3c(c4ccccc4c4ccccc34)=[N+]12,outside_MR_TADF,outside_CzBN_domain,outside_CzBN_domain
E00_133_00841,COc1ccc2c(c1)c1cc(OC)ccc1n2-c1ccc(S(=O)(=O)c2ccc(-n3c4ccc(OC)cc4c4cc(OC)ccc43)cc2)cc1,XHCBFPGLHLGABY-UHFFFAOYSA-N,,DOI: 10.1039/c3tc31936a,toluene,1,3.07032988706479,3.07032988706479,0.0,3.07032988706479,3.07032988706479,0.0,3.07032988706479,general_only,CC(C)(C1CCC(C2C3CCCCC3C3CCCCC32)CC1)C1CCC(C2C3CCCCC3C3CCCCC32)CC1,O=S(=O)(c1ccc(-n2c3ccccc3c3ccccc32)cc1)c1ccc(-n2c3ccccc3c3ccccc32)cc1,outside_MR_TADF,outside_CzBN_domain,outside_CzBN_domain
E00_133_00842,COc1ccc2c(c1)c1cc(OC)ccc1n2-c1ccc2c(c1)-c1cc(-n3c4ccc(OC)cc4c4cc(OC)ccc43)ccc1P2(=O)c1ccccc1,RELBRAJQLGBXPX-UHFFFAOYSA-N,,DOI: 10.1021/acsami.9b05950,toluene,1,2.982737810571383,2.982737810571383,0.0,2.982737810571383,2.982737810571383,0.0,2.982737810571383,general_only,CC1(C2CCCCC2)C2CCC(C3C4CCCCC4C4CCCCC43)CC2C2CC(C3C4CCCCC4C4CCCCC43)CCC21,O=P1(c2ccccc2)c2ccc(-n3c4ccccc4c4ccccc43)cc2-c2cc(-n3c4ccccc4c4ccccc43)ccc21,outside_MR_TADF,outside_CzBN_domain,outside_CzBN_domain
E00_133_00843,COc1ccc2c(c1)c1cc(OC)ccc1n2-c1cccc(-n2c3ccc(OC)cc3c3cc(OC)ccc32)c1C#N,PMMWMMQKGMMQMD-UHFFFAOYSA-N,,https://doi.org/10.1002/adfm.201706023,toluene,1,2.9335038363171355,2.9335038363171355,0.0,2.9335038363171355,2.9335038363171355,0.0,2.9335038363171355,general_only,C1CC(C2C3CCCCC3C3CCCCC32)CC(C2C3CCCCC3C3CCCCC32)C1,c1cc(-n2c3ccccc3c3ccccc32)cc(-n2c3ccccc3c3ccccc32)c1,outside_MR_TADF,outside_CzBN_domain,outside_CzBN_domain
E00_133_00844,COc1ccc2c(c1)c1cc(OC)ccc1n2-c1nc2ccccc2nc1-n1c2ccc(OC)cc2c2cc(OC)ccc21,BBNUBNNONGOYMC-UHFFFAOYSA-N,,DOI: 10.1021/acs.jpclett.8b00136,toluene,1,2.484056398279428,2.484056398279428,0.0,2.484056398279428,2.484056398279428,0.0,2.484056398279428,general_only,C1CCC2CC(C3C4CCCCC4C4CCCCC43)C(C3C4CCCCC4C4CCCCC43)CC2C1,c1ccc2nc(-n3c4ccccc4c4ccccc43)c(-n3c4ccccc4c4ccccc43)nc2c1,outside_MR_TADF,outside_CzBN_domain,outside_CzBN_domain
E00_133_00845,COc1ccc2c(c1)c1ccccc1n2-c1nc2ccccc2nc1-n1c2ccccc2c2cc(OC)ccc21,OCFNEBYXGHQEBW-UHFFFAOYSA-N,,DOI: 10.1021/acs.jpclett.8b00136,toluene,1,2.5728638973319824,2.5728638973319824,0.0,2.5728638973319824,2.5728638973319824,0.0,2.5728638973319824,general_only,C1CCC2CC(C3C4CCCCC4C4CCCCC43)C(C3C4CCCCC4C4CCCCC43)CC2C1,c1ccc2nc(-n3c4ccccc4c4ccccc43)c(-n3c4ccccc4c4ccccc43)nc2c1,outside_MR_TADF,outside_CzBN_domain,outside_CzBN_domain
E00_133_00846,COc1ccc2c(c1)sc1[n+]2[B-](F)(F)OC(c2ccc(N(C)C)cc2)=N1,INIQNFKEXZPJHM-UHFFFAOYSA-N,,DOI: 10.1021/acs.joc.8b02098,toluene,1,2.817629398838325,2.817629398838325,0.0,2.817629398838325,2.817629398838325,0.0,2.817629398838325,general_only,C1CCC(C2CCC3C(C2)CC2CCCCC23)CC1,[BH2-]1OC(c2ccccc2)=Nc2sc3ccccc3[n+]21,outside_MR_TADF,outside_CzBN_domain,outside_CzBN_domain
E00_133_00847,COc1ccc2c3c(c4ccc(C(C)(C)C)cc4c2c1)=C(c1cc(OC)c(OC)c(OC)c1)C1=Nc2c(-c4cc(OC)c(OC)c(OC)c4)c4c5ccc(C(C)(C)C)cc5c5cc(OC)ccc5c4n2[B-](F)(F)[N+]=31,CESGTOMBVRLTJN-UHFFFAOYSA-N,,DOI: 10.1021/acs.joc.7b01803,toluene,1,1.543349288225909,1.543349288225909,0.0,1.543349288225909,1.543349288225909,0.0,1.543349288225909,general_only,C1CCC(C2C3CC4C(CC3C3C5CCCCC5C5CCCCC5C23)C2C3CCCCC3C3CCCCC3C2C4C2CCCCC2)CC1,[BH2-]1n2c(c(-c3ccccc3)c3c4ccccc4c4ccccc4c32)N=C2C(c3ccccc3)=c3c(c4ccccc4c4ccccc34)=[N+]12,outside_MR_TADF,outside_CzBN_domain,outside_CzBN_domain
E00_133_00848,COc1ccc2c3c(c4ccc(OC)cc4c2c1)=[N+]1C(=C(c2c(C)cc(C)cc2C)c2cc4c5ccc(OC)cc5c5cc(OC)ccc5c4n2[B-]1(F)F)C=3,XDZHPJAUQIHEGD-UHFFFAOYSA-N,,DOI: 10.1021/acs.joc.9b01425,toluene,1,1.7893050353724511,1.7893050353724511,0.0,1.7893050353724511,1.7893050353724511,0.0,1.7893050353724511,general_only,C1CCC(C2C3CC4C5CCCCC5C5CCCCC5C4C3CC3C2CC2C4CCCCC4C4CCCCC4C23)CC1,[BH2-]1n2c(cc3c4ccccc4c4ccccc4c32)C(c2ccccc2)=C2C=c3c(c4ccccc4c4ccccc34)=[N+]12,outside_MR_TADF,outside_CzBN_domain,outside_CzBN_domain
E00_133_00849,COc1ccc2c3c(cccc13)C(=O)c1ccccc1-2,BGQDCDRDPCVLJE-UHFFFAOYSA-N,,10.1021/jp035610a,toluene,1,2.7267599999360694,2.7267599999360694,0.0,2.7267599999360694,2.7267599999360694,0.0,2.7267599999360694,general_only,CC1C2CCCCC2C2CCCC3CCCC1C32,O=C1c2ccccc2-c2cccc3cccc1c23,outside_MR_TADF,outside_CzBN_domain,outside_CzBN_domain
E00_133_00850,COc1ccc2c3ccc(OC)cc3n(-c3ccc(-c4nnc(-c5c(C(C)C)cc(C(C)C)cc5C(C)C)o4)cc3)c2c1,SQQUXKDWDHHTFZ-UHFFFAOYSA-N,,DOI: 10.1021/jo201488v,toluene,1,3.3623379697710956,3.3623379697710956,0.0,3.3623379697710956,3.3623379697710956,0.0,3.3623379697710956,general_only,C1CCC(C2CCC(C3CCC(C4C5CCCCC5C5CCCCC54)CC3)C2)CC1,c1ccc(-c2nnc(-c3ccc(-n4c5ccccc5c5ccccc54)cc3)o2)cc1,outside_MR_TADF,outside_CzBN_domain,outside_CzBN_domain
E00_133_00851,COc1ccc2c3ccc(OC)cc3n(-c3ccc(-c4nnc(-c5c(C)cc(C)cc5C)o4)cc3C)c2c1,JJMKPOQLXRDLMU-UHFFFAOYSA-N,,DOI: 10.1021/jo201488v,toluene,1,3.3655920163354516,3.3655920163354516,0.0,3.3655920163354516,3.3655920163354516,0.0,3.3655920163354516,general_only,C1CCC(C2CCC(C3CCC(C4C5CCCCC5C5CCCCC54)CC3)C2)CC1,c1ccc(-c2nnc(-c3ccc(-n4c5ccccc5c5ccccc54)cc3)o2)cc1,outside_MR_TADF,outside_CzBN_domain,outside_CzBN_domain
E00_133_00852,COc1ccc2c3ccc(OC)cc3n(-c3ccc(-c4nnc(C)o4)cc3)c2c1,AJQHHUQYXHXVRB-UHFFFAOYSA-N,,DOI: 10.1021/jo201488v,toluene,1,3.39217179855272,3.39217179855272,0.0,3.39217179855272,3.39217179855272,0.0,3.39217179855272,general_only,C1CCC(C2CCC(C3C4CCCCC4C4CCCCC43)CC2)C1,c1ccc2c(c1)c1ccccc1n2-c1ccc(-c2nnco2)cc1,outside_MR_TADF,outside_CzBN_domain,outside_CzBN_domain
E00_133_00853,COc1ccc2c3cccc4c(OC)ccc(c5cccc1c52)c43,PNIPHPVYAKPRRC-UHFFFAOYSA-N,,doi:10.1016/j.dyepig.2010.06.009,toluene,1,2.6812510543473906,2.6812510543473906,0.0,2.6812510543473906,2.6812510543473906,0.0,2.6812510543473906,general_only,C1CC2CCCC3C4CCCC5CCCC(C(C1)C23)C54,c1cc2cccc3c4cccc5cccc(c(c1)c23)c54,outside_MR_TADF,outside_CzBN_domain,outside_CzBN_domain
E00_133_00854,COc1ccc2cc(-c3cc4ccc(OC)cc4oc3=O)oc2c1,DBHHAFOUJVGDLY-UHFFFAOYSA-N,,DOI: 10.1021/acs.orglett.7b00069,toluene,1,2.9029535864978904,2.9029535864978904,0.0,2.9029535864978904,2.9029535864978904,0.0,2.9029535864978904,general_only,CC1CC2CCCCC2CC1C1CC2CCCCC2C1,O=c1oc2ccccc2cc1-c1cc2ccccc2o1,outside_MR_TADF,outside_CzBN_domain,outside_CzBN_domain
E00_133_00855,COc1ccc2n1[B-](F)(F)[N+]1=C(c3ccccc3)C=CC1=C2c1ccc(C)cc1,IQDCVIATLRWUNZ-UHFFFAOYSA-N,,10.1021/jp073547+,toluene,1,2.272159800249688,2.272159800249688,0.0,2.272159800249688,2.272159800249688,0.0,2.272159800249688,general_only,C1CCC(C2CCC3C2CC2CCCC2C3C2CCCCC2)CC1,[BH2-]1n2cccc2C(c2ccccc2)=C2C=CC(c3ccccc3)=[N+]12,outside_MR_TADF,outside_CzBN_domain,outside_CzBN_domain
E00_133_00856,COc1ccc2ncccc2c1,HFDLDPJYCIEXJP-UHFFFAOYSA-N,,10.1021/jp901867h,toluene,1,3.629485720154395,3.629485720154395,0.0,3.629485720154395,3.629485720154395,0.0,3.629485720154395,general_only,C1CCC2CCCCC2C1,c1ccc2ncccc2c1,outside_MR_TADF,outside_CzBN_domain,outside_CzBN_domain
E00_133_00857,COc1ccc2oc(-c3cc4cc(OC)ccc4oc3=O)cc2c1,OALYLVNZEZNSPG-UHFFFAOYSA-N,,DOI: 10.1021/acs.orglett.7b00069,toluene,1,2.988072673477879,2.988072673477879,0.0,2.988072673477879,2.988072673477879,0.0,2.988072673477879,general_only,CC1CC2CCCCC2CC1C1CC2CCCCC2C1,O=c1oc2ccccc2cc1-c1cc2ccccc2o1,outside_MR_TADF,outside_CzBN_domain,outside_CzBN_domain
E00_133_00858,COc1cccc(-c2c3ccccc3c3n2[B-](F)(F)[N+]2=Cc4c5ccccc5c(-c5cccc(OC)c5)n4[B-](F)(F)[N+]2=C3)c1,OOENDLCXUPMARL-UHFFFAOYSA-N,,DOI: 10.1021/acs.joc.6b02291,toluene,1,2.1055512028758407,2.1055512028758407,0.0,2.1055512028758407,2.1055512028758407,0.0,2.1055512028758407,general_only,C1CCC(C2C3CCCCC3C3CC4CC5C(CC4CC32)C2CCCCC2C5C2CCCCC2)CC1,[BH2-]1n2c(c3ccccc3c2-c2ccccc2)C=[N+]2[BH2-]n3c(c4ccccc4c3-c3ccccc3)C=[N+]12,outside_MR_TADF,outside_CzBN_domain,outside_CzBN_domain
E00_133_00859,COc1cccc(C2=C(c3ccc(C(C)(C)C)cc3)C(c3ccc(C(C)(C)C)cc3)=[N+]3C2=C(c2ccccc2)c2c(-c4cccc(OC)c4)c(-c4ccc(C(C)(C)C)cc4)c(-c4ccc(C(C)(C)C)cc4)n2[B-]3(F)F)c1,JPCIYMDGXIVEAT-UHFFFAOYSA-N,,DOI: 10.1021/acs.joc.9b01425,toluene,1,2.0142811973018553,2.0142811973018553,0.0,2.0142811973018553,2.0142811973018553,0.0,2.0142811973018553,general_only,C1CCC(C2C3CC4C(C5CCCCC5)C(C5CCCCC5)C(C5CCCCC5)C4C(C4CCCCC4)C3C(C3CCCCC3)C2C2CCCCC2)CC1,[BH2-]1n2c(c(-c3ccccc3)c(-c3ccccc3)c2-c2ccccc2)C(c2ccccc2)=C2C(c3ccccc3)=C(c3ccccc3)C(c3ccccc3)=[N+]12,outside_MR_TADF,outside_CzBN_domain,outside_CzBN_domain
E00_133_00860,COc1cccc(C2=CC3=C(c4c(C)cc(C)cc4C)c4cc(-c5cccc(OC)c5)c(-c5cccc(OC)c5)n4[B-](F)(F)[N+]3=C2c2cccc(OC)c2)c1,DPDHEYQXUAWAAK-UHFFFAOYSA-N,,DOI: 10.1021/acs.joc.9b01425,toluene,1,2.015111223671436,2.015111223671436,0.0,2.015111223671436,2.015111223671436,0.0,2.015111223671436,general_only,C1CCC(C2CC3C(CC4C(CC(C5CCCCC5)C4C4CCCCC4)C3C3CCCCC3)C2C2CCCCC2)CC1,[BH2-]1n2c(cc(-c3ccccc3)c2-c2ccccc2)C(c2ccccc2)=C2C=C(c3ccccc3)C(c3ccccc3)=[N+]12,outside_MR_TADF,outside_CzBN_domain,outside_CzBN_domain
E00_133_00861,COc1cccc(C2=c3c(c4ccc(C(C)(C)C)cc4c4cc(C(C)(C)C)ccc34)=[N+]3C2=C(c2ccccc2)c2c(-c4cccc(OC)c4)c4c5ccc(C(C)(C)C)cc5c5cc(C(C)(C)C)ccc5c4n2[B-]3(F)F)c1,VBCKWNTYZBOSAU-UHFFFAOYSA-N,,DOI: 10.1021/acs.joc.9b01425,toluene,1,1.7584059775840597,1.7584059775840597,0.0,1.7584059775840597,1.7584059775840597,0.0,1.7584059775840597,general_only,C1CCC(C2C3C4CCCCC4C4CCCCC4C3C3CC4C5C6CCCCC6C6CCCCC6C5C(C5CCCCC5)C4C(C4CCCCC4)C32)CC1,[BH2-]1n2c(c(-c3ccccc3)c3c4ccccc4c4ccccc4c32)C(c2ccccc2)=C2C(c3ccccc3)=c3c(c4ccccc4c4ccccc34)=[N+]12,outside_MR_TADF,outside_CzBN_domain,outside_CzBN_domain
E00_133_00862,COc1cccc2cc(-c3cc4cccc(OC)c4oc3=O)oc12,UTKDIAQLBLDCLP-UHFFFAOYSA-N,,DOI: 10.1021/acs.orglett.7b00069,toluene,1,3.115772146847566,3.115772146847566,0.0,3.115772146847566,3.115772146847566,0.0,3.115772146847566,general_only,CC1CC2CCCCC2CC1C1CC2CCCCC2C1,O=c1oc2ccccc2cc1-c1cc2ccccc2o1,outside_MR_TADF,outside_CzBN_domain,outside_CzBN_domain
E00_133_00863,COc1cccc2oc(-c3cc4c(OC)cccc4oc3=O)cc12,FJNPMJYMJQYJOK-UHFFFAOYSA-N,,DOI: 10.1021/acs.orglett.7b00069,toluene,1,2.941656421146753,2.941656421146753,0.0,2.941656421146753,2.941656421146753,0.0,2.941656421146753,general_only,CC1CC2CCCCC2CC1C1CC2CCCCC2C1,O=c1oc2ccccc2cc1-c1cc2ccccc2o1,outside_MR_TADF,outside_CzBN_domain,outside_CzBN_domain
E00_133_00864,COc1ccccc1-c1nc2c3ccccc3c3ccccc3c2n1-c1ccc(C)cc1,ACNKUPQIVXYUMV-UHFFFAOYSA-N,,DOI:10.1039/c2jm33891b,toluene,1,3.398178528256838,3.398178528256838,0.0,3.398178528256838,3.398178528256838,0.0,3.398178528256838,general_only,C1CCC(C2CC3C4CCCCC4C4CCCCC4C3C2C2CCCCC2)CC1,c1ccc(-c2nc3c4ccccc4c4ccccc4c3n2-c2ccccc2)cc1,outside_MR_TADF,outside_CzBN_domain,outside_CzBN_domain
E00_133_00865,COc1ccccc1-c1nc2c3ccccc3c3ccccc3c2o1,DKLYOOFZCLYOKM-UHFFFAOYSA-N,,DOI:10.1039/c2jm33891b,toluene,1,3.3880793119923553,3.3880793119923553,0.0,3.3880793119923553,3.3880793119923553,0.0,3.3880793119923553,general_only,C1CCC(C2CC3C4CCCCC4C4CCCCC4C3C2)CC1,c1ccc(-c2nc3c4ccccc4c4ccccc4c3o2)cc1,outside_MR_TADF,outside_CzBN_domain,outside_CzBN_domain
E00_133_00866,COc1ccccc1-c1nc2c3cccnc3c3ncccc3c2n1-c1ccccc1,ASSAWSQJNZCDKK-UHFFFAOYSA-N,,DOI:10.1039/c2jm33891b,toluene,1,3.273645546372819,3.273645546372819,0.0,3.273645546372819,3.273645546372819,0.0,3.273645546372819,general_only,C1CCC(C2CC3C4CCCCC4C4CCCCC4C3C2C2CCCCC2)CC1,c1ccc(-c2nc3c4cccnc4c4ncccc4c3n2-c2ccccc2)cc1,outside_MR_TADF,outside_CzBN_domain,outside_CzBN_domain
E00_133_00867,COc1ccccc1C1=NC2c3cccc4cccc(c34)C2N1c1ccccc1,LWIXQUTXOMBNLY-UHFFFAOYSA-N,,DOI:10.1039/c2jm33891b,toluene,1,3.62306339219268,3.62306339219268,0.0,3.62306339219268,3.62306339219268,0.0,3.62306339219268,general_only,C1CCC(C2CC3C4CCCC5CCCC(C54)C3C2C2CCCCC2)CC1,c1ccc(C2=NC3c4cccc5cccc(c45)C3N2c2ccccc2)cc1,outside_MR_TADF,outside_CzBN_domain,outside_CzBN_domain
E00_133_00868,COc1ccccc1C1=[N+]2C(=Nc3c(-c4ccccc4)cc(-c4ccccc4OC)n3[B-]2(F)F)C(c2ccccc2)=C1,NAKIIGXILZCLKX-UHFFFAOYSA-N,,DOI: 10.1039/c4cs00030g,toluene,1,1.8699127906976745,1.8699127906976745,0.0,1.8699127906976745,1.8699127906976745,0.0,1.8699127906976745,general_only,C1CCC(C2CC(C3CCCCC3)C3CC4C(C5CCCCC5)CC(C5CCCCC5)C4CC23)CC1,[BH2-]1n2c(-c3ccccc3)cc(-c3ccccc3)c2N=C2C(c3ccccc3)=CC(c3ccccc3)=[N+]12,outside_MR_TADF,outside_CzBN_domain,outside_CzBN_domain
E00_133_00869,COc1coc2cc(-c3ccc(N(C)C)cc3)ccc2c1=O,ZVRNESJRCSBRNK-UHFFFAOYSA-N,,http://dx.doi.org/10.1021/jz3002019,toluene,1,3.1526367087308915,3.1526367087308915,0.0,3.1526367087308915,3.1526367087308915,0.0,3.1526367087308915,general_only,CC1CCCC2CC(C3CCCCC3)CCC12,O=c1ccoc2cc(-c3ccccc3)ccc12,outside_MR_TADF,outside_CzBN_domain,outside_CzBN_domain
E00_133_00870,COc1nc(Cl)nc(Nc2ccc3c4c(cccc24)C(=O)c2ccccc2-3)n1,DHIGFDXLSSHEQD-UHFFFAOYSA-N,,10.1021/jp035610a,toluene,1,2.6728199999473423,2.6728199999473423,0.0,2.6728199999473423,2.6728199999473423,0.0,2.6728199999473423,general_only,CC1C2CCCCC2C2CCC(CC3CCCCC3)C3CCCC1C32,O=C1c2ccccc2-c2ccc(Nc3ncncn3)c3cccc1c23,outside_MR_TADF,outside_CzBN_domain,outside_CzBN_domain
E00_133_00871,COc1nc(Nc2ccc3c4c(cccc24)C(=O)c2ccccc2-3)nc(OC)n1,KKQHXNKHXYWGPU-UHFFFAOYSA-N,,10.1021/jp035610a,toluene,1,2.6399599998836614,2.6399599998836614,0.0,2.6399599998836614,2.6399599998836614,0.0,2.6399599998836614,general_only,CC1C2CCCCC2C2CCC(CC3CCCCC3)C3CCCC1C32,O=C1c2ccccc2-c2ccc(Nc3ncncn3)c3cccc1c23,outside_MR_TADF,outside_CzBN_domain,outside_CzBN_domain
E00_133_00872,CSC1=C2C=C(c3cc4n(c3)[B-](F)(F)[N+]3=CC=CC3=C4c3c(C)cc(C)cc3C)C(C)=[N+]2[B-](F)(F)n2c(C)ccc21,LQYZQHXPORDMIB-UHFFFAOYSA-N,,DOI: 10.1021/acs.joc.8b01429,toluene,1,1.9565600920383361,1.9565600920383361,0.0,1.9565600920383361,1.9565600920383361,0.0,1.9565600920383361,general_only,C1CCC(C2C3CCCC3CC3CC(C4CC5CC6CCCC6CC5C4)CC32)CC1,[BH2-]1n2cccc2C=C2C=C(c3cc4n(c3)[BH2-][N+]3=CC=CC3=C4c3ccccc3)C=[N+]12,outside_MR_TADF,outside_CzBN_domain,outside_CzBN_domain
E00_133_00873,CSc1cc(-c2cc3cc4c5c(c3oc2=O)CCCN5CCC4)oc(=O)c1C#N,WBRDSFLYCURPAA-UHFFFAOYSA-N,,https://doi.org/10.1016/j.jlumin.2016.03.017,toluene,1,2.2976279119242635,2.2976279119242635,0.0,2.2976279119242635,2.2976279119242635,0.0,2.2976279119242635,general_only,CC1CCCC(C2CC3CC4CCCC5CCCC(C3CC2C)C54)C1,O=c1cccc(-c2cc3cc4c5c(c3oc2=O)CCCN5CCC4)o1,outside_MR_TADF,outside_CzBN_domain,outside_CzBN_domain
E00_133_00874,CSc1nc(-c2ccc(-n3c4ccccc4c4ccccc43)cc2)cc(-c2ccc(-n3c4ccccc4c4ccccc43)cc2)n1,WJLPXBWZOQTACP-UHFFFAOYSA-N,,https://doi.org/10.1016/j.dyepig.2015.03.008,toluene,1,3.2154918252479225,3.2154918252479225,0.0,3.2154918252479225,3.2154918252479225,0.0,3.2154918252479225,general_only,C1CC(C2CCC(C3C4CCCCC4C4CCCCC43)CC2)CC(C2CCC(C3C4CCCCC4C4CCCCC43)CC2)C1,c1ccc2c(c1)c1ccccc1n2-c1ccc(-c2cc(-c3ccc(-n4c5ccccc5c5ccccc54)cc3)ncn2)cc1,outside_MR_TADF,outside_CzBN_domain,outside_CzBN_domain
E00_133_00875,C[Si](C)(C)C#Cc1cc2ccc3cc(C#C[Si](C)(C)C)cc4ccc(c1)c2c34,FJQLIDADTPRNMS-UHFFFAOYSA-N,,http://dx.doi.org/10.1021/ja2006862,toluene,1,3.0466830466830466,3.0466830466830466,0.0,3.0466830466830466,3.0466830466830466,0.0,3.0466830466830466,general_only,C1CC2CCC3CCCC4CCC(C1)C2C34,c1cc2ccc3cccc4ccc(c1)c2c34,outside_MR_TADF,outside_CzBN_domain,outside_CzBN_domain
E00_133_00876,C[Si]1(C)C2=C(c3ccc(N(c4ccccc4)c4ccccc4)cc31)P(=O)(c1ccccc1)c1ccccc12,MSIVSQWZHRKDLT-UHFFFAOYSA-N,,DOI: 10.1021/acs.inorgchem.7b00658,toluene,1,2.529840411500923,2.529840411500923,0.0,2.529840411500923,2.529840411500923,0.0,2.529840411500923,general_only,CC1(C2CCCCC2)C2CCCCC2C2CC3CC(C(C4CCCCC4)C4CCCCC4)CCC3C21,O=P1(c2ccccc2)C2=C([SiH2]c3cc(N(c4ccccc4)c4ccccc4)ccc32)c2ccccc21,outside_MR_TADF,outside_CzBN_domain,outside_CzBN_domain
E00_133_00877,Cc1c(-c2ccc(N3c4ccccc4C(C)(C)c4ccccc43)cc2)ncnc1-c1ccc(N2c3ccccc3C(C)(C)c3ccccc32)cc1,LCXKSPRAINBIEX-UHFFFAOYSA-N,,acsami.6b13482,toluene,1,2.986865186326103,2.986865186326103,0.0,2.986865186326103,2.986865186326103,0.0,2.986865186326103,general_only,C1CC(C2CCC(C3C4CCCCC4CC4CCCCC43)CC2)CC(C2CCC(C3C4CCCCC4CC4CCCCC43)CC2)C1,c1ccc2c(c1)Cc1ccccc1N2c1ccc(-c2cc(-c3ccc(N4c5ccccc5Cc5ccccc54)cc3)ncn2)cc1,outside_MR_TADF,outside_CzBN_domain,outside_CzBN_domain
E00_133_00878,Cc1c(-c2nc(-c3ccccc3)nc(-c3ccccc3)n2)ccc(-n2c3ccccc3c3cc4c(cc32)C2c3ccccc3C4c3ccccc32)c1C,VJIXPGZUAHQXOW-UHFFFAOYSA-N,,DOI: 10.1021/acs.chemmater.7b03490,toluene,1,3.2543162137138504,3.2543162137138504,0.0,3.2543162137138504,3.2543162137138504,0.0,3.2543162137138504,general_only,C1CCC(C2CC(C3CCCCC3)CC(C3CCC(C4C5CCCCC5C5CC6C(CC54)C4C5CCCCC5C6C5CCCCC54)CC3)C2)CC1,c1ccc(-c2nc(-c3ccccc3)nc(-c3ccc(-n4c5ccccc5c5cc6c(cc54)C4c5ccccc5C6c5ccccc54)cc3)n2)cc1,outside_MR_TADF,outside_CzBN_domain,outside_CzBN_domain
E00_133_00879,Cc1c(C2=[N+]3C(=Cc4c(C)c5ccccc5n4[B-]3(F)F)c3ccccc32)[nH]c2ccccc12,SHSLTLCDOQKWIN-UHFFFAOYSA-N,,DOI: 10.1021/acs.joc.6b00414,toluene,1,1.9371219512195121,1.9371219512195121,0.0,1.9371219512195121,1.9371219512195121,0.0,1.9371219512195121,general_only,C1CCC2CC(C3C4CCCCC4C4CC5CC6CCCCC6C5CC43)CC2C1,[BH2-]1n2c(cc3ccccc32)C=C2c3ccccc3C(c3cc4ccccc4[nH]3)=[N+]12,outside_MR_TADF,outside_CzBN_domain,outside_CzBN_domain
E00_133_00880,Cc1c2ccccc2c(C2=C3C=CC=[N+]3[B-](F)(F)n3cccc32)c2ccccc12,MFVVNUCYEIERGA-UHFFFAOYSA-N,,10.1039/C7CP08472B,toluene,1,2.3836994578304354,2.3836994578304354,0.0,2.3836994578304354,2.3836994578304354,0.0,2.3836994578304354,general_only,C1CCC2C(C1)CC1CCCCC1C2C1C2CCCC2CC2CCCC21,[BH2-]1n2cccc2C(c2c3ccccc3cc3ccccc23)=C2C=CC=[N+]12,outside_MR_TADF,outside_CzBN_domain,outside_CzBN_domain
E00_133_00881,Cc1c2ccncc2c(C)c2c1[nH]c1ccccc12,CTSPAMFJBXKSOY-UHFFFAOYSA-N,,DOI: 10.1021/jp062778y,toluene,1,3.654502494092938,3.654502494092938,0.0,3.654502494092938,3.654502494092938,0.0,3.654502494092938,general_only,C1CCC2CC3C(CC2C1)CC1CCCCC13,c1ccc2c(c1)[nH]c1cc3ccncc3cc12,outside_MR_TADF,outside_CzBN_domain,outside_CzBN_domain
E00_133_00882,Cc1c2oc3c(C)c(N)cc(C(=O)NC4OC(=O)C(C(C)C)N(C)C(=O)CN(C)C(=O)C5CCCN5C(=O)C(C(C)C)NC4=O)c3nc-2c(C(=O)NC2OC(=O)C(C(C)C)N(C)C(=O)CN(C)C(=O)C3CCCN3C(=O)C(C(C)C)NC2=O)c(N)c1=O,FPHBKOJMBWEDOO-UHFFFAOYSA-N,,10.1021/jp011168p,toluene,1,2.184563800055416,2.184563800055416,0.0,2.184563800055416,2.184563800055416,0.0,2.184563800055416,general_only,CC1CCC(C)CC(CC(C)C2CCCC3CC4CC(C)CC(C(C)CC5CC(C)CCC(C)CCC(C)C6CCCC6C(C)CCC5C)C4CC32)C(C)CCC(C)C2CCCC2C(C)CC1,O=C1CNC(=O)C2CCCN2C(=O)CNC(=O)C(NC(=O)c2cc(=O)cc3oc4cccc(C(=O)NC5OC(=O)CNC(=O)CNC(=O)C6CCCN6C(=O)CNC5=O)c4nc2-3)OC(=O)CN1,outside_MR_TADF,outside_CzBN_domain,outside_CzBN_domain
E00_133_00883,Cc1cc(-c2ccc(-c3ccccc3)cc2)nc(-c2ccc(-n3c4ccccc4c4ccccc43)cc2)n1,OVWLTAADIDPSAE-UHFFFAOYSA-N,,https://doi.org/10.1016/j.dyepig.2015.03.008,toluene,1,3.4243994347621287,3.4243994347621287,0.0,3.4243994347621287,3.4243994347621287,0.0,3.4243994347621287,general_only,C1CCC(C2CCC(C3CCCC(C4CCC(C5C6CCCCC6C6CCCCC65)CC4)C3)CC2)CC1,c1ccc(-c2ccc(-c3ccnc(-c4ccc(-n5c6ccccc6c6ccccc65)cc4)n3)cc2)cc1,outside_MR_TADF,outside_CzBN_domain,outside_CzBN_domain
E00_133_00884,Cc1cc(-c2ccc(-n3c4ccccc4c4ccccc43)cc2)nc(-c2ccc(-c3ccccc3)cc2)n1,VDUXIKWTULVQEK-UHFFFAOYSA-N,,https://doi.org/10.1016/j.dyepig.2015.03.008,toluene,1,3.399814471243043,3.399814471243043,0.0,3.399814471243043,3.399814471243043,0.0,3.399814471243043,general_only,C1CCC(C2CCC(C3CCCC(C4CCC(C5C6CCCCC6C6CCCCC65)CC4)C3)CC2)CC1,c1ccc(-c2ccc(-c3nccc(-c4ccc(-n5c6ccccc6c6ccccc65)cc4)n3)cc2)cc1,outside_MR_TADF,outside_CzBN_domain,outside_CzBN_domain
E00_133_00885,Cc1cc(-c2ccc(-n3c4ccccc4c4ccccc43)cc2)nc(-c2ccc(-n3c4ccccc4c4ccccc43)cc2)n1,VETJJJDMFZBTJO-UHFFFAOYSA-N,,https://doi.org/10.1016/j.dyepig.2015.03.008,toluene,1,3.3706544417996414,3.3706544417996414,0.0,3.3706544417996414,3.3706544417996414,0.0,3.3706544417996414,general_only,C1CC(C2CCC(C3C4CCCCC4C4CCCCC43)CC2)CC(C2CCC(C3C4CCCCC4C4CCCCC43)CC2)C1,c1ccc2c(c1)c1ccccc1n2-c1ccc(-c2ccnc(-c3ccc(-n4c5ccccc5c5ccccc54)cc3)n2)cc1,outside_MR_TADF,outside_CzBN_domain,outside_CzBN_domain
E00_133_00886,Cc1cc(-c2nc(-c3ccccc3)nc(-c3ccccc3)n2)cc(C)c1N1c2ccccc2CCc2ccccc21,PPVQYGYVRYJJQB-UHFFFAOYSA-N,,10.1002/adom.201900476,toluene,1,2.8817306686989164,2.8817306686989164,0.0,2.8817306686989164,2.8817306686989164,0.0,2.8817306686989164,general_only,C1CCC(C2CC(C3CCCCC3)CC(C3CCC(C4C5CCCCC5CCC5CCCCC54)CC3)C2)CC1,c1ccc(-c2nc(-c3ccccc3)nc(-c3ccc(N4c5ccccc5CCc5ccccc54)cc3)n2)cc1,outside_MR_TADF,outside_CzBN_domain,outside_CzBN_domain
E00_133_00887,Cc1cc(-c2nc(-c3ccccc3)nc(-c3ccccc3)n2)ccc1-n1c2ccccc2c2cc3c(cc21)C1c2ccccc2C3c2ccccc21,NHKIJGPMSQTCPK-UHFFFAOYSA-N,,DOI: 10.1021/acs.chemmater.7b03490,toluene,1,3.1418117845032,3.1418117845032,0.0,3.1418117845032,3.1418117845032,0.0,3.1418117845032,general_only,C1CCC(C2CC(C3CCCCC3)CC(C3CCC(C4C5CCCCC5C5CC6C(CC54)C4C5CCCCC5C6C5CCCCC54)CC3)C2)CC1,c1ccc(-c2nc(-c3ccccc3)nc(-c3ccc(-n4c5ccccc5c5cc6c(cc54)C4c5ccccc5C6c5ccccc54)cc3)n2)cc1,outside_MR_TADF,outside_CzBN_domain,outside_CzBN_domain
E00_133_00888,Cc1cc(-c2nc(-c3ccccc3)nc(-c3ccccc3)n2)ccc1N1c2ccccc2C2(c3ccccc3-c3ccccc32)c2ccccc21,YCCFQIUGCMDLEL-UHFFFAOYSA-N,,acsami.8b20009,toluene,1,2.861810482020406,2.861810482020406,0.0,2.861810482020406,2.861810482020406,0.0,2.861810482020406,general_only,C1CCC(C2CC(C3CCCCC3)CC(C3CCC(C4C5CCCCC5C5(C6CCCCC6C6CCCCC65)C5CCCCC45)CC3)C2)CC1,c1ccc(-c2nc(-c3ccccc3)nc(-c3ccc(N4c5ccccc5C5(c6ccccc6-c6ccccc65)c5ccccc54)cc3)n2)cc1,outside_MR_TADF,outside_CzBN_domain,outside_CzBN_domain
E00_133_00889,Cc1cc(-c2nc(-c3ccccc3)nc(-c3ccccc3)n2)ccc1N1c2ccccc2CCc2ccccc21,YLYIKGQVYUDXPQ-UHFFFAOYSA-N,,10.1002/adom.201900476,toluene,1,2.941504541808961,2.941504541808961,0.0,2.941504541808961,2.941504541808961,0.0,2.941504541808961,general_only,C1CCC(C2CC(C3CCCCC3)CC(C3CCC(C4C5CCCCC5CCC5CCCCC54)CC3)C2)CC1,c1ccc(-c2nc(-c3ccccc3)nc(-c3ccc(N4c5ccccc5CCc5ccccc54)cc3)n2)cc1,outside_MR_TADF,outside_CzBN_domain,outside_CzBN_domain
E00_133_00890,Cc1cc(-c2nc(-c3ccccc3)nc(-c3ccccc3)n2)ccc1N1c2ccccc2[Si](c2ccccc2)(c2ccccc2)c2ccccc21,BALWRCGAOFPPON-UHFFFAOYSA-N,,acsami.8b20009,toluene,1,2.986519271797131,2.986519271797131,0.0,2.986519271797131,2.986519271797131,0.0,2.986519271797131,general_only,C1CCC(C2CC(C3CCCCC3)CC(C3CCC(C4C5CCCCC5C(C5CCCCC5)(C5CCCCC5)C5CCCCC45)CC3)C2)CC1,c1ccc(-c2nc(-c3ccccc3)nc(-c3ccc(N4c5ccccc5[Si](c5ccccc5)(c5ccccc5)c5ccccc54)cc3)n2)cc1,outside_MR_TADF,outside_CzBN_domain,outside_CzBN_domain
E00_133_00891,Cc1cc(-c2nnc(-c3c(C(C)C)cc(C(C)C)cc3C(C)C)o2)ccc1-n1c2ccccc2c2ccccc21,UIVQBXGABHKZGH-UHFFFAOYSA-N,,DOI: 10.1021/jo201488v,toluene,1,3.4822418879056047,3.4822418879056047,0.0,3.4822418879056047,3.4822418879056047,0.0,3.4822418879056047,general_only,C1CCC(C2CCC(C3CCC(C4C5CCCCC5C5CCCCC54)CC3)C2)CC1,c1ccc(-c2nnc(-c3ccc(-n4c5ccccc5c5ccccc54)cc3)o2)cc1,outside_MR_TADF,outside_CzBN_domain,outside_CzBN_domain
E00_133_00892,Cc1cc(-c2nnc(-c3ccccc3)o2)ccc1-n1c2ccccc2c2ccccc21,SXMKFTWDJUIPKK-UHFFFAOYSA-N,,DOI: 10.1021/jo201488v,toluene,1,3.451945203786931,3.451945203786931,0.0,3.451945203786931,3.451945203786931,0.0,3.451945203786931,general_only,C1CCC(C2CCC(C3CCC(C4C5CCCCC5C5CCCCC54)CC3)C2)CC1,c1ccc(-c2nnc(-c3ccc(-n4c5ccccc5c5ccccc54)cc3)o2)cc1,outside_MR_TADF,outside_CzBN_domain,outside_CzBN_domain
E00_133_00893,Cc1cc(-n2c3ccccc3c3cc(C#N)ccc32)ccc1-c1ccc(S(=O)(=O)c2ccccc2)cc1C,UQYXLNROEVRBHF-UHFFFAOYSA-N,,DOI: 10.1021/acs.chemmater.6b03979,toluene,1,3.5795454545454546,3.5795454545454546,0.0,3.5795454545454546,3.5795454545454546,0.0,3.5795454545454546,general_only,CC(C)(C1CCCCC1)C1CCC(C2CCC(C3C4CCCCC4C4CCCCC43)CC2)CC1,O=S(=O)(c1ccccc1)c1ccc(-c2ccc(-n3c4ccccc4c4ccccc43)cc2)cc1,outside_MR_TADF,outside_CzBN_domain,outside_CzBN_domain
E00_133_00894,Cc1cc(-n2c3ccccc3c3cc4c(cc32)C2c3ccccc3C4c3ccccc32)c(C)cc1-c1nc(-c2ccccc2)nc(-c2ccccc2)n1,BYZYCFIRYRZYHW-UHFFFAOYSA-N,,DOI: 10.1021/acs.chemmater.7b03490,toluene,1,3.2490920815938633,3.2490920815938633,0.0,3.2490920815938633,3.2490920815938633,0.0,3.2490920815938633,general_only,C1CCC(C2CC(C3CCCCC3)CC(C3CCC(C4C5CCCCC5C5CC6C(CC54)C4C5CCCCC5C6C5CCCCC54)CC3)C2)CC1,c1ccc(-c2nc(-c3ccccc3)nc(-c3ccc(-n4c5ccccc5c5cc6c(cc54)C4c5ccccc5C6c5ccccc54)cc3)n2)cc1,outside_MR_TADF,outside_CzBN_domain,outside_CzBN_domain
E00_133_00895,Cc1cc(-n2c3ccccc3c3cc4c(cc32)C2c3ccccc3C4c3ccccc32)ccc1-c1nc(-c2ccccc2)nc(-c2ccccc2)n1,JAAPVSFKMPRAOM-UHFFFAOYSA-N,,DOI: 10.1021/acs.chemmater.7b03490,toluene,1,3.13459474222417,3.13459474222417,0.0,3.13459474222417,3.13459474222417,0.0,3.13459474222417,general_only,C1CCC(C2CC(C3CCCCC3)CC(C3CCC(C4C5CCCCC5C5CC6C(CC54)C4C5CCCCC5C6C5CCCCC54)CC3)C2)CC1,c1ccc(-c2nc(-c3ccccc3)nc(-c3ccc(-n4c5ccccc5c5cc6c(cc54)C4c5ccccc5C6c5ccccc54)cc3)n2)cc1,outside_MR_TADF,outside_CzBN_domain,outside_CzBN_domain
E00_133_00896,Cc1cc(-n2c3ccccc3c3ccccc32)ccc1-c1ccc(S(=O)(=O)c2ccccc2)cc1C,SBTLWIFCEXTZRJ-UHFFFAOYSA-N,,DOI: 10.1021/acs.chemmater.6b03979,toluene,1,3.600033709758975,3.600033709758975,0.0,3.600033709758975,3.600033709758975,0.0,3.600033709758975,general_only,CC(C)(C1CCCCC1)C1CCC(C2CCC(C3C4CCCCC4C4CCCCC43)CC2)CC1,O=S(=O)(c1ccccc1)c1ccc(-c2ccc(-n3c4ccccc4c4ccccc43)cc2)cc1,outside_MR_TADF,outside_CzBN_domain,outside_CzBN_domain
E00_133_00897,Cc1cc(=O)oc2cc3c4ccccc4c4ccccc4c3cc12,JDWCAMHWHOHXMQ-UHFFFAOYSA-N,,DOI: 10.1021/acs.joc.9b01223,toluene,1,3.1394917098777286,3.1394917098777286,0.0,3.1394917098777286,3.1394917098777286,0.0,3.1394917098777286,general_only,CC1CCC2CC3C4CCCCC4C4CCCCC4C3CC2C1,O=c1ccc2cc3c4ccccc4c4ccccc4c3cc2o1,outside_MR_TADF,outside_CzBN_domain,outside_CzBN_domain
E00_133_00898,Cc1cc(C#N)ccc1N1c2ccccc2C(c2ccccc2)(c2ccccc2)c2ccccc21,KZHCDOVKARGPPB-UHFFFAOYSA-N,,10.1246/cl.160814,toluene,1,3.249188383504958,3.249188383504958,0.0,3.249188383504958,3.249188383504958,0.0,3.249188383504958,general_only,C1CCC(C2C3CCCCC3C(C3CCCCC3)(C3CCCCC3)C3CCCCC23)CC1,c1ccc(N2c3ccccc3C(c3ccccc3)(c3ccccc3)c3ccccc32)cc1,outside_MR_TADF,outside_CzBN_domain,outside_CzBN_domain
E00_133_00899,Cc1cc(C(F)(F)F)nc2c1ccc1nc(-c3ccc(Cl)cc3)cn12,DBRKVIDAZBQXNV-UHFFFAOYSA-N,,https://doi.org/10.1016/S1386-1425(99)00200-0,toluene,1,3.015089388223717,3.015089388223717,0.0,3.015089388223717,3.015089388223717,0.0,3.015089388223717,general_only,C1CCC(C2CC3CCC4CCCCC4C3C2)CC1,c1ccc(-c2cn3c(ccc4cccnc43)n2)cc1,outside_MR_TADF,outside_CzBN_domain,outside_CzBN_domain
E00_133_00900,Cc1cc(C(F)(F)F)nc2c1ccc1nc(-c3ccc(F)c(F)c3)cn12,DXXOWWJOWOCBAP-UHFFFAOYSA-N,,https://doi.org/10.1016/S1386-1425(99)00200-0,toluene,1,3.0436326631711195,3.0436326631711195,0.0,3.0436326631711195,3.0436326631711195,0.0,3.0436326631711195,general_only,C1CCC(C2CC3CCC4CCCCC4C3C2)CC1,c1ccc(-c2cn3c(ccc4cccnc43)n2)cc1,outside_MR_TADF,outside_CzBN_domain,outside_CzBN_domain
E00_133_00901,Cc1cc(C)c(-c2cc3c4c(c2)-n2c5ccc(C(C)(C)C)cc5c5cc(C(C)(C)C)cc(c52)B4c2cc(C(C)(C)C)cc4c5cc(C(C)(C)C)ccc5n-3c24)c(C)c1,CTZXPGANQLBESH-UHFFFAOYSA-N,TW-BN,"Small 2022, 18, 2106462",toluene,1,2.6090534979423867,2.6090534979423867,0.0,2.6090534979423867,2.6090534979423867,0.0,2.6090534979423867,MR_TADF_only,C1CCC(C2CC3C4C5CCCCC5C5CCCC(C54)C4C5CCCC6C7CCCCC7C(C(C2)C34)C65)CC1,c1ccc(-c2cc3c4c(c2)-n2c5ccccc5c5cccc(c52)B4c2cccc4c5ccccc5n-3c24)cc1,exact_CzBN_core_derivative,aryl_expansion,CZBN_CLUSTER_01
E00_133_00902,Cc1cc(C)c(-c2nnc(-c3ccc(-n4c5ccccc5c5ccccc54)c(C)c3)o2)c(C)c1,YANJNHYAFSDWCT-UHFFFAOYSA-N,,DOI: 10.1021/jo201488v,toluene,1,3.473470888789778,3.473470888789778,0.0,3.473470888789778,3.473470888789778,0.0,3.473470888789778,general_only,C1CCC(C2CCC(C3CCC(C4C5CCCCC5C5CCCCC54)CC3)C2)CC1,c1ccc(-c2nnc(-c3ccc(-n4c5ccccc5c5ccccc54)cc3)o2)cc1,outside_MR_TADF,outside_CzBN_domain,outside_CzBN_domain
E00_133_00903,Cc1cc(C)c(-c2nnc(-c3ccc(-n4c5ccccc5c5ccccc54)cc3)o2)c(C)c1,CWFMMDLDGPFKDM-UHFFFAOYSA-N,,DOI: 10.1021/jo201488v,toluene,1,3.4594133167778987,3.4594133167778987,0.0,3.4594133167778987,3.4594133167778987,0.0,3.4594133167778987,general_only,C1CCC(C2CCC(C3CCC(C4C5CCCCC5C5CCCCC54)CC3)C2)CC1,c1ccc(-c2nnc(-c3ccc(-n4c5ccccc5c5ccccc54)cc3)o2)cc1,outside_MR_TADF,outside_CzBN_domain,outside_CzBN_domain
E00_133_00904,Cc1cc(C)c(B(c2c(C)cc(C)cc2C)c2c(C)cc(-n3c4ccc(N(c5ccccc5)c5ccccc5)cc4c4cc(N(c5ccccc5)c5ccccc5)ccc43)cc2C)c(C)c1,YMLNWRIXKMCTIY-UHFFFAOYSA-N,,https://doi.org/10.1002/anie.201508270,toluene,1,2.854592435987785,2.854592435987785,0.0,2.854592435987785,2.854592435987785,0.0,2.854592435987785,general_only,C1CCC(C(C2CCCCC2)C2CCC(C3C4CCC(C(C5CCCCC5)C5CCCCC5)CC4C4CC(C(C5CCCCC5)C5CCCCC5)CCC43)CC2)CC1,c1ccc(B(c2ccccc2)c2ccc(-n3c4ccc(N(c5ccccc5)c5ccccc5)cc4c4cc(N(c5ccccc5)c5ccccc5)ccc43)cc2)cc1,outside_MR_TADF,outside_CzBN_domain,outside_CzBN_domain
E00_133_00905,Cc1cc(C)c(B(c2c(C)cc(C)cc2C)c2c(C)cc(-n3c4ccccc4c4cc(N(c5ccccc5)c5ccccc5)ccc43)cc2C)c(C)c1,WOKCZMKIPADIAT-UHFFFAOYSA-N,,https://doi.org/10.1002/anie.201508270,toluene,1,2.9531236897274633,2.9531236897274633,0.0,2.9531236897274633,2.9531236897274633,0.0,2.9531236897274633,general_only,C1CCC(C(C2CCCCC2)C2CCC(C3C4CCCCC4C4CC(C(C5CCCCC5)C5CCCCC5)CCC43)CC2)CC1,c1ccc(B(c2ccccc2)c2ccc(-n3c4ccccc4c4cc(N(c5ccccc5)c5ccccc5)ccc43)cc2)cc1,outside_MR_TADF,outside_CzBN_domain,outside_CzBN_domain
E00_133_00906,Cc1cc(C)c(B(c2c(C)cc(C)cc2C)c2c(C)cc(N3c4ccccc4Oc4ccccc43)cc2C)c(C)c1,UXCHKNVPSHOUBB-UHFFFAOYSA-N,,https://doi.org/10.1002/anie.201508270,toluene,1,2.7719593679680536,2.7719593679680536,0.0,2.7719593679680536,2.7719593679680536,0.0,2.7719593679680536,general_only,C1CCC(C(C2CCCCC2)C2CCC(C3C4CCCCC4CC4CCCCC43)CC2)CC1,c1ccc(B(c2ccccc2)c2ccc(N3c4ccccc4Oc4ccccc43)cc2)cc1,outside_MR_TADF,outside_CzBN_domain,outside_CzBN_domain
E00_133_00907,Cc1cc(C)c(B(c2c(C)cc(C)cc2C)c2ccc3ccc4cccc5ccc2c3c45)c(C)c1,ZKTCQQGCOVTPLE-UHFFFAOYSA-N,,http://dx.doi.org/10.1021/ja2006862,toluene,1,3.019605751968574,3.019605751968574,0.0,3.019605751968574,3.019605751968574,0.0,3.019605751968574,general_only,C1CCC(C(C2CCCCC2)C2CCC3CCC4CCCC5CCC2C3C45)CC1,c1ccc(B(c2ccccc2)c2ccc3ccc4cccc5ccc2c3c45)cc1,outside_MR_TADF,outside_CzBN_domain,outside_CzBN_domain
E00_133_00908,Cc1cc(C)c(B(c2cc3ccc4cccc5ccc(c2)c3c45)c2c(C)cc(C)cc2C)c(C)c1,LRXZWDYOLDPZHE-UHFFFAOYSA-N,,http://dx.doi.org/10.1021/ja2006862,toluene,1,2.929782082324455,2.929782082324455,0.0,2.929782082324455,2.929782082324455,0.0,2.929782082324455,general_only,C1CCC(C(C2CCCCC2)C2CC3CCC4CCCC5CCC(C2)C3C45)CC1,c1ccc(B(c2ccccc2)c2cc3ccc4cccc5ccc(c2)c3c45)cc1,outside_MR_TADF,outside_CzBN_domain,outside_CzBN_domain
E00_133_00909,Cc1cc(C)c(B(c2ccc(-c3cc4ccc5cccc6ccc(c3)c4c56)cc2)c2c(C)cc(C)cc2C)c(C)c1,ALIABXSRRZAMLB-UHFFFAOYSA-N,,http://dx.doi.org/10.1021/ja2006862,toluene,1,3.1377961812744424,3.1377961812744424,0.0,3.1377961812744424,3.1377961812744424,0.0,3.1377961812744424,general_only,C1CCC(C(C2CCCCC2)C2CCC(C3CC4CCC5CCCC6CCC(C3)C4C56)CC2)CC1,c1ccc(B(c2ccccc2)c2ccc(-c3cc4ccc5cccc6ccc(c3)c4c56)cc2)cc1,outside_MR_TADF,outside_CzBN_domain,outside_CzBN_domain
E00_133_00910,Cc1cc(C)c(B(c2ccc(-c3ccc(-c4nc5c6ccccc6c6ccccc6c5[nH]4)cc3)cc2)c2c(C)cc(C)cc2C)c(C)c1,HGNUYNABJQONQN-UHFFFAOYSA-N,,https://doi.org/10.1016/j.snb.2012.09.049,toluene,1,3.0830413670170262,3.0830413670170262,0.0,3.0830413670170262,3.0830413670170262,0.0,3.0830413670170262,general_only,C1CCC(C(C2CCCCC2)C2CCC(C3CCC(C4CC5C6CCCCC6C6CCCCC6C5C4)CC3)CC2)CC1,c1ccc(B(c2ccccc2)c2ccc(-c3ccc(-c4nc5c6ccccc6c6ccccc6c5[nH]4)cc3)cc2)cc1,outside_MR_TADF,outside_CzBN_domain,outside_CzBN_domain
E00_133_00911,Cc1cc(C)c(B(c2ccc(-c3ccc4ccc5cccc6ccc3c4c56)cc2)c2c(C)cc(C)cc2C)c(C)c1,CXCBFAABGZBLSU-UHFFFAOYSA-N,,http://dx.doi.org/10.1021/ja2006862,toluene,1,3.1849939544459334,3.1849939544459334,0.0,3.1849939544459334,3.1849939544459334,0.0,3.1849939544459334,general_only,C1CCC(C(C2CCCCC2)C2CCC(C3CCC4CCC5CCCC6CCC3C4C56)CC2)CC1,c1ccc(B(c2ccccc2)c2ccc(-c3ccc4ccc5cccc6ccc3c4c56)cc2)cc1,outside_MR_TADF,outside_CzBN_domain,outside_CzBN_domain
E00_133_00912,Cc1cc(C)c(B(c2ccc(-c3nc4c5ccccc5c5ccccc5c4[nH]3)cc2)c2c(C)cc(C)cc2C)c(C)c1,HHRIYQCUCGWNSF-UHFFFAOYSA-N,,https://doi.org/10.1016/j.snb.2012.09.049,toluene,1,3.0525839442483482,3.0525839442483482,0.0,3.0525839442483482,3.0525839442483482,0.0,3.0525839442483482,general_only,C1CCC(C(C2CCCCC2)C2CCC(C3CC4C5CCCCC5C5CCCCC5C4C3)CC2)CC1,c1ccc(B(c2ccccc2)c2ccc(-c3nc4c5ccccc5c5ccccc5c4[nH]3)cc2)cc1,outside_MR_TADF,outside_CzBN_domain,outside_CzBN_domain
E00_133_00913,Cc1cc(C)c(B(c2ccc(-n3c4ccccc4c4ccccc43)cc2)c2c(C)cc(C)cc2C)c(C)c1,YJLIUTVOCYUGBO-UHFFFAOYSA-N,,DOI: 10.1021/acsami.7b05615 | https://doi.org/10.1016/j.orgel.2016.04.030,toluene,2,3.258836351922602,3.258836351922602,0.013464067796508366,3.2493158182813353,3.2683568855638683,0.019041067282532964,3.258836351922602,general_only,C1CCC(C(C2CCCCC2)C2CCC(C3C4CCCCC4C4CCCCC43)CC2)CC1,c1ccc(B(c2ccccc2)c2ccc(-n3c4ccccc4c4ccccc43)cc2)cc1,outside_MR_TADF,outside_CzBN_domain,outside_CzBN_domain
E00_133_00914,Cc1cc(C)c(B(c2ccc(C#Cc3cc4ccc5cc(C#Cc6ccc(B(c7c(C)cc(C)cc7C)c7c(C)cc(C)cc7C)cc6)cc6ccc(c3)c4c56)cc2)c2c(C)cc(C)cc2C)c(C)c1,WDAOLOGLWAHKDP-UHFFFAOYSA-N,,http://dx.doi.org/10.1021/ja2006862,toluene,1,2.9529836020956655,2.9529836020956655,0.0,2.9529836020956655,2.9529836020956655,0.0,2.9529836020956655,general_only,C1CCC(C(C2CCCCC2)C2CCC(CCC3CC4CCC5CC(CCC6CCC(C(C7CCCCC7)C7CCCCC7)CC6)CC6CCC(C3)C4C56)CC2)CC1,C(#Cc1cc2ccc3cc(C#Cc4ccc(B(c5ccccc5)c5ccccc5)cc4)cc4ccc(c1)c2c34)c1ccc(B(c2ccccc2)c2ccccc2)cc1,outside_MR_TADF,outside_CzBN_domain,outside_CzBN_domain
E00_133_00915,Cc1cc(C)c(B(c2ccc(N(c3ccccc3)c3ccccc3)cc2)c2c(C)cc(C)cc2C)c(C)c1,TVGRJXFRKFNVFH-UHFFFAOYSA-N,,DOI: 10.1021/acsami.7b05615,toluene,1,3.0503432494279177,3.0503432494279177,0.0,3.0503432494279177,3.0503432494279177,0.0,3.0503432494279177,general_only,C1CCC(C(C2CCCCC2)C2CCC(C(C3CCCCC3)C3CCCCC3)CC2)CC1,c1ccc(B(c2ccccc2)c2ccc(N(c3ccccc3)c3ccccc3)cc2)cc1,outside_MR_TADF,outside_CzBN_domain,outside_CzBN_domain
E00_133_00916,Cc1cc(C)c(B(c2ccccc2-n2c3ccccc3c3ccccc32)c2c(C)cc(C)cc2C)c(C)c1,SIVMDZAKFOKGCJ-UHFFFAOYSA-N,,DOI: 10.1021/acsami.7b05615,toluene,1,2.941160056032727,2.941160056032727,0.0,2.941160056032727,2.941160056032727,0.0,2.941160056032727,general_only,C1CCC(C(C2CCCCC2)C2CCCCC2C2C3CCCCC3C3CCCCC32)CC1,c1ccc(B(c2ccccc2)c2ccccc2-n2c3ccccc3c3ccccc32)cc1,outside_MR_TADF,outside_CzBN_domain,outside_CzBN_domain
E00_133_00917,Cc1cc(C)c(B(c2ccccc2N(c2ccccc2)c2ccccc2)c2c(C)cc(C)cc2C)c(C)c1,KEHCAIPLNWFEQE-UHFFFAOYSA-N,,DOI: 10.1021/acsami.7b05615,toluene,1,2.7389558232931726,2.7389558232931726,0.0,2.7389558232931726,2.7389558232931726,0.0,2.7389558232931726,general_only,C1CCC(C(C2CCCCC2)C2CCCCC2C(C2CCCCC2)C2CCCCC2)CC1,c1ccc(B(c2ccccc2)c2ccccc2N(c2ccccc2)c2ccccc2)cc1,outside_MR_TADF,outside_CzBN_domain,outside_CzBN_domain
E00_133_00918,Cc1cc(C)c(B(c2ccccc2N2c3ccccc3Oc3ccccc32)c2c(C)cc(C)cc2C)c(C)c1,HBNUOUNSADQKEL-UHFFFAOYSA-N,,DOI: 10.1021/acsami.7b05615,toluene,1,2.453087486795352,2.453087486795352,0.0,2.453087486795352,2.453087486795352,0.0,2.453087486795352,general_only,C1CCC(C(C2CCCCC2)C2CCCCC2C2C3CCCCC3CC3CCCCC32)CC1,c1ccc(B(c2ccccc2)c2ccccc2N2c3ccccc3Oc3ccccc32)cc1,outside_MR_TADF,outside_CzBN_domain,outside_CzBN_domain
E00_133_00919,Cc1cc(C)c(C2=C3C=C(/C=C/C(=O)OC(C)(C)C)C=[N+]3[B-](F)(F)n3c2ccc3N2CCOCC2)c(C)c1,IGASMHRJIKOVON-JXMROGBWSA-N,,DOI: 10.1021/acs.joc.9b00020,toluene,1,2.240781440781441,2.240781440781441,0.0,2.240781440781441,2.240781440781441,0.0,2.240781440781441,general_only,C1CCC(C2CCC3C2CC2CCCC2C3C2CCCCC2)CC1,[BH2-]1n2c(ccc2N2CCOCC2)C(c2ccccc2)=C2C=CC=[N+]12,outside_MR_TADF,outside_CzBN_domain,outside_CzBN_domain
E00_133_00920,Cc1cc(C)c(C2=C3C=C(c4ccc(C(C)(C)C)cc4)C(c4ccc(C(C)(C)C)cc4)=[N+]3[B-](F)(F)n3c2cc(-c2ccc(C(C)(C)C)cc2)c3-c2ccc(C(C)(C)C)cc2)c(C)c1,FBMBQPLXKVAAJC-UHFFFAOYSA-N,,DOI: 10.1021/acs.joc.9b01425,toluene,1,1.9843426203085426,1.9843426203085426,0.0,1.9843426203085426,1.9843426203085426,0.0,1.9843426203085426,general_only,C1CCC(C2CC3C(CC4C(CC(C5CCCCC5)C4C4CCCCC4)C3C3CCCCC3)C2C2CCCCC2)CC1,[BH2-]1n2c(cc(-c3ccccc3)c2-c2ccccc2)C(c2ccccc2)=C2C=C(c3ccccc3)C(c3ccccc3)=[N+]12,outside_MR_TADF,outside_CzBN_domain,outside_CzBN_domain
E00_133_00921,Cc1cc(C)c(C2=C3C=C(c4ccccc4)C(c4ccccc4)=[N+]3[B-](F)(F)n3c2cc(-c2ccccc2)c3-c2ccccc2)c(C)c1,IQWKBDZGAOZEEB-UHFFFAOYSA-N,,DOI: 10.1021/acs.joc.9b01425,toluene,1,2.0329888712241653,2.0329888712241653,0.0,2.0329888712241653,2.0329888712241653,0.0,2.0329888712241653,general_only,C1CCC(C2CC3C(CC4C(CC(C5CCCCC5)C4C4CCCCC4)C3C3CCCCC3)C2C2CCCCC2)CC1,[BH2-]1n2c(cc(-c3ccccc3)c2-c2ccccc2)C(c2ccccc2)=C2C=C(c3ccccc3)C(c3ccccc3)=[N+]12,outside_MR_TADF,outside_CzBN_domain,outside_CzBN_domain
E00_133_00922,Cc1cc(C)c(C2=C3C=c4c(c5ccc(C(C)(C)C)cc5c5cc(C(C)(C)C)ccc45)=[N+]3[B-](F)(F)n3c2cc2c4ccc(C(C)(C)C)cc4c4cc(C(C)(C)C)ccc4c23)c(C)c1,JCBMZIVOXUQTMD-UHFFFAOYSA-N,,DOI: 10.1021/acs.joc.9b01425,toluene,1,1.7553850161300018,1.7553850161300018,0.0,1.7553850161300018,1.7553850161300018,0.0,1.7553850161300018,general_only,C1CCC(C2C3CC4C5CCCCC5C5CCCCC5C4C3CC3C2CC2C4CCCCC4C4CCCCC4C23)CC1,[BH2-]1n2c(cc3c4ccccc4c4ccccc4c32)C(c2ccccc2)=C2C=c3c(c4ccccc4c4ccccc34)=[N+]12,outside_MR_TADF,outside_CzBN_domain,outside_CzBN_domain
E00_133_00923,Cc1cc(C)c(C2=C3C=c4c(c5ccccc5c5ccccc45)=[N+]3[B-](F)(F)n3c2cc2c4ccccc4c4ccccc4c23)c(C)c1,SSRCHNLBIKIQPG-UHFFFAOYSA-N,,DOI: 10.1021/acs.joc.9b01425,toluene,1,1.8012912482065997,1.8012912482065997,0.0,1.8012912482065997,1.8012912482065997,0.0,1.8012912482065997,general_only,C1CCC(C2C3CC4C5CCCCC5C5CCCCC5C4C3CC3C2CC2C4CCCCC4C4CCCCC4C23)CC1,[BH2-]1n2c(cc3c4ccccc4c4ccccc4c32)C(c2ccccc2)=C2C=c3c(c4ccccc4c4ccccc34)=[N+]12,outside_MR_TADF,outside_CzBN_domain,outside_CzBN_domain
E00_133_00924,Cc1cc(C)c(C2=[N+]3C(=Cc4c(C)cc(C)n4[B-]3(F)F)c3ccccc32)[nH]1,GQJZEIMMNTYUFE-UHFFFAOYSA-N,,DOI: 10.1021/acs.joc.6b00414,toluene,1,1.9859563816909789,1.9859563816909789,0.0,1.9859563816909789,1.9859563816909789,0.0,1.9859563816909789,general_only,C1CC2CC3C4CCCCC4C(C4CCCC4)C3CC2C1,[BH2-]1n2cccc2C=C2c3ccccc3C(c3ccc[nH]3)=[N+]12,outside_MR_TADF,outside_CzBN_domain,outside_CzBN_domain
E00_133_00925,Cc1cc(C)c(N(c2ccccc2)c2ccc(S(=O)(=O)c3ccc(S(=O)(=O)c4ccc(N(c5ccccc5)c5c(C)cc(C)cc5C)cc4)cc3)cc2)c(C)c1,YSSWGHYIQBHXQT-UHFFFAOYSA-N,,DOI: 10.1021/acs.chemmater.7b02964,toluene,1,3.1441595441595442,3.1441595441595442,0.0,3.1441595441595442,3.1441595441595442,0.0,3.1441595441595442,general_only,CC(C)(C1CCC(C(C2CCCCC2)C2CCCCC2)CC1)C1CCC(C(C)(C)C2CCC(C(C3CCCCC3)C3CCCCC3)CC2)CC1,O=S(=O)(c1ccc(N(c2ccccc2)c2ccccc2)cc1)c1ccc(S(=O)(=O)c2ccc(N(c3ccccc3)c3ccccc3)cc2)cc1,outside_MR_TADF,outside_CzBN_domain,outside_CzBN_domain
E00_133_00926,Cc1cc(C)c2c(c1)c1cc(C)cc(C)c1n2-c1ccc2c(c1)Oc1ccccc1B2c1c(C(C)C)cc(C(C)C)cc1C(C)C,RNHLMGGVHAHFFS-UHFFFAOYSA-N,,DOI: 10.1039/C5CC00307E,toluene,1,2.8828021212481234,2.8828021212481234,0.0,2.8828021212481234,2.8828021212481234,0.0,2.8828021212481234,general_only,C1CCC(C2C3CCCCC3CC3CC(C4C5CCCCC5C5CCCCC54)CCC32)CC1,c1ccc(B2c3ccccc3Oc3cc(-n4c5ccccc5c5ccccc54)ccc32)cc1,outside_MR_TADF,outside_CzBN_domain,outside_CzBN_domain
E00_133_00927,Cc1cc(C)n2c1C=C1c3ccccc3C(c3[nH]c4ccccc4c3C)=[N+]1[B-]2(F)F,WDKSFOBOLJNVQF-UHFFFAOYSA-N,,DOI: 10.1021/acs.joc.6b00414,toluene,1,1.9829728485964104,1.9829728485964104,0.0,1.9829728485964104,1.9829728485964104,0.0,1.9829728485964104,general_only,C1CCC2CC(C3C4CCCCC4C4CC5CCCC5CC43)CC2C1,[BH2-]1n2cccc2C=C2c3ccccc3C(c3cc4ccccc4[nH]3)=[N+]12,outside_MR_TADF,outside_CzBN_domain,outside_CzBN_domain
E00_133_00928,Cc1cc(C)n2c1C=C1c3ccccc3C(c3c[nH]c4ccccc34)=[N+]1[B-]2(F)F,FIDKMRGEZFFCDE-UHFFFAOYSA-N,,DOI: 10.1021/acs.joc.6b00414,toluene,1,2.0759549000268986,2.0759549000268986,0.0,2.0759549000268986,2.0759549000268986,0.0,2.0759549000268986,general_only,C1CC2CC3C4CCCCC4C(C4CCC5CCCCC54)C3CC2C1,[BH2-]1n2cccc2C=C2c3ccccc3C(c3c[nH]c4ccccc34)=[N+]12,outside_MR_TADF,outside_CzBN_domain,outside_CzBN_domain
E00_133_00929,Cc1cc(C)n2c1C=C1c3ccccc3C(c3ccc[nH]3)=[N+]1[B-]2(F)F,JMQOJBFRWWJPGJ-UHFFFAOYSA-N,,DOI: 10.1021/acs.joc.6b00414,toluene,1,2.011938035908854,2.011938035908854,0.0,2.011938035908854,2.011938035908854,0.0,2.011938035908854,general_only,C1CC2CC3C4CCCCC4C(C4CCCC4)C3CC2C1,[BH2-]1n2cccc2C=C2c3ccccc3C(c3ccc[nH]3)=[N+]12,outside_MR_TADF,outside_CzBN_domain,outside_CzBN_domain
E00_133_00930,Cc1cc(C)n2c1C=C1c3ccccc3C(c3cccn3C)=[N+]1[B-]2(F)F,UHDGGSWHNDRBKF-UHFFFAOYSA-N,,DOI: 10.1021/acs.joc.6b00414,toluene,1,2.0604886235346402,2.0604886235346402,0.0,2.0604886235346402,2.0604886235346402,0.0,2.0604886235346402,general_only,C1CC2CC3C4CCCCC4C(C4CCCC4)C3CC2C1,[BH2-]1n2cccc2C=C2c3ccccc3C(c3ccc[nH]3)=[N+]12,outside_MR_TADF,outside_CzBN_domain,outside_CzBN_domain
E00_133_00931,Cc1cc(N2c3ccccc3C(C)(C)c3ccccc32)ccc1-c1cc(-c2ccc(N3c4ccccc4C(C)(C)c4ccccc43)cc2C)ncn1,GUFZQWGZSKPQHF-UHFFFAOYSA-N,,acsami.6b13482,toluene,1,2.949000663958552,2.949000663958552,0.0,2.949000663958552,2.949000663958552,0.0,2.949000663958552,general_only,C1CC(C2CCC(C3C4CCCCC4CC4CCCCC43)CC2)CC(C2CCC(C3C4CCCCC4CC4CCCCC43)CC2)C1,c1ccc2c(c1)Cc1ccccc1N2c1ccc(-c2cc(-c3ccc(N4c5ccccc5Cc5ccccc54)cc3)ncn2)cc1,outside_MR_TADF,outside_CzBN_domain,outside_CzBN_domain
E00_133_00932,Cc1cc(N2c3ccccc3C3(c4ccccc4-c4ccccc43)c3ccccc32)c(C)cc1-c1nc(-c2ccccc2)nc(-c2ccccc2)n1,ICDPEUUZSWXZAT-UHFFFAOYSA-N,,acsami.8b20009,toluene,1,2.8950027263585074,2.8950027263585074,0.0,2.8950027263585074,2.8950027263585074,0.0,2.8950027263585074,general_only,C1CCC(C2CC(C3CCCCC3)CC(C3CCC(C4C5CCCCC5C5(C6CCCCC6C6CCCCC65)C5CCCCC45)CC3)C2)CC1,c1ccc(-c2nc(-c3ccccc3)nc(-c3ccc(N4c5ccccc5C5(c6ccccc6-c6ccccc65)c5ccccc54)cc3)n2)cc1,outside_MR_TADF,outside_CzBN_domain,outside_CzBN_domain
E00_133_00933,Cc1cc(N2c3ccccc3[Si](c3ccccc3)(c3ccccc3)c3ccccc32)c(C)cc1-c1nc(-c2ccccc2)nc(-c2ccccc2)n1,DNBYPWUGCHSRPS-UHFFFAOYSA-N,,acsami.8b20009,toluene,1,3.029788579370763,3.029788579370763,0.0,3.029788579370763,3.029788579370763,0.0,3.029788579370763,general_only,C1CCC(C2CC(C3CCCCC3)CC(C3CCC(C4C5CCCCC5C(C5CCCCC5)(C5CCCCC5)C5CCCCC45)CC3)C2)CC1,c1ccc(-c2nc(-c3ccccc3)nc(-c3ccc(N4c5ccccc5[Si](c5ccccc5)(c5ccccc5)c5ccccc54)cc3)n2)cc1,outside_MR_TADF,outside_CzBN_domain,outside_CzBN_domain
E00_133_00934,Cc1cc2cc(N3c4ccccc4Oc4ccccc43)ccc2c(=O)o1,FLCJXMCRAMAALL-UHFFFAOYSA-N,,DOI: 10.1021/acsami.6b15816,toluene,1,2.7177684013127053,2.7177684013127053,0.0,2.7177684013127053,2.7177684013127053,0.0,2.7177684013127053,general_only,CC1CCCC2CC(C3C4CCCCC4CC4CCCCC43)CCC12,O=c1occc2cc(N3c4ccccc4Oc4ccccc43)ccc12,outside_MR_TADF,outside_CzBN_domain,outside_CzBN_domain
E00_133_00935,Cc1ccc(-c2c3ccc([nH]3)c3nc(c(-c4ccc(C#N)cc4)c4ccc([nH]4)c4ccc([nH]4)c(-c4ccc(C)cc4)c4ccc2o4)C=C3)cc1,YLRBJBIZUSJNEJ-UHFFFAOYSA-N,,doi:10.1016/j.jphotochem.2005.04.024,toluene,1,2.2304071777020567,2.2304071777020567,0.0,2.2304071777020567,2.2304071777020567,0.0,2.2304071777020567,general_only,C1CCC(C2C3CCC(C3)C3CCC(C3)C(C3CCCCC3)C3CCC(C3)C(C3CCCCC3)C3CCC(C3)C3CCC2C3)CC1,C1=Cc2nc1c(-c1ccccc1)c1ccc([nH]1)c1ccc([nH]1)c(-c1ccccc1)c1ccc(o1)c(-c1ccccc1)c1ccc2[nH]1,outside_MR_TADF,outside_CzBN_domain,outside_CzBN_domain
E00_133_00936,Cc1ccc(-c2c3ccc([nH]3)c3nc(c(-c4ccc([N+](=O)[O-])cc4)c4ccc([nH]4)c4ccc([nH]4)c(-c4ccc(C)cc4)c4ccc2o4)C=C3)cc1,FSCVCZIEJFJGAM-UHFFFAOYSA-N,,doi:10.1016/j.jphotochem.2005.04.024,toluene,1,2.2251768753634424,2.2251768753634424,0.0,2.2251768753634424,2.2251768753634424,0.0,2.2251768753634424,general_only,C1CCC(C2C3CCC(C3)C3CCC(C3)C(C3CCCCC3)C3CCC(C3)C(C3CCCCC3)C3CCC(C3)C3CCC2C3)CC1,C1=Cc2nc1c(-c1ccccc1)c1ccc([nH]1)c1ccc([nH]1)c(-c1ccccc1)c1ccc(o1)c(-c1ccccc1)c1ccc2[nH]1,outside_MR_TADF,outside_CzBN_domain,outside_CzBN_domain
E00_133_00937,Cc1ccc(-c2ccc(/C=C/c3cccn3C)cn2)nc1,DZFTYXJPFAMLQI-SOFGYWHQSA-N,,DOI: 10.1021/jo901889y,toluene,1,2.973799176447775,2.973799176447775,0.0,2.973799176447775,2.973799176447775,0.0,2.973799176447775,general_only,C1CCC(C2CCC(CCC3CCCC3)CC2)CC1,C(=C/c1ccc[nH]1)\c1ccc(-c2ccccn2)nc1,outside_MR_TADF,outside_CzBN_domain,outside_CzBN_domain
E00_133_00938,Cc1ccc(-c2nnc(-c3ccc4ccc5cccc6ccc3c4c56)o2)cc1,SHTNCLRGDHTFHK-UHFFFAOYSA-N,,DOI: 10.1021/acs.joc.5b02423,toluene,1,3.0324275903254705,3.0324275903254705,0.0,3.0324275903254705,3.0324275903254705,0.0,3.0324275903254705,general_only,C1CCC(C2CCC(C3CCC4CCC5CCCC6CCC3C4C56)C2)CC1,c1ccc(-c2nnc(-c3ccc4ccc5cccc6ccc3c4c56)o2)cc1,outside_MR_TADF,outside_CzBN_domain,outside_CzBN_domain
E00_133_00939,Cc1ccc(-n2c(-c3cccc4cc[n-]c34)[nH+]c3c4ccccc4c4ccccc4c32)cc1,HBNDKPXNURPKOW-UHFFFAOYSA-O,,DOI:10.1039/c2jm33891b,toluene,1,2.75760475184494,2.75760475184494,0.0,2.75760475184494,2.75760475184494,0.0,2.75760475184494,general_only,C1CCC(C2C(C3CCCC4CCCC43)CC3C4CCCCC4C4CCCCC4C32)CC1,c1ccc(-n2c(-c3cccc4cc[n-]c34)[nH+]c3c4ccccc4c4ccccc4c32)cc1,outside_MR_TADF,outside_CzBN_domain,outside_CzBN_domain
E00_133_00940,Cc1ccc(-n2c(-c3cccc4cc[nH]c34)nc3c4ccccc4c4ccccc4c32)cc1,GJWGCARFIKFOOC-UHFFFAOYSA-N,,DOI:10.1039/c2jm33891b,toluene,1,3.395974763596038,3.395974763596038,0.0,3.395974763596038,3.395974763596038,0.0,3.395974763596038,general_only,C1CCC(C2C(C3CCCC4CCCC43)CC3C4CCCCC4C4CCCCC4C32)CC1,c1ccc(-n2c(-c3cccc4cc[nH]c34)nc3c4ccccc4c4ccccc4c32)cc1,outside_MR_TADF,outside_CzBN_domain,outside_CzBN_domain
E00_133_00941,Cc1ccc(-n2c(-c3ccccc3N)nc3c4ccccc4c4ccccc4c32)cc1,XARYKJAPRZFNJB-UHFFFAOYSA-N,,DOI:10.1039/c2jm33891b,toluene,1,3.5592256974893632,3.5592256974893632,0.0,3.5592256974893632,3.5592256974893632,0.0,3.5592256974893632,general_only,C1CCC(C2CC3C4CCCCC4C4CCCCC4C3C2C2CCCCC2)CC1,c1ccc(-c2nc3c4ccccc4c4ccccc4c3n2-c2ccccc2)cc1,outside_MR_TADF,outside_CzBN_domain,outside_CzBN_domain
E00_133_00942,Cc1ccc(-n2c(-c3ccccc3NS(=O)(=O)c3ccc(C)cc3)nc3c4ccccc4c4ccccc4c32)cc1,UDRRAFUUHWCZPC-UHFFFAOYSA-N,,DOI:10.1039/c2jm33891b,toluene,1,3.5009557183816504,3.5009557183816504,0.0,3.5009557183816504,3.5009557183816504,0.0,3.5009557183816504,general_only,CC(C)(CC1CCCCC1C1CC2C3CCCCC3C3CCCCC3C2C1C1CCCCC1)C1CCCCC1,O=S(=O)(Nc1ccccc1-c1nc2c3ccccc3c3ccccc3c2n1-c1ccccc1)c1ccccc1,outside_MR_TADF,outside_CzBN_domain,outside_CzBN_domain
E00_133_00943,Cc1ccc(-n2c(-c3ccccc3[N-]S(=O)(=O)c3ccc(C)cc3)[nH+]c3c4ccccc4c4ccccc4c32)cc1,BKTCTCUOZFQOBZ-UHFFFAOYSA-O,,DOI:10.1039/c2jm33891b,toluene,1,2.9427479662334535,2.9427479662334535,0.0,2.9427479662334535,2.9427479662334535,0.0,2.9427479662334535,general_only,CC(C)(CC1CCCCC1C1CC2C3CCCCC3C3CCCCC3C2C1C1CCCCC1)C1CCCCC1,O=S(=O)([N-]c1ccccc1-c1[nH+]c2c3ccccc3c3ccccc3c2n1-c1ccccc1)c1ccccc1,outside_MR_TADF,outside_CzBN_domain,outside_CzBN_domain
E00_133_00944,Cc1ccc(-n2c3ccccc3c3cc(C(=C(C#N)C#N)c4ccccc4)ccc32)cc1,JRDDLNXKVLLJNF-UHFFFAOYSA-N,,https://doi.org/10.1016/j.jlumin.2018.05.059,toluene,1,2.586250914110403,2.586250914110403,0.0,2.586250914110403,2.586250914110403,0.0,2.586250914110403,general_only,CC(C1CCCCC1)C1CCC2C(C1)C1CCCCC1C2C1CCCCC1,C=C(c1ccccc1)c1ccc2c(c1)c1ccccc1n2-c1ccccc1,outside_MR_TADF,outside_CzBN_domain,outside_CzBN_domain
E00_133_00945,Cc1ccc(-n2c3ccccc3c3cc(C=C(C#N)C#N)ccc32)cc1,KIICIIPGZJYBRQ-UHFFFAOYSA-N,,https://doi.org/10.1016/j.jlumin.2018.05.059,toluene,1,2.892732362578937,2.892732362578937,0.0,2.892732362578937,2.892732362578937,0.0,2.892732362578937,general_only,C1CCC(C2C3CCCCC3C3CCCCC32)CC1,c1ccc(-n2c3ccccc3c3ccccc32)cc1,outside_MR_TADF,outside_CzBN_domain,outside_CzBN_domain
E00_133_00946,Cc1ccc(/C(C#N)=C/c2cc(/C=C(\C#N)c3ccc(C)cc3)c(-c3ccc(N(c4ccccc4)c4ccccc4)cc3)cc2-c2ccc(N(c3ccccc3)c3ccccc3)cc2)cc1,TZLBDLHJXLQVED-DQGUWACISA-N,,https://doi.org/10.1016/j.dyepig.2019.04.015,toluene,1,2.8773444160272805,2.8773444160272805,0.0,2.8773444160272805,2.8773444160272805,0.0,2.8773444160272805,general_only,C1CCC(CCC2CC(CCC3CCCCC3)C(C3CCC(C(C4CCCCC4)C4CCCCC4)CC3)CC2C2CCC(C(C3CCCCC3)C3CCCCC3)CC2)CC1,C(=Cc1cc(/C=C/c2ccccc2)c(-c2ccc(N(c3ccccc3)c3ccccc3)cc2)cc1-c1ccc(N(c2ccccc2)c2ccccc2)cc1)c1ccccc1,outside_MR_TADF,outside_CzBN_domain,outside_CzBN_domain
E00_133_00947,Cc1ccc(C(=O)/C=C/c2ccc(N(C)C)cc2)cc1,WDFJWHWYPOZAQG-MDWZMJQESA-N,,https://doi.org/10.1016/j.optmat.2017.12.034,toluene,1,2.8344438217406647,2.8344438217406647,0.0,2.8344438217406647,2.8344438217406647,0.0,2.8344438217406647,general_only,CC(CCC1CCCCC1)C1CCCCC1,O=C(/C=C/c1ccccc1)c1ccccc1,outside_MR_TADF,outside_CzBN_domain,outside_CzBN_domain
E00_133_00948,Cc1ccc(C2=C3C=CC(/C=C/c4ccccc4)=[N+]3[B-](F)(F)n3c(/C=C/c4ccccc4)ccc32)cc1,RAWQXHBOWIMKQT-JSAVKQRWSA-N,,10.1021/jp073547+,toluene,1,1.9286282724539383,1.9286282724539383,0.0,1.9286282724539383,1.9286282724539383,0.0,1.9286282724539383,general_only,C1CCC(CCC2CCC3C2CC2C(CCC4CCCCC4)CCC2C3C2CCCCC2)CC1,[BH2-]1n2c(/C=C/c3ccccc3)ccc2C(c2ccccc2)=C2C=CC(/C=C/c3ccccc3)=[N+]12,outside_MR_TADF,outside_CzBN_domain,outside_CzBN_domain
E00_133_00949,Cc1ccc(C2=C3C=CC(/C=C/c4ccccc4)=[N+]3[B-](F)(F)n3c(Cl)ccc32)cc1,OPAIUOAXZSDDGY-FMIVXFBMSA-N,,10.1021/jp073547+,toluene,1,2.1383378526235672,2.1383378526235672,0.0,2.1383378526235672,2.1383378526235672,0.0,2.1383378526235672,general_only,C1CCC(CCC2CCC3C2CC2CCCC2C3C2CCCCC2)CC1,[BH2-]1n2cccc2C(c2ccccc2)=C2C=CC(/C=C/c3ccccc3)=[N+]12,outside_MR_TADF,outside_CzBN_domain,outside_CzBN_domain
E00_133_00950,Cc1ccc(C2=C3C=CC(C#Cc4ccccc4)=[N+]3[B-](F)(F)n3c(C#Cc4ccccc4)ccc32)cc1,MDSUREULNPIXDN-UHFFFAOYSA-N,,10.1021/jp073547+,toluene,1,1.995463560897552,1.995463560897552,0.0,1.995463560897552,1.995463560897552,0.0,1.995463560897552,general_only,C1CCC(CCC2CCC3C2CC2C(CCC4CCCCC4)CCC2C3C2CCCCC2)CC1,[BH2-]1n2c(C#Cc3ccccc3)ccc2C(c2ccccc2)=C2C=CC(C#Cc3ccccc3)=[N+]12,outside_MR_TADF,outside_CzBN_domain,outside_CzBN_domain
E00_133_00951,Cc1ccc(C2=C3C=CC(C#Cc4ccccc4)=[N+]3[B-](F)(F)n3c(Cl)ccc32)cc1,NYRDYLLGRJWGGX-UHFFFAOYSA-N,,10.1021/jp073547+,toluene,1,2.1699297573044443,2.1699297573044443,0.0,2.1699297573044443,2.1699297573044443,0.0,2.1699297573044443,general_only,C1CCC(CCC2CCC3C2CC2CCCC2C3C2CCCCC2)CC1,[BH2-]1n2cccc2C(c2ccccc2)=C2C=CC(C#Cc3ccccc3)=[N+]12,outside_MR_TADF,outside_CzBN_domain,outside_CzBN_domain
E00_133_00952,Cc1ccc(C2=C3C=CC(Cl)=[N+]3[B-](F)(F)n3c(Cl)ccc32)cc1,ORUQPZOPHGPEAS-UHFFFAOYSA-N,,https://doi.org/10.1016/j.cplett.2005.12.098,toluene,1,2.373573071906918,2.373573071906918,0.0,2.373573071906918,2.373573071906918,0.0,2.373573071906918,general_only,C1CCC(C2C3CCCC3CC3CCCC32)CC1,[BH2-]1n2cccc2C(c2ccccc2)=C2C=CC=[N+]12,outside_MR_TADF,outside_CzBN_domain,outside_CzBN_domain
E00_133_00953,Cc1ccc(C2=C3C=CC(c4ccccc4)=[N+]3[B-](F)(F)n3c(Cl)ccc32)cc1,JLRCWWQYCSCTLT-UHFFFAOYSA-N,,10.1021/jp073547+,toluene,1,2.272159800249688,2.272159800249688,0.0,2.272159800249688,2.272159800249688,0.0,2.272159800249688,general_only,C1CCC(C2CCC3C2CC2CCCC2C3C2CCCCC2)CC1,[BH2-]1n2cccc2C(c2ccccc2)=C2C=CC(c3ccccc3)=[N+]12,outside_MR_TADF,outside_CzBN_domain,outside_CzBN_domain
E00_133_00954,Cc1ccc(C2=C3C=CC(c4ccccc4)=[N+]3[B-](F)(F)n3c2ccc3-c2ccccc2)cc1,ZCAJVVODDIFREN-UHFFFAOYSA-N,,10.1021/jp073547+,toluene,1,2.1657375035434185,2.1657375035434185,0.0,2.1657375035434185,2.1657375035434185,0.0,2.1657375035434185,general_only,C1CCC(C2CCC3C2CC2C(C4CCCCC4)CCC2C3C2CCCCC2)CC1,[BH2-]1n2c(ccc2-c2ccccc2)C(c2ccccc2)=C2C=CC(c3ccccc3)=[N+]12,outside_MR_TADF,outside_CzBN_domain,outside_CzBN_domain
E00_133_00955,Cc1ccc(C2=C3C=c4c(oc5ccccc45)=[N+]3[B-](F)(F)n3c2cc2c4ccccc4oc23)cc1,SJNJYEFJUQBYIJ-UHFFFAOYSA-N,,DOI: 10.1021/acs.joc.8b02933,toluene,1,2.082614140183437,2.082614140183437,0.0,2.082614140183437,2.082614140183437,0.0,2.082614140183437,general_only,C1CCC(C2C3CC4C5CCCCC5CC4C3CC3C4CC5CCCCC5C4CC32)CC1,[BH2-]1n2c(cc3c4ccccc4oc32)C(c2ccccc2)=C2C=c3c(oc4ccccc34)=[N+]12,outside_MR_TADF,outside_CzBN_domain,outside_CzBN_domain
E00_133_00956,Cc1ccc(C2=[N+]3C(=Cc4c(C)cc(C)n4[B-]3(F)F)c3ccccc32)[nH]1,IQZZPAYQKKMLEC-UHFFFAOYSA-N,,DOI: 10.1021/acs.joc.6b00414,toluene,1,1.9987634693517045,1.9987634693517045,0.0,1.9987634693517045,1.9987634693517045,0.0,1.9987634693517045,general_only,C1CC2CC3C4CCCCC4C(C4CCCC4)C3CC2C1,[BH2-]1n2cccc2C=C2c3ccccc3C(c3ccc[nH]3)=[N+]12,outside_MR_TADF,outside_CzBN_domain,outside_CzBN_domain
E00_133_00957,Cc1ccc(C2=[N+]3C(=Cc4ccc(C)n4[B-]3(F)F)c3ccccc32)[nH]1,SFPPYKFPAYJTAX-UHFFFAOYSA-N,,DOI: 10.1021/acs.joc.6b00414,toluene,1,2.0182869009212316,2.0182869009212316,0.0,2.0182869009212316,2.0182869009212316,0.0,2.0182869009212316,general_only,C1CC2CC3C4CCCCC4C(C4CCCC4)C3CC2C1,[BH2-]1n2cccc2C=C2c3ccccc3C(c3ccc[nH]3)=[N+]12,outside_MR_TADF,outside_CzBN_domain,outside_CzBN_domain
E00_133_00958,Cc1ccc(N(c2cc(C(C)(C)C)ccc2C)c2ccc3ccc4c(N(c5ccc(C)cc5C)c5cc(C(C)(C)C)ccc5C)ccc5ccc2c3c54)c(C)c1,TVBXWRNAOLKXHI-UHFFFAOYSA-N,,DOI: 10.1021/acsami.8b09013,toluene,1,2.783417467323633,2.783417467323633,0.0,2.783417467323633,2.783417467323633,0.0,2.783417467323633,general_only,C1CCC(C(C2CCCCC2)C2CCC3CCC4C(C(C5CCCCC5)C5CCCCC5)CCC5CCC2C3C54)CC1,c1ccc(N(c2ccccc2)c2ccc3ccc4c(N(c5ccccc5)c5ccccc5)ccc5ccc2c3c54)cc1,outside_MR_TADF,outside_CzBN_domain,outside_CzBN_domain
E00_133_00959,Cc1ccc(N(c2ccc(C)cc2)c2cc3c4c(c2)-n2c5cc(-c6ccc(C(C)(C)C)cc6)ccc5c5ccc(-c6ccc(C(C)(C)C)cc6)c(c52)B4c2c(-c4ccc(C(C)(C)C)cc4)ccc4c5ccc(-c6ccc(C(C)(C)C)cc6)cc5n-3c24)cc1,MNQNQAPGCACBSU-UHFFFAOYSA-N,DPA-tBuPh-BN,"Chem. Sci.,2024, 15, 16917–16927",toluene,1,2.6624277190314927,2.6624277190314927,0.0,2.6624277190314927,2.6624277190314927,0.0,2.6624277190314927,MR_TADF_only,C1CCC(C2CCC3C(C2)C2C4CC(C(C5CCCCC5)C5CCCCC5)CC5C6C7CC(C8CCCCC8)CCC7C7CCC(C8CCCCC8)C(C76)C(C45)C4C(C5CCCCC5)CCC3C24)CC1,c1ccc(-c2ccc3c4ccc(-c5ccccc5)c5c4n(c3c2)-c2cc(N(c3ccccc3)c3ccccc3)cc3c2B5c2c(-c4ccccc4)ccc4c5ccc(-c6ccccc6)cc5n-3c24)cc1,exact_CzBN_core_derivative,amine_or_carbazole_donor,CZBN_CLUSTER_16
E00_133_00960,Cc1ccc(N(c2ccc(C)cc2)c2ccc(-c3c4ccccc4c(-c4ccc(N(c5ccc(C)cc5)c5ccc(C)cc5)cc4)c4nsnc34)cc2)cc1,IWODQMQOBJZQHW-UHFFFAOYSA-N,,DOI: 10.1021/acsami.9b06612,toluene,1,2.025655793497042,2.025655793497042,0.0,2.025655793497042,2.025655793497042,0.0,2.025655793497042,general_only,C1CCC(C(C2CCCCC2)C2CCC(C3C4CCCCC4C(C4CCC(C(C5CCCCC5)C5CCCCC5)CC4)C4CCCC43)CC2)CC1,c1ccc(N(c2ccccc2)c2ccc(-c3c4ccccc4c(-c4ccc(N(c5ccccc5)c5ccccc5)cc4)c4nsnc34)cc2)cc1,outside_MR_TADF,outside_CzBN_domain,outside_CzBN_domain
E00_133_00961,Cc1ccc(N(c2ccc(C)cc2)c2ccc(-c3cc4c(cc(-c5ccc(N(c6ccc(C)cc6)c6ccc(C)cc6)cc5)c5nsnc54)c4nsnc34)cc2)cc1,ORAJMQQJPSDGEO-UHFFFAOYSA-N,,DOI: 10.1021/acsami.9b06612,toluene,1,2.133127115676433,2.133127115676433,0.0,2.133127115676433,2.133127115676433,0.0,2.133127115676433,general_only,C1CCC(C(C2CCCCC2)C2CCC(C3CC4C5CCCC5C(C5CCC(C(C6CCCCC6)C6CCCCC6)CC5)CC4C4CCCC34)CC2)CC1,c1ccc(N(c2ccccc2)c2ccc(-c3cc4c(cc(-c5ccc(N(c6ccccc6)c6ccccc6)cc5)c5nsnc54)c4nsnc34)cc2)cc1,outside_MR_TADF,outside_CzBN_domain,outside_CzBN_domain
E00_133_00962,Cc1ccc(N(c2ccc(C)cc2)c2ccc(-c3ccc(-c4ccc(N(c5ccc(C)cc5)c5ccc(C)cc5)cc4)c4nsnc34)cc2)cc1,XNZSQJZFOVYPGS-UHFFFAOYSA-N,,DOI: 10.1021/acsami.9b06612,toluene,1,2.295278024133946,2.295278024133946,0.0,2.295278024133946,2.295278024133946,0.0,2.295278024133946,general_only,C1CCC(C(C2CCCCC2)C2CCC(C3CCC(C4CCC(C(C5CCCCC5)C5CCCCC5)CC4)C4CCCC34)CC2)CC1,c1ccc(N(c2ccccc2)c2ccc(-c3ccc(-c4ccc(N(c5ccccc5)c5ccccc5)cc4)c4nsnc34)cc2)cc1,outside_MR_TADF,outside_CzBN_domain,outside_CzBN_domain
E00_133_00963,Cc1ccc(N(c2ccc(C)cc2)c2ccc(-c3ccc4c(c3)C(=O)c3ccccc3C4=O)cc2)cc1,GCRNEAOBVKHLON-UHFFFAOYSA-N,,http://dx.doi.org/10.1016/j.dyepig.2017.05.024,toluene,1,2.2955268889261182,2.2955268889261182,0.0,2.2955268889261182,2.2955268889261182,0.0,2.2955268889261182,general_only,CC1C2CCCCC2C(C)C2CC(C3CCC(C(C4CCCCC4)C4CCCCC4)CC3)CCC12,O=C1c2ccccc2C(=O)c2cc(-c3ccc(N(c4ccccc4)c4ccccc4)cc3)ccc21,outside_MR_TADF,outside_CzBN_domain,outside_CzBN_domain
E00_133_00964,Cc1ccc(N(c2ccc(C)cc2)c2ccc3c(c2)c2cc(N(c4ccc(C)cc4)c4ccc(C)cc4)cc4c2n3-c2cccc3c2B4c2cc(N(c4ccc(C)cc4)c4ccc(C)cc4)cc4c5cc(N(c6ccc(C)cc6)c6ccc(C)cc6)ccc5n-3c24)cc1,PCYSDGBRMLDTGV-UHFFFAOYSA-N,DACz-B,"Angew.Chem.Int.Ed.2021, 60, 23142 –23147",toluene,1,2.232064232064232,2.232064232064232,0.0,2.232064232064232,2.232064232064232,0.0,2.232064232064232,MR_TADF_only,C1CCC(C(C2CCCCC2)C2CCC3C(C2)C2CC(C(C4CCCCC4)C4CCCCC4)CC4C2C3C2CCCC3C5C6CCC(C(C7CCCCC7)C7CCCCC7)CC6C6CC(C(C7CCCCC7)C7CCCCC7)CC(C65)C4C23)CC1,c1ccc(N(c2ccccc2)c2ccc3c(c2)c2cc(N(c4ccccc4)c4ccccc4)cc4c2n3-c2cccc3c2B4c2cc(N(c4ccccc4)c4ccccc4)cc4c5cc(N(c6ccccc6)c6ccccc6)ccc5n-3c24)cc1,exact_CzBN_core_derivative,amine_or_carbazole_donor,CZBN_CLUSTER_05
E00_133_00965,Cc1ccc(N(c2ccc(C)cc2)c2ccc3c4cccc5c(N(c6ccc(C)cc6)c6ccc(C)cc6)ccc(c6cccc2c63)c54)cc1,FELXDNIAAORFTJ-UHFFFAOYSA-N,,DOI: 10.1021/acs.joc.9b01849,toluene,1,2.3542665457320147,2.3542665457320147,0.0,2.3542665457320147,2.3542665457320147,0.0,2.3542665457320147,general_only,C1CCC(C(C2CCCCC2)C2CCC3C4CCCC5C(C(C6CCCCC6)C6CCCCC6)CCC(C6CCCC2C63)C54)CC1,c1ccc(N(c2ccccc2)c2ccc3c4cccc5c(N(c6ccccc6)c6ccccc6)ccc(c6cccc2c63)c54)cc1,outside_MR_TADF,outside_CzBN_domain,outside_CzBN_domain
E00_133_00966,Cc1ccc(N2C(c3ccccc3N(C)C)=NC(c3ccccc3)C2c2ccccc2)cc1,PFCWHBSCNJVCQQ-UHFFFAOYSA-N,,DOI:10.1039/c2jm33891b,toluene,1,3.7237397673416632,3.7237397673416632,0.0,3.7237397673416632,3.7237397673416632,0.0,3.7237397673416632,general_only,C1CCC(C2CC(C3CCCCC3)C(C3CCCCC3)C2C2CCCCC2)CC1,c1ccc(C2=NC(c3ccccc3)C(c3ccccc3)N2c2ccccc2)cc1,outside_MR_TADF,outside_CzBN_domain,outside_CzBN_domain
E00_133_00967,Cc1ccc(N2C(c3ccccc3N)=NC(c3ccccc3)C2c2ccccc2)cc1,DSAXPVSJUGJWFM-UHFFFAOYSA-N,,DOI:10.1039/c2jm33891b,toluene,1,3.7563705050073057,3.7563705050073057,0.0,3.7563705050073057,3.7563705050073057,0.0,3.7563705050073057,general_only,C1CCC(C2CC(C3CCCCC3)C(C3CCCCC3)C2C2CCCCC2)CC1,c1ccc(C2=NC(c3ccccc3)C(c3ccccc3)N2c2ccccc2)cc1,outside_MR_TADF,outside_CzBN_domain,outside_CzBN_domain
E00_133_00968,Cc1ccc(N2C(c3ccccc3NS(=O)(=O)c3ccc(C)cc3)=NC(c3ccccc3)C2c2ccccc2)cc1,YZTPDUGXVMXUOB-UHFFFAOYSA-N,,DOI:10.1039/c2jm33891b,toluene,1,3.72,3.72,0.0,3.72,3.72,0.0,3.72,general_only,CC(C)(CC1CCCCC1C1CC(C2CCCCC2)C(C2CCCCC2)C1C1CCCCC1)C1CCCCC1,O=S(=O)(Nc1ccccc1C1=NC(c2ccccc2)C(c2ccccc2)N1c1ccccc1)c1ccccc1,outside_MR_TADF,outside_CzBN_domain,outside_CzBN_domain
E00_133_00969,Cc1ccc(N2C(c3ccccc3[NH-])=[NH+]C(c3ccccc3)C2c2ccccc2)cc1,WMZXPELJCLTWEH-UHFFFAOYSA-O,,DOI:10.1039/c2jm33891b,toluene,1,2.974159986355108,2.974159986355108,0.0,2.974159986355108,2.974159986355108,0.0,2.974159986355108,general_only,C1CCC(C2CC(C3CCCCC3)C(C3CCCCC3)C2C2CCCCC2)CC1,c1ccc(C2=[NH+]C(c3ccccc3)C(c3ccccc3)N2c2ccccc2)cc1,outside_MR_TADF,outside_CzBN_domain,outside_CzBN_domain
E00_133_00970,Cc1ccc(Nc2ccc3ccccc3n2)cc1,IZMSCQMMRKVYSJ-UHFFFAOYSA-N,,https://doi.org/10.1016/j.jlumin.2018.12.059,toluene,1,3.2550370902129697,3.2550370902129697,0.0,3.2550370902129697,3.2550370902129697,0.0,3.2550370902129697,general_only,C1CCC(CC2CCC3CCCCC3C2)CC1,c1ccc(Nc2ccc3ccccc3n2)cc1,outside_MR_TADF,outside_CzBN_domain,outside_CzBN_domain
E00_133_00971,Cc1ccc(OCc2cc(=O)oc3c2ccc2ccccc23)cc1,LBLZOUWMRWVVIV-UHFFFAOYSA-N,,https://doi.org/10.1016/j.saa.2014.10.039,toluene,1,3.2206067421747395,3.2206067421747395,0.0,3.2206067421747395,3.2206067421747395,0.0,3.2206067421747395,general_only,CC1CC(CCC2CCCCC2)C2CCC3CCCCC3C2C1,O=c1cc(COc2ccccc2)c2ccc3ccccc3c2o1,outside_MR_TADF,outside_CzBN_domain,outside_CzBN_domain
E00_133_00972,Cc1ccc([B-]2(c3ccc(C)cc3)n3nc(C(F)(F)F)cc3-c3c4ccccc4cc[n+]32)cc1,BIEBDSFBQFQPML-UHFFFAOYSA-N,,DOI: 10.1021/acs.jpcc.8b11100,toluene,1,3.16790385755903,3.16790385755903,0.0,3.16790385755903,3.16790385755903,0.0,3.16790385755903,general_only,C1CCC(C2(C3CCCCC3)C3CCCC3C3C4CCCCC4CCC32)CC1,c1ccc([B-]2(c3ccccc3)n3nccc3-c3c4ccccc4cc[n+]32)cc1,outside_MR_TADF,outside_CzBN_domain,outside_CzBN_domain
E00_133_00973,Cc1ccc2c(c1)C1(c3ccccc3-c3ccccc31)c1cc(C)ccc1N2c1ccc(-c2nc(-c3ccccc3)cc(-c3ccccc3)n2)cc1,YAWLLONKIJLMAM-UHFFFAOYSA-N,,10.1039/C6SC03793C,toluene,1,2.959929406973324,2.959929406973324,0.0,2.959929406973324,2.959929406973324,0.0,2.959929406973324,general_only,C1CCC(C2CC(C3CCCCC3)CC(C3CCC(C4C5CCCCC5C5(C6CCCCC6C6CCCCC65)C5CCCCC45)CC3)C2)CC1,c1ccc(-c2cc(-c3ccccc3)nc(-c3ccc(N4c5ccccc5C5(c6ccccc6-c6ccccc65)c5ccccc54)cc3)n2)cc1,outside_MR_TADF,outside_CzBN_domain,outside_CzBN_domain
E00_133_00974,Cc1ccc2c(c1)C1(c3ccccc3-c3ccccc31)c1cc(C)ccc1N2c1ccc(-c2ncccn2)cc1,KWGINUYPNJXCAP-UHFFFAOYSA-N,,10.1039/C6SC03793C,toluene,1,2.976481333485558,2.976481333485558,0.0,2.976481333485558,2.976481333485558,0.0,2.976481333485558,general_only,C1CCC(C2CCC(C3C4CCCCC4C4(C5CCCCC5C5CCCCC54)C4CCCCC34)CC2)CC1,c1cnc(-c2ccc(N3c4ccccc4C4(c5ccccc5-c5ccccc54)c4ccccc43)cc2)nc1,outside_MR_TADF,outside_CzBN_domain,outside_CzBN_domain
E00_133_00975,Cc1ccc2c(c1)C1(c3ccccc3-c3ccccc31)c1cc(C)ccc1N2c1ccc2c(c1)Oc1ccccc1P2(=O)c1ccccc1,FXKDRUSWPISYRI-UHFFFAOYSA-N,,10.1039/C7TC05709A,toluene,1,3.391255606400125,3.391255606400125,0.0,3.391255606400125,3.391255606400125,0.0,3.391255606400125,general_only,CC1(C2CCCCC2)C2CCCCC2CC2CC(C3C4CCCCC4C4(C5CCCCC5C5CCCCC54)C4CCCCC34)CCC21,O=P1(c2ccccc2)c2ccccc2Oc2cc(N3c4ccccc4C4(c5ccccc5-c5ccccc54)c4ccccc43)ccc21,outside_MR_TADF,outside_CzBN_domain,outside_CzBN_domain
E00_133_00976,Cc1ccc2c(c1)C1(c3ccccc3-c3ccccc31)c1cc(C)ccc1N2c1ccc2c(c1)Oc1ccccc1P2(=S)c1ccccc1,AROJAORSESKOCO-UHFFFAOYSA-N,,10.1039/C7TC05709A,toluene,1,3.391255606400125,3.391255606400125,0.0,3.391255606400125,3.391255606400125,0.0,3.391255606400125,general_only,CC1(C2CCCCC2)C2CCCCC2CC2CC(C3C4CCCCC4C4(C5CCCCC5C5CCCCC54)C4CCCCC34)CCC21,S=P1(c2ccccc2)c2ccccc2Oc2cc(N3c4ccccc4C4(c5ccccc5-c5ccccc54)c4ccccc43)ccc21,outside_MR_TADF,outside_CzBN_domain,outside_CzBN_domain
E00_133_00977,Cc1ccc2c(c1)C1(c3ccccc3-c3ccccc31)c1cc(C)ccc1N2c1ccc2c(c1)Sc1ccccc1P2(=O)c1ccccc1,FIARMCPADLVMMU-UHFFFAOYSA-N,,10.1039/C7TC05709A,toluene,1,3.3558047524758585,3.3558047524758585,0.0,3.3558047524758585,3.3558047524758585,0.0,3.3558047524758585,general_only,CC1(C2CCCCC2)C2CCCCC2CC2CC(C3C4CCCCC4C4(C5CCCCC5C5CCCCC54)C4CCCCC34)CCC21,O=P1(c2ccccc2)c2ccccc2Sc2cc(N3c4ccccc4C4(c5ccccc5-c5ccccc54)c4ccccc43)ccc21,outside_MR_TADF,outside_CzBN_domain,outside_CzBN_domain
E00_133_00978,Cc1ccc2c(c1)C1(c3ccccc3-c3ccccc31)c1cc(C)ccc1N2c1ccc2c(c1)Sc1ccccc1P2(=S)c1ccccc1,XYBFRAPJXZJVPM-UHFFFAOYSA-N,,10.1039/C7TC05709A,toluene,1,3.3558047524758585,3.3558047524758585,0.0,3.3558047524758585,3.3558047524758585,0.0,3.3558047524758585,general_only,CC1(C2CCCCC2)C2CCCCC2CC2CC(C3C4CCCCC4C4(C5CCCCC5C5CCCCC54)C4CCCCC34)CCC21,S=P1(c2ccccc2)c2ccccc2Sc2cc(N3c4ccccc4C4(c5ccccc5-c5ccccc54)c4ccccc43)ccc21,outside_MR_TADF,outside_CzBN_domain,outside_CzBN_domain
E00_133_00979,Cc1ccc2c(c1)C1(c3ccccc3Oc3ccccc31)c1cc(C)ccc1N2c1ccc(-c2nc(-c3ccccc3)cc(-c3ccccc3)n2)cc1,KVVKZTLCLHHSFU-UHFFFAOYSA-N,,10.1039/C6SC03793C,toluene,1,3.0149344783491125,3.0149344783491125,0.0,3.0149344783491125,3.0149344783491125,0.0,3.0149344783491125,general_only,C1CCC(C2CC(C3CCCCC3)CC(C3CCC(C4C5CCCCC5C5(C6CCCCC6CC6CCCCC65)C5CCCCC45)CC3)C2)CC1,c1ccc(-c2cc(-c3ccccc3)nc(-c3ccc(N4c5ccccc5C5(c6ccccc6Oc6ccccc65)c5ccccc54)cc3)n2)cc1,outside_MR_TADF,outside_CzBN_domain,outside_CzBN_domain
E00_133_00980,Cc1ccc2c(c1)C1(c3ccccc3Oc3ccccc31)c1cc(C)ccc1N2c1ccc(-c2ncccn2)cc1,IPENWGJTDZZEPV-UHFFFAOYSA-N,,10.1039/C6SC03793C,toluene,1,3.0015226715330163,3.0015226715330163,0.0,3.0015226715330163,3.0015226715330163,0.0,3.0015226715330163,general_only,C1CCC(C2CCC(C3C4CCCCC4C4(C5CCCCC5CC5CCCCC54)C4CCCCC34)CC2)CC1,c1cnc(-c2ccc(N3c4ccccc4C4(c5ccccc5Oc5ccccc54)c4ccccc43)cc2)nc1,outside_MR_TADF,outside_CzBN_domain,outside_CzBN_domain
E00_133_00981,Cc1ccc2c(c1)c1cc(Br)ccc1n2-c1c(C#N)c(-n2c3ccc(Br)cc3c3cc(Br)ccc32)c(-n2c3ccc(Br)cc3c3cc(Br)ccc32)c(C#N)c1-n1c2ccc(Br)cc2c2cc(Br)ccc21,UPBQFEKHZWLGOG-UHFFFAOYSA-N,,DOI: 10.1021/acs.joc.5b01496,toluene,1,2.964439690103407,2.964439690103407,0.0,2.964439690103407,2.964439690103407,0.0,2.964439690103407,general_only,C1CCC2C(C1)C1CCCCC1C2C1CC(C2C3CCCCC3C3CCCCC32)C(C2C3CCCCC3C3CCCCC32)CC1C1C2CCCCC2C2CCCCC21,c1ccc2c(c1)c1ccccc1n2-c1cc(-n2c3ccccc3c3ccccc32)c(-n2c3ccccc3c3ccccc32)cc1-n1c2ccccc2c2ccccc21,outside_MR_TADF,outside_CzBN_domain,outside_CzBN_domain
E00_133_00982,Cc1ccc2c(c1)c1cc(C)ccc1n2-c1cc2c3c(c1)-n1c4ccc(N(c5ccccc5)c5ccccc5)cc4c4cc(N(c5ccccc5)c5ccccc5)cc(c41)B3c1cc(C)cc3c4cc(C)ccc4n-2c13,MTPDEHTYTXJKBG-UHFFFAOYSA-N,GBN,"Adv. Mater. 2025, 37, 2409746",toluene,1,2.4060286088172917,2.4060286088172917,0.0,2.4060286088172917,2.4060286088172917,0.0,2.4060286088172917,MR_TADF_only,C1CCC(C(C2CCCCC2)C2CCC3C(C2)C2CC(C(C4CCCCC4)C4CCCCC4)CC4C2C3C2CC(C3C5CCCCC5C5CCCCC53)CC3C5C6CCCCC6C6CCCC(C65)C4C32)CC1,c1ccc(N(c2ccccc2)c2ccc3c(c2)c2cc(N(c4ccccc4)c4ccccc4)cc4c2n3-c2cc(-n3c5ccccc5c5ccccc53)cc3c2B4c2cccc4c5ccccc5n-3c24)cc1,exact_CzBN_core_derivative,nitrogen_heteroaryl,CZBN_CLUSTER_37
E00_133_00983,Cc1ccc2c(c1)c1cc(C)ccc1n2-c1cccc(-n2c3ccc(C)cc3c3cc(C)ccc32)c1C#N,SIEZJEOIXLDRFH-UHFFFAOYSA-N,,https://doi.org/10.1002/adfm.201706023,toluene,1,3.171593160254405,3.171593160254405,0.0,3.171593160254405,3.171593160254405,0.0,3.171593160254405,general_only,C1CC(C2C3CCCCC3C3CCCCC32)CC(C2C3CCCCC3C3CCCCC32)C1,c1cc(-n2c3ccccc3c3ccccc32)cc(-n2c3ccccc3c3ccccc32)c1,outside_MR_TADF,outside_CzBN_domain,outside_CzBN_domain
E00_133_00984,Cc1ccc2ccc3c(c2n1)N/C(=C\C1=C([O-])/C(=C/C2=[NH+]c4c(ccc5ccc(C)nc45)C2(C)C)C1=O)C3(C)C,HRCXHACOFKILEY-XXSUASHTSA-N,,https://doi.org/10.1016/j.saa.2018.11.061,toluene,1,1.7568815072286932,1.7568815072286932,0.0,1.7568815072286932,1.7568815072286932,0.0,1.7568815072286932,general_only,CC1C(CC2CC3CCC4CCCCC4C3C2)CC1CC1CC2CCC3CCCCC3C2C1,O=C1C(/C=C2/Cc3ccc4cccnc4c3N2)=C/C1=C/C1=[NH+]c2c(ccc3cccnc23)C1,outside_MR_TADF,outside_CzBN_domain,outside_CzBN_domain
E00_133_00985,Cc1ccc2oc(-c3cc4cc(C)ccc4oc3=O)cc2c1,BHOJLZYJJDYUEV-UHFFFAOYSA-N,,DOI: 10.1021/acs.orglett.7b00069,toluene,1,3.0622299888354934,3.0622299888354934,0.0,3.0622299888354934,3.0622299888354934,0.0,3.0622299888354934,general_only,CC1CC2CCCCC2CC1C1CC2CCCCC2C1,O=c1oc2ccccc2cc1-c1cc2ccccc2o1,outside_MR_TADF,outside_CzBN_domain,outside_CzBN_domain
E00_133_00986,Cc1cccc(C)c1N(c1cc2c3c(c1)-n1c4ccc(C(C)(C)C)cc4c4cc(C(C)(C)C)cc(c41)B3c1cc(C(C)(C)C)cc3c4cc(C(C)(C)C)ccc4n-2c13)c1cccc2c1oc1ccccc12,IZXMJISBCUYVFR-UHFFFAOYSA-N,DtCzB-SFN,Chemical Engineering Journal 504 (2025) 158909,toluene,1,2.6679005205320996,2.6679005205320996,0.0,2.6679005205320996,2.6679005205320996,0.0,2.6679005205320996,MR_TADF_only,C1CCC(C(C2CC3C4C5CCCCC5C5CCCC(C54)C4C5CCCC6C7CCCCC7C(C(C2)C34)C65)C2CCCC3C4CCCCC4CC32)CC1,c1ccc(N(c2cc3c4c(c2)-n2c5ccccc5c5cccc(c52)B4c2cccc4c5ccccc5n-3c24)c2cccc3c2oc2ccccc23)cc1,exact_CzBN_core_derivative,oxygen_heterocycle,CZBN_CLUSTER_18
E00_133_00987,Cc1cccc(C)c1N(c1cc2c3c(c1)N(c1c(C)cccc1C)c1c(ccc4c1sc1ccccc14)B3c1ccc3c(sc4ccccc43)c1N2c1c(C)cccc1C)c1cccc2c1oc1ccccc12,QRDVWJPFNHWDKP-UHFFFAOYSA-N,Me-PABO,"J. Mater. Chem. C, 2023, 11, 6429–6437",toluene,1,2.784178535788805,2.784178535788805,0.0,2.784178535788805,2.784178535788805,0.0,2.784178535788805,MR_TADF_only,C1CCC(C(C2CC3C(C4CCCCC4)C4C5CC6CCCCC6C5CCC4C4C5CCC6C7CCCCC7CC6C5C(C5CCCCC5)C(C2)C34)C2CCCC3C4CCCCC4CC32)CC1,c1ccc(N(c2cc3c4c(c2)N(c2ccccc2)c2c(ccc5c2sc2ccccc25)B4c2ccc4c(sc5ccccc54)c2N3c2ccccc2)c2cccc3c2oc2ccccc23)cc1,other_MR_TADF_core,outside_CzBN_domain,outside_CzBN_domain
E00_133_00988,Cc1cccc(C)c1N(c1cc2c3c(c1)N(c1c(C)cccc1C)c1c(ccc4c1sc1ccccc14)B3c1ccc3c(sc4ccccc43)c1N2c1c(C)cccc1C)c1cccc2c1sc1ccccc12,IZXZBIAHMPIUSO-UHFFFAOYSA-N,Me-PABS,"J. Mater. Chem. C, 2023, 11, 6429–6437",toluene,1,2.716870650347972,2.716870650347972,0.0,2.716870650347972,2.716870650347972,0.0,2.716870650347972,MR_TADF_only,C1CCC(C(C2CC3C(C4CCCCC4)C4C5CC6CCCCC6C5CCC4C4C5CCC6C7CCCCC7CC6C5C(C5CCCCC5)C(C2)C34)C2CCCC3C4CCCCC4CC32)CC1,c1ccc(N(c2cc3c4c(c2)N(c2ccccc2)c2c(ccc5c2sc2ccccc25)B4c2ccc4c(sc5ccccc54)c2N3c2ccccc2)c2cccc3c2sc2ccccc23)cc1,other_MR_TADF_core,outside_CzBN_domain,outside_CzBN_domain
E00_133_00989,Cc1cccc(C)c1N(c1ccc(-c2ccccc2)cc1)c1cc2c3c(c1)-n1c4ccc(-c5c(-n6c7ccccc7c7ccccc76)cccc5-n5c6ccccc6c6ccccc65)cc4c4cccc(c41)B3c1cc(-c3ccccc3)ccc1N2c1c(C)cccc1C,DVBHMTVTRNVILU-UHFFFAOYSA-N,BN-MP-CmCP,Aggregate. 2024;5:e585,toluene,1,2.7172619047619047,2.7172619047619047,0.0,2.7172619047619047,2.7172619047619047,0.0,2.7172619047619047,MR_TADF_only,C1CCC(C2CCC(C(C3CCCCC3)C3CC4C(C5CCCCC5)C5CCC(C6CCCCC6)CC5C5C6CCCC7C8CC(C9C(C%10C%11CCCCC%11C%11CCCCC%11%10)CCCC9C9C%10CCCCC%10C%10CCCCC%109)CCC8C(C(C3)C45)C76)CC2)CC1,c1ccc(-c2ccc(N(c3ccccc3)c3cc4c5c(c3)-n3c6ccc(-c7c(-n8c9ccccc9c9ccccc98)cccc7-n7c8ccccc8c8ccccc87)cc6c6cccc(c63)B5c3cc(-c5ccccc5)ccc3N4c3ccccc3)cc2)cc1,related_extended_CzBN_core,nitrogen_heteroaryl,CZBN_CLUSTER_10
E00_133_00990,Cc1cccc(C)c1N(c1ccc(-c2ccccc2)cc1)c1cc2c3c(c1)-n1c4ccccc4c4cccc(c41)B3c1cc(-c3ccccc3)ccc1N2c1c(C)cccc1C,FZNBEDYJDHQSDM-UHFFFAOYSA-N,BN-MP-Cz,Aggregate. 2024;5:e585,toluene,1,2.729227401718177,2.729227401718177,0.0,2.729227401718177,2.729227401718177,0.0,2.729227401718177,MR_TADF_only,C1CCC(C2CCC(C(C3CCCCC3)C3CC4C(C5CCCCC5)C5CCC(C6CCCCC6)CC5C5C6CCCC7C8CCCCC8C(C(C3)C45)C76)CC2)CC1,c1ccc(-c2ccc(N(c3ccccc3)c3cc4c5c(c3)-n3c6ccccc6c6cccc(c63)B5c3cc(-c5ccccc5)ccc3N4c3ccccc3)cc2)cc1,related_extended_CzBN_core,nitrogen_heteroaryl,CZBN_CLUSTER_10
E00_133_00991,Cc1cccc(C)c1N(c1ccc(-c2ccccc2)cc1)c1cc2c3c(c1)N(c1c(C)cccc1C)c1ccc(-c4ccccc4)cc1B3c1cc(-c3ccccc3)ccc1N2c1c(C)cccc1C,DYXWBUAHPVYFSA-UHFFFAOYSA-N,pBP-DABNA-Me,"Adv. Mater. 2022, 34, 2207416",toluene,1,2.7501081867894097,2.7501081867894097,0.0,2.7501081867894097,2.7501081867894097,0.0,2.7501081867894097,MR_TADF_only,C1CCC(C2CCC(C(C3CCCCC3)C3CC4C(C5CCCCC5)C5CCC(C6CCCCC6)CC5C5C6CC(C7CCCCC7)CCC6C(C6CCCCC6)C(C3)C45)CC2)CC1,c1ccc(-c2ccc(N(c3ccccc3)c3cc4c5c(c3)N(c3ccccc3)c3ccc(-c6ccccc6)cc3B5c3cc(-c5ccccc5)ccc3N4c3ccccc3)cc2)cc1,other_MR_TADF_core,outside_CzBN_domain,outside_CzBN_domain
E00_133_00992,Cc1cccc(C)c1N(c1ccc(-n2c3ccccc3c3ccccc32)cc1)c1cc2c3c(c1)N(c1c(C)cccc1C)c1ccc(-n4c5ccccc5c5ccccc54)cc1B3c1cc(-n3c4ccccc4c4ccccc43)ccc1N2c1c(C)cccc1C,KLQCNUSIJHFWRU-UHFFFAOYSA-N,Me-PABCz,Dyes and Pigments 222 (2024) 111858,toluene,1,2.7084694515053673,2.7084694515053673,0.0,2.7084694515053673,2.7084694515053673,0.0,2.7084694515053673,MR_TADF_only,C1CCC(C(C2CCC(C3C4CCCCC4C4CCCCC43)CC2)C2CC3C(C4CCCCC4)C4CCC(C5C6CCCCC6C6CCCCC65)CC4C4C5CC(C6C7CCCCC7C7CCCCC76)CCC5C(C5CCCCC5)C(C2)C34)CC1,c1ccc(N(c2ccc(-n3c4ccccc4c4ccccc43)cc2)c2cc3c4c(c2)N(c2ccccc2)c2ccc(-n5c6ccccc6c6ccccc65)cc2B4c2cc(-n4c5ccccc5c5ccccc54)ccc2N3c2ccccc2)cc1,related_extended_CzBN_core,nitrogen_heteroaryl,CZBN_CLUSTER_10
E00_133_00993,Cc1cccc(C)c1N(c1ccc(N(c2ccccc2)c2ccccc2)cc1)c1cc2c3c(c1)N(c1c(C)cccc1C)c1ccc(N(c4ccccc4)c4ccccc4)cc1B3c1cc(N(c3ccccc3)c3ccccc3)ccc1N2c1c(C)cccc1C,IBWMMBICGDIEHB-UHFFFAOYSA-N,Me-PABDPA,Dyes and Pigments 222 (2024) 111858,toluene,1,2.5829973555295442,2.5829973555295442,0.0,2.5829973555295442,2.5829973555295442,0.0,2.5829973555295442,MR_TADF_only,C1CCC(C(C2CCCCC2)C2CCC(C(C3CCCCC3)C3CC4C(C5CCCCC5)C5CCC(C(C6CCCCC6)C6CCCCC6)CC5C5C6CC(C(C7CCCCC7)C7CCCCC7)CCC6C(C6CCCCC6)C(C3)C45)CC2)CC1,c1ccc(N(c2ccccc2)c2ccc(N(c3ccccc3)c3cc4c5c(c3)N(c3ccccc3)c3ccc(N(c6ccccc6)c6ccccc6)cc3B5c3cc(N(c5ccccc5)c5ccccc5)ccc3N4c3ccccc3)cc2)cc1,other_MR_TADF_core,outside_CzBN_domain,outside_CzBN_domain
E00_133_00994,Cc1cccc(C2=CC3=C(c4c(C)cc(C)cc4C)c4cc(-c5cccc(C)c5)c(-c5cccc(C)c5)n4[B-](F)(F)[N+]3=C2c2cccc(C)c2)c1,GWTXFNYQALMAJD-UHFFFAOYSA-N,,DOI: 10.1021/acs.joc.9b01425,toluene,1,2.073075507267393,2.073075507267393,0.0,2.073075507267393,2.073075507267393,0.0,2.073075507267393,general_only,C1CCC(C2CC3C(CC4C(CC(C5CCCCC5)C4C4CCCCC4)C3C3CCCCC3)C2C2CCCCC2)CC1,[BH2-]1n2c(cc(-c3ccccc3)c2-c2ccccc2)C(c2ccccc2)=C2C=C(c3ccccc3)C(c3ccccc3)=[N+]12,outside_MR_TADF,outside_CzBN_domain,outside_CzBN_domain
E00_133_00995,Cc1cccc2[n+]1[B-](F)(F)n1c(c3cccc4cccc1c43)=N2,CPBDCICKVWYYBD-UHFFFAOYSA-N,,DOI: 10.1021/ol503379c,toluene,1,2.5502430775734517,2.5502430775734517,0.0,2.5502430775734517,2.5502430775734517,0.0,2.5502430775734517,general_only,C1CCC2CC3C(CC2C1)C1CCCC2CCCC3C21,[BH2-]1n2c(c3cccc4cccc2c43)=Nc2cccc[n+]21,outside_MR_TADF,outside_CzBN_domain,outside_CzBN_domain
E00_133_00996,Cc1cccc2c3ccccc3n(-c3ccc(-c4c(-c5ccccc5)c(C#N)c(C#N)c(-c5ccccc5)c4-c4ccc(-n5c6ccccc6c6cccc(C)c65)cc4)cc3)c12,RDOSWCZQZDJYSV-UHFFFAOYSA-N,,https://doi.org/10.1002/adfm.201505106,toluene,1,3.2379994636631806,3.2379994636631806,0.0,3.2379994636631806,3.2379994636631806,0.0,3.2379994636631806,general_only,C1CCC(C2CCC(C3CCCCC3)C(C3CCC(C4C5CCCCC5C5CCCCC54)CC3)C2C2CCC(C3C4CCCCC4C4CCCCC43)CC2)CC1,c1ccc(-c2ccc(-c3ccccc3)c(-c3ccc(-n4c5ccccc5c5ccccc54)cc3)c2-c2ccc(-n3c4ccccc4c4ccccc43)cc2)cc1,outside_MR_TADF,outside_CzBN_domain,outside_CzBN_domain
E00_133_00997,Cc1cccc2cc(-c3cc4cccc(C)c4oc3=O)oc12,UAAHJXXFIHIMSE-UHFFFAOYSA-N,,DOI: 10.1021/acs.orglett.7b00069,toluene,1,3.0709545188366194,3.0709545188366194,0.0,3.0709545188366194,3.0709545188366194,0.0,3.0709545188366194,general_only,CC1CC2CCCCC2CC1C1CC2CCCCC2C1,O=c1oc2ccccc2cc1-c1cc2ccccc2o1,outside_MR_TADF,outside_CzBN_domain,outside_CzBN_domain
E00_133_00998,Cc1ccccc1/C(C#N)=C/c1ccc(N(C)C)cc1,FTIXQFSFICAXAF-FOWTUZBSSA-N,,https://doi.org/10.1016/j.molstruc.2015.05.048,toluene,1,3.0301959675899757,3.0301959675899757,0.0,3.0301959675899757,3.0301959675899757,0.0,3.0301959675899757,general_only,C1CCC(CCC2CCCCC2)CC1,C(=C/c1ccccc1)\c1ccccc1,outside_MR_TADF,outside_CzBN_domain,outside_CzBN_domain
E00_133_00999,Cc1ccccc1N(c1ccc(C(C)(C)C)cc1)c1ccc2ccc3c(N(c4ccc(C(C)(C)C)cc4)c4ccccc4C)ccc4ccc1c2c43,HKIPUUMAGWVPDZ-UHFFFAOYSA-N,,DOI: 10.1021/acsami.8b09013,toluene,1,2.777176527176527,2.777176527176527,0.0,2.777176527176527,2.777176527176527,0.0,2.777176527176527,general_only,C1CCC(C(C2CCCCC2)C2CCC3CCC4C(C(C5CCCCC5)C5CCCCC5)CCC5CCC2C3C54)CC1,c1ccc(N(c2ccccc2)c2ccc3ccc4c(N(c5ccccc5)c5ccccc5)ccc5ccc2c3c54)cc1,outside_MR_TADF,outside_CzBN_domain,outside_CzBN_domain
E00_133_01000,Cc1ccccc1N(c1ccccc1C)c1ccc2ccc3c(N(c4ccccc4C)c4ccccc4C)ccc4ccc1c2c43,GIZOIVQIZXGHPB-UHFFFAOYSA-N,,DOI: 10.1021/acsami.8b09013,toluene,1,2.830504945340968,2.830504945340968,0.0,2.830504945340968,2.830504945340968,0.0,2.830504945340968,general_only,C1CCC(C(C2CCCCC2)C2CCC3CCC4C(C(C5CCCCC5)C5CCCCC5)CCC5CCC2C3C54)CC1,c1ccc(N(c2ccccc2)c2ccc3ccc4c(N(c5ccccc5)c5ccccc5)ccc5ccc2c3c54)cc1,outside_MR_TADF,outside_CzBN_domain,outside_CzBN_domain
E00_133_01001,Cc1ccccc1[B-]1(c2ccccc2C)n2nc(C(F)(F)F)cc2-c2c3ccccc3cc[n+]21,ASRXZHLFMNTWPN-UHFFFAOYSA-N,,DOI: 10.1021/acs.jpcc.8b11100,toluene,1,3.1291634884312227,3.1291634884312227,0.0,3.1291634884312227,3.1291634884312227,0.0,3.1291634884312227,general_only,C1CCC(C2(C3CCCCC3)C3CCCC3C3C4CCCCC4CCC32)CC1,c1ccc([B-]2(c3ccccc3)n3nccc3-c3c4ccccc4cc[n+]32)cc1,outside_MR_TADF,outside_CzBN_domain,outside_CzBN_domain
E00_133_01002,Cc1csc2[n+]1[B-](F)(F)OC(c1ccc(N(C)C)cc1)=N2,PKPSGNIHRCOYGE-UHFFFAOYSA-N,,DOI: 10.1021/acs.joc.7b02239,toluene,1,2.94210582540102,2.94210582540102,0.0,2.94210582540102,2.94210582540102,0.0,2.94210582540102,general_only,C1CCC(C2CCC3CCCC3C2)CC1,[BH2-]1OC(c2ccccc2)=Nc2scc[n+]21,outside_MR_TADF,outside_CzBN_domain,outside_CzBN_domain
E00_133_01003,Cc1csc2[n+]1[B-](F)(F)n1c(c3cccc4cccc1c43)=N2,QIJVVXGDYAAYAO-UHFFFAOYSA-N,,DOI: 10.1021/ol503379c,toluene,1,2.529423017741144,2.529423017741144,0.0,2.529423017741144,2.529423017741144,0.0,2.529423017741144,general_only,C1CC2CC3C(CC2C1)C1CCCC2CCCC3C21,[BH2-]1n2c(c3cccc4cccc2c43)=Nc2scc[n+]21,outside_MR_TADF,outside_CzBN_domain,outside_CzBN_domain
E00_133_01004,Cc1n[nH]c2c1C(c1ccc([N+](=O)[O-])cc1)C(C#N)=C(N)O2,WNWHVQRUCQSWIO-UHFFFAOYSA-N,,http://dx.doi.org/10.1016/j.molliq.2016.07.133,toluene,1,3.9958895772849266,3.9958895772849266,0.0,3.9958895772849266,3.9958895772849266,0.0,3.9958895772849266,general_only,C1CCC(C2CCCC3CCCC32)CC1,C1=CC(c2ccccc2)c2cn[nH]c2O1,outside_MR_TADF,outside_CzBN_domain,outside_CzBN_domain
E00_133_01005,Cc1nc(-c2ccc(-n3c4ccccc4c4ccccc43)cc2)cc(-c2ccc(-n3c4ccccc4c4ccccc43)cc2)n1,VAYPSZCZHQNAPU-UHFFFAOYSA-N,,https://doi.org/10.1016/j.dyepig.2015.03.008,toluene,1,3.288767430453367,3.288767430453367,0.0,3.288767430453367,3.288767430453367,0.0,3.288767430453367,general_only,C1CC(C2CCC(C3C4CCCCC4C4CCCCC43)CC2)CC(C2CCC(C3C4CCCCC4C4CCCCC43)CC2)C1,c1ccc2c(c1)c1ccccc1n2-c1ccc(-c2cc(-c3ccc(-n4c5ccccc5c5ccccc54)cc3)ncn2)cc1,outside_MR_TADF,outside_CzBN_domain,outside_CzBN_domain
E00_133_01006,Cc1nc(-c2ccc(N3c4ccccc4C(c4ccccc4)(c4ccccc4)c4ccccc43)cc2)cc(-c2ccc(N3c4ccccc4C(c4ccccc4)(c4ccccc4)c4ccccc43)cc2)n1,RSUUGFVARVOIRZ-UHFFFAOYSA-N,,10.1039/C6TC02027E,toluene,1,3.04432909730923,3.04432909730923,0.0,3.04432909730923,3.04432909730923,0.0,3.04432909730923,general_only,C1CCC(C2(C3CCCCC3)C3CCCCC3C(C3CCC(C4CCCC(C5CCC(C6C7CCCCC7C(C7CCCCC7)(C7CCCCC7)C7CCCCC67)CC5)C4)CC3)C3CCCCC32)CC1,c1ccc(C2(c3ccccc3)c3ccccc3N(c3ccc(-c4cc(-c5ccc(N6c7ccccc7C(c7ccccc7)(c7ccccc7)c7ccccc76)cc5)ncn4)cc3)c3ccccc32)cc1,outside_MR_TADF,outside_CzBN_domain,outside_CzBN_domain
E00_133_01007,Cc1nn(-c2ccccc2)c2c1c(=O)oc1ccc(-n3c4ccccc4c4cc(-n5c6ccccc6c6ccccc65)ccc43)cc12,KIAFHNBJARWYAR-UHFFFAOYSA-N,,DOI: 10.1021/acs.chemmater.8b01207,toluene,1,3.2785865372651486,3.2785865372651486,0.0,3.2785865372651486,3.2785865372651486,0.0,3.2785865372651486,general_only,CC1CC2CCC(C3C4CCCCC4C4CC(C5C6CCCCC6C6CCCCC65)CCC43)CC2C2C1CCC2C1CCCCC1,O=c1oc2ccc(-n3c4ccccc4c4cc(-n5c6ccccc6c6ccccc65)ccc43)cc2c2c1cnn2-c1ccccc1,outside_MR_TADF,outside_CzBN_domain,outside_CzBN_domain
E00_133_01008,Cc1nn(-c2ccccc2)c2c1c(=O)oc1ccc(-n3c4ccccc4c4ccccc43)cc12,OISCTMYDAQBCSX-UHFFFAOYSA-N,,DOI: 10.1021/acs.chemmater.8b01207,toluene,1,3.323036187113857,3.323036187113857,0.0,3.323036187113857,3.323036187113857,0.0,3.323036187113857,general_only,CC1CC2CCC(C3C4CCCCC4C4CCCCC43)CC2C2C1CCC2C1CCCCC1,O=c1oc2ccc(-n3c4ccccc4c4ccccc43)cc2c2c1cnn2-c1ccccc1,outside_MR_TADF,outside_CzBN_domain,outside_CzBN_domain
E00_133_01009,Cc1nnc(-c2cc(-c3nnc(C)o3)c(-n3c4ccccc4c4ccccc43)cc2-n2c3ccccc3c3ccccc32)o1,LVXQDPCCRGVNDW-UHFFFAOYSA-N,,10.1021/acs.jpcc.9b08479,toluene,1,3.123415895003639,3.123415895003639,0.0,3.123415895003639,3.123415895003639,0.0,3.123415895003639,general_only,C1CCC(C2CC(C3CCCC3)C(C3C4CCCCC4C4CCCCC43)CC2C2C3CCCCC3C3CCCCC32)C1,c1ccc2c(c1)c1ccccc1n2-c1cc(-n2c3ccccc3c3ccccc32)c(-c2nnco2)cc1-c1nnco1,outside_MR_TADF,outside_CzBN_domain,outside_CzBN_domain
E00_133_01010,Cc1nnc(-c2ccc(-n3c4ccccc4c4ccccc43)cc2)o1,UGEVTYASTIIDAO-UHFFFAOYSA-N,,DOI: 10.1021/jo201488v,toluene,1,3.4901960784313726,3.4901960784313726,0.0,3.4901960784313726,3.4901960784313726,0.0,3.4901960784313726,general_only,C1CCC(C2CCC(C3C4CCCCC4C4CCCCC43)CC2)C1,c1ccc2c(c1)c1ccccc1n2-c1ccc(-c2nnco2)cc1,outside_MR_TADF,outside_CzBN_domain,outside_CzBN_domain
E00_133_01011,Clc1ccc(Nc2ccc3ccccc3n2)cc1,ZHXBNPPHMUJAKW-UHFFFAOYSA-N,,https://doi.org/10.1016/j.jlumin.2018.12.059,toluene,1,3.334112987747918,3.334112987747918,0.0,3.334112987747918,3.334112987747918,0.0,3.334112987747918,general_only,C1CCC(CC2CCC3CCCCC3C2)CC1,c1ccc(Nc2ccc3ccccc3n2)cc1,outside_MR_TADF,outside_CzBN_domain,outside_CzBN_domain
E00_133_01012,Cn1c(=O)c(/N=N/c2cc(S(=O)(=O)O)ccc2C(=O)O)c(O)c2ccccc21,ZKOHEXUYGOLTEX-VHEBQXMUSA-N,,https://doi.org/10.1016/j.dyepig.2019.04.028,toluene,1,2.6907587416992937,2.6907587416992937,0.0,2.6907587416992937,2.6907587416992937,0.0,2.6907587416992937,general_only,CC1CC2CCCCC2CC1CCC1CCCCC1,O=c1[nH]c2ccccc2cc1/N=N/c1ccccc1,outside_MR_TADF,outside_CzBN_domain,outside_CzBN_domain
E00_133_01013,Cn1c(=O)c(/N=N/c2cc(S(=O)(=O)O)ccc2S(=O)(=O)O)c(O)c2ccccc21,RFFPABHDAWSCNC-ISLYRVAYSA-N,,https://doi.org/10.1016/j.dyepig.2019.04.028,toluene,1,2.7071665875652586,2.7071665875652586,0.0,2.7071665875652586,2.7071665875652586,0.0,2.7071665875652586,general_only,CC1CC2CCCCC2CC1CCC1CCCCC1,O=c1[nH]c2ccccc2cc1/N=N/c1ccccc1,outside_MR_TADF,outside_CzBN_domain,outside_CzBN_domain
E00_133_01014,Cn1c(=O)c(/N=N/c2ccc(/N=N/c3ccc(S(=O)(=O)O)cc3)cc2)c(O)c2ccccc21,KWRSAOIYPWHZAH-QSZPNPOGSA-N,,https://doi.org/10.1016/j.dyepig.2019.04.028,toluene,1,2.5061281472703367,2.5061281472703367,0.0,2.5061281472703367,2.5061281472703367,0.0,2.5061281472703367,general_only,CC1CC2CCCCC2CC1CCC1CCC(CCC2CCCCC2)CC1,O=c1[nH]c2ccccc2cc1/N=N/c1ccc(/N=N/c2ccccc2)cc1,outside_MR_TADF,outside_CzBN_domain,outside_CzBN_domain
E00_133_01015,Cn1c(=O)c(/N=N/c2ccc(Nc3ccc([N+](=O)[O-])cc3S(=O)(=O)O)cc2)c(O)c2ccccc21,GKAOVGSIWNPPCF-OCOZRVBESA-N,,https://doi.org/10.1016/j.dyepig.2019.04.028,toluene,1,2.3005135530388054,2.3005135530388054,0.0,2.3005135530388054,2.3005135530388054,0.0,2.3005135530388054,general_only,CC1CC2CCCCC2CC1CCC1CCC(CC2CCCCC2)CC1,O=c1[nH]c2ccccc2cc1/N=N/c1ccc(Nc2ccccc2)cc1,outside_MR_TADF,outside_CzBN_domain,outside_CzBN_domain
E00_133_01016,Cn1c(=O)c(/N=N/c2ccc(Nc3ccccc3)c(S(=O)(=O)O)c2)c(O)c2ccccc21,CKVFOAPJIJNZBU-OCOZRVBESA-N,,https://doi.org/10.1016/j.dyepig.2019.04.028,toluene,1,2.7375845410628017,2.7375845410628017,0.0,2.7375845410628017,2.7375845410628017,0.0,2.7375845410628017,general_only,CC1CC2CCCCC2CC1CCC1CCC(CC2CCCCC2)CC1,O=c1[nH]c2ccccc2cc1/N=N/c1ccc(Nc2ccccc2)cc1,outside_MR_TADF,outside_CzBN_domain,outside_CzBN_domain
E00_133_01017,Cn1c(=O)c(/N=N/c2ccc(S(=O)(=O)O)c3ccccc23)c(O)c2ccccc21,XSFOGUKSPNGOLR-QURGRASLSA-N,,https://doi.org/10.1016/j.dyepig.2019.04.028,toluene,1,2.470109768617231,2.470109768617231,0.0,2.470109768617231,2.470109768617231,0.0,2.470109768617231,general_only,CC1CC2CCCCC2CC1CCC1CCCC2CCCCC21,O=c1[nH]c2ccccc2cc1/N=N/c1cccc2ccccc12,outside_MR_TADF,outside_CzBN_domain,outside_CzBN_domain
E00_133_01018,Cn1c2ccccc2c2cc3c4c(c21)-n1c2ccc(N(c5ccccc5)c5ccccc5)cc2c2cc(N(c5ccccc5)c5ccccc5)cc(c21)B4c1cc(N(c2ccccc2)c2ccccc2)cc2c4cc(N(c5ccccc5)c5ccccc5)ccc4n-3c12,HENMWODOZRKMSU-UHFFFAOYSA-N,BNTPA,"J. Am. Chem. Soc. 2024, 146, 32826−32836",toluene,1,2.0934436824019427,2.0934436824019427,0.0,2.0934436824019427,2.0934436824019427,0.0,2.0934436824019427,MR_TADF_only,C1CCC(C(C2CCCCC2)C2CCC3C(C2)C2CC(C(C4CCCCC4)C4CCCCC4)CC4C2C3C2CC3C5CCCCC5CC3C3C5C6CCC(C(C7CCCCC7)C7CCCCC7)CC6C6CC(C(C7CCCCC7)C7CCCCC7)CC(C65)C4C23)CC1,c1ccc(N(c2ccccc2)c2ccc3c(c2)c2cc(N(c4ccccc4)c4ccccc4)cc4c2n3-c2cc3c([nH]c5ccccc53)c3c2B4c2cc(N(c4ccccc4)c4ccccc4)cc4c5cc(N(c6ccccc6)c6ccccc6)ccc5n-3c24)cc1,exact_CzBN_core_derivative,nitrogen_heteroaryl,CZBN_CLUSTER_36
E00_133_01019,Cn1nc(-c2ccccc2)c2n[nH]nc2/c1=N\c1ccccn1,QIDMWUGXUJPFQF-FBMGVBCBSA-N,,https://doi.org/10.1016/S1010-6030(02)00301-5,toluene,1,2.960793252792341,2.960793252792341,0.0,2.960793252792341,2.960793252792341,0.0,2.960793252792341,general_only,C1CCC(CC2CCC(C3CCCCC3)C3CCCC32)CC1,c1ccc(-c2n[nH]/c(=N/c3ccccn3)c3n[nH]nc23)cc1,outside_MR_TADF,outside_CzBN_domain,outside_CzBN_domain
E00_133_01020,Cn1nc(-c2ccccc2)c2n[nH]nc2c1=O,USRPYBDSTDJDAQ-UHFFFAOYSA-N,,https://doi.org/10.1016/S1010-6030(02)00301-5,toluene,1,3.6715167396476227,3.6715167396476227,0.0,3.6715167396476227,3.6715167396476227,0.0,3.6715167396476227,general_only,CC1CCC(C2CCCCC2)C2CCCC12,O=c1[nH]nc(-c2ccccc2)c2n[nH]nc12,outside_MR_TADF,outside_CzBN_domain,outside_CzBN_domain
E00_133_01021,FC(F)(F)c1cc2n(n1)[B-](c1ccccc1)(c1ccccc1)[n+]1ccc3ccccc3c1-2,VFCIFSBSDCSIAH-UHFFFAOYSA-N,,DOI: 10.1021/acs.jpcc.8b11100,toluene,1,3.156757456168726,3.156757456168726,0.0,3.156757456168726,3.156757456168726,0.0,3.156757456168726,general_only,C1CCC(C2(C3CCCCC3)C3CCCC3C3C4CCCCC4CCC32)CC1,c1ccc([B-]2(c3ccccc3)n3nccc3-c3c4ccccc4cc[n+]32)cc1,outside_MR_TADF,outside_CzBN_domain,outside_CzBN_domain
E00_133_01022,FC(F)(F)c1cc2n(n1)[B-]1(c3ccccc3-c3ccccc31)[n+]1ccc3ccccc3c1-2,HAVYEUOTQSYJGC-UHFFFAOYSA-N,,DOI: 10.1021/acs.jpcc.8b11100,toluene,1,2.8057496902106567,2.8057496902106567,0.0,2.8057496902106567,2.8057496902106567,0.0,2.8057496902106567,general_only,C1CCC2C(C1)CCC1C2C2CCCC2C12C1CCCCC1C1CCCCC12,c1ccc2c(c1)-c1ccccc1[B-]21n2nccc2-c2c3ccccc3cc[n+]21,outside_MR_TADF,outside_CzBN_domain,outside_CzBN_domain
E00_133_01023,FC(F)(F)c1cc2n(n1)[B-]1(c3ccccc3Oc3ccccc31)[n+]1ccc3ccccc3c1-2,YJKKOLYFRQLUBY-UHFFFAOYSA-N,,DOI: 10.1021/acs.jpcc.8b11100,toluene,1,2.8394379458209245,2.8394379458209245,0.0,2.8394379458209245,2.8394379458209245,0.0,2.8394379458209245,general_only,C1CCC2C(C1)CCC1C2C2CCCC2C12C1CCCCC1CC1CCCCC12,c1ccc2c(c1)Oc1ccccc1[B-]21n2nccc2-c2c3ccccc3cc[n+]21,outside_MR_TADF,outside_CzBN_domain,outside_CzBN_domain
E00_133_01024,FC(F)(F)c1ccc(-c2c3cccc4c5cccc6c(-c7ccc(C(F)(F)F)cc7)c7cccc8c9cccc2c9c(c34)c(c65)c78)cc1,BKJGQTKYALFKLE-UHFFFAOYSA-N,,DOI: 10.1021/jo902413h,toluene,1,1.7947412848725537,1.7947412848725537,0.0,1.7947412848725537,1.7947412848725537,0.0,1.7947412848725537,general_only,C1CCC(C2C3CCCC4C5CCCC6C(C7CCCCC7)C7CCCC8C9CCCC2C9C(C43)C(C56)C87)CC1,c1ccc(-c2c3cccc4c5cccc6c(-c7ccccc7)c7cccc8c9cccc2c9c(c34)c(c65)c78)cc1,outside_MR_TADF,outside_CzBN_domain,outside_CzBN_domain
E00_133_01025,FC(F)(F)c1ccc(-c2nnc(-c3cc(-c4nnc(-c5ccc(C(F)(F)F)cc5)o4)c(-n4c5ccccc5c5ccccc54)cc3-n3c4ccccc4c4ccccc43)o2)cc1,IHDLBDFDZCGPKR-UHFFFAOYSA-N,,10.1021/acs.jpcc.9b08478,toluene,1,3.0085852930197836,3.0085852930197836,0.0,3.0085852930197836,3.0085852930197836,0.0,3.0085852930197836,general_only,C1CCC(C2CCC(C3CC(C4CCC(C5CCCCC5)C4)C(C4C5CCCCC5C5CCCCC54)CC3C3C4CCCCC4C4CCCCC43)C2)CC1,c1ccc(-c2nnc(-c3cc(-c4nnc(-c5ccccc5)o4)c(-n4c5ccccc5c5ccccc54)cc3-n3c4ccccc4c4ccccc43)o2)cc1,outside_MR_TADF,outside_CzBN_domain,outside_CzBN_domain
E00_133_01026,F[B-]1(F)N2C(=Nc3cccc4cccc2c34)c2cccc[n+]21,POHADHQRKGKZGX-UHFFFAOYSA-N,,https://doi.org/10.1007/s10895-019-02361-9,toluene,1,3.365995762711864,3.365995762711864,0.0,3.365995762711864,3.365995762711864,0.0,3.365995762711864,general_only,C1CCC2C(C1)CC1C2CC2CCCC3CCCC1C32,[BH2-]1N2C(=Nc3cccc4cccc2c34)c2cccc[n+]21,outside_MR_TADF,outside_CzBN_domain,outside_CzBN_domain
E00_133_01027,F[B-]1(F)OC(c2ccc(C(F)(F)F)cc2)=Cc2cc(Cl)nc[n+]21,RSNPHZLSJULEPX-UHFFFAOYSA-N,,DOI: 10.1021/jo400879g,toluene,1,3.0863254392666155,3.0863254392666155,0.0,3.0863254392666155,3.0863254392666155,0.0,3.0863254392666155,general_only,C1CCC(C2CCC3CCCCC3C2)CC1,[BH2-]1OC(c2ccccc2)=Cc2ccnc[n+]21,outside_MR_TADF,outside_CzBN_domain,outside_CzBN_domain
E00_133_01028,F[B-]1(F)OC(c2ccccc2)=Cc2cc(Cl)nc[n+]21,JKTGLCUTNJOCNG-UHFFFAOYSA-N,,DOI: 10.1021/jo400879g,toluene,1,3.0797475194026918,3.0797475194026918,0.0,3.0797475194026918,3.0797475194026918,0.0,3.0797475194026918,general_only,C1CCC(C2CCC3CCCCC3C2)CC1,[BH2-]1OC(c2ccccc2)=Cc2ccnc[n+]21,outside_MR_TADF,outside_CzBN_domain,outside_CzBN_domain
E00_133_01029,F[B-]1(F)OC(c2ccccc2)=Nc2sc(-c3ccccc3)n[n+]21,QTNWVLJWSXBTJT-UHFFFAOYSA-N,,https://doi.org/10.1016/j.tet.2017.08.023,toluene,1,3.351957733227184,3.351957733227184,0.0,3.351957733227184,3.351957733227184,0.0,3.351957733227184,general_only,C1CCC(C2CCC3CC(C4CCCCC4)CC3C2)CC1,[BH2-]1OC(c2ccccc2)=Nc2sc(-c3ccccc3)n[n+]21,outside_MR_TADF,outside_CzBN_domain,outside_CzBN_domain
E00_133_01030,F[B-]1(F)Oc2c(ccc3c4c(ccc23)C=[N+](c2ccccc2)[B-](F)(F)O4)C=[N+]1c1ccccc1,SNBCRYVDWZFBMW-UHFFFAOYSA-N,,DOI: 10.1021/acs.joc.7b01001,toluene,1,2.399901266334064,2.399901266334064,0.0,2.399901266334064,2.399901266334064,0.0,2.399901266334064,general_only,C1CCC(C2CCC3C(CCC4C5CCC(C6CCCCC6)CC5CCC34)C2)CC1,[BH2-]1Oc2c(ccc3c4c(ccc23)C=[N+](c2ccccc2)[BH2-]O4)C=[N+]1c1ccccc1,outside_MR_TADF,outside_CzBN_domain,outside_CzBN_domain
E00_133_01031,F[B-]1(F)Oc2ccccc2-c2cc(-n3c4ccc(-c5ccccc5)cc4c4cc(-c5ccccc5)ccc43)cc[n+]21,FMMGQHKZXSVGGJ-UHFFFAOYSA-N,,DOI: 10.1021/acsami.9b08107,toluene,1,2.9741022060242743,2.9741022060242743,0.0,2.9741022060242743,2.9741022060242743,0.0,2.9741022060242743,general_only,C1CCC(C2CCC3C(C2)C2CC(C4CCCCC4)CCC2C3C2CCC3CCC4CCCCC4C3C2)CC1,[BH2-]1Oc2ccccc2-c2cc(-n3c4ccc(-c5ccccc5)cc4c4cc(-c5ccccc5)ccc43)cc[n+]21,outside_MR_TADF,outside_CzBN_domain,outside_CzBN_domain
E00_133_01032,F[B-]1(F)Oc2ccccc2-c2cc(-n3c4ccccc4c4ccccc43)cc[n+]21,XLCJKJFWNVQMHM-UHFFFAOYSA-N,,DOI: 10.1021/acsami.9b08107,toluene,1,3.0748353962052892,3.0748353962052892,0.0,3.0748353962052892,3.0748353962052892,0.0,3.0748353962052892,general_only,C1CCC2C(C1)CCC1CCC(C3C4CCCCC4C4CCCCC43)CC12,[BH2-]1Oc2ccccc2-c2cc(-n3c4ccccc4c4ccccc43)cc[n+]21,outside_MR_TADF,outside_CzBN_domain,outside_CzBN_domain
E00_133_01033,F[B-]1(F)Oc2ccccc2-c2cnc3ccccc3[n+]21,XZGCWTVUEYCIOM-UHFFFAOYSA-N,,https://doi.org/10.1016/j.jfluchem.2019.03.005,toluene,1,2.6931528440962405,2.6931528440962405,0.0,2.6931528440962405,2.6931528440962405,0.0,2.6931528440962405,general_only,C1CCC2C(C1)CCC1C3CCCCC3CCC21,[BH2-]1Oc2ccccc2-c2cnc3ccccc3[n+]21,outside_MR_TADF,outside_CzBN_domain,outside_CzBN_domain
E00_133_01034,F[B-]1(F)Oc2ccccc2-c2nc(-c3ccccc3)c3cc(Cl)ccc3[n+]21,CGPNRGAZGAMRGL-UHFFFAOYSA-N,,https://doi.org/10.1016/j.jfluchem.2019.03.005,toluene,1,2.713531692278948,2.713531692278948,0.0,2.713531692278948,2.713531692278948,0.0,2.713531692278948,general_only,C1CCC(C2CC3C4CCCCC4CCC3C3CCCCC23)CC1,[BH2-]1Oc2ccccc2-c2nc(-c3ccccc3)c3ccccc3[n+]21,outside_MR_TADF,outside_CzBN_domain,outside_CzBN_domain
E00_133_01035,F[B-]1(F)Oc2ccccc2-c2nc(-c3ccccc3)c3ccccc3[n+]21,NKEZRJAVAQEWKA-UHFFFAOYSA-N,,https://doi.org/10.1016/j.jfluchem.2019.03.005,toluene,1,2.77824030089033,2.77824030089033,0.0,2.77824030089033,2.77824030089033,0.0,2.77824030089033,general_only,C1CCC(C2CC3C4CCCCC4CCC3C3CCCCC23)CC1,[BH2-]1Oc2ccccc2-c2nc(-c3ccccc3)c3ccccc3[n+]21,outside_MR_TADF,outside_CzBN_domain,outside_CzBN_domain
E00_133_01036,F[B-]1(F)n2c(-c3cccs3)cc(-c3cccs3)c2N=C2C(c3cccs3)=CC(c3cccs3)=[N+]21,ZOEZWTANWHQNLT-UHFFFAOYSA-N,,DOI: 10.1021/jo201413b,toluene,1,1.644912428856693,1.644912428856693,0.0,1.644912428856693,1.644912428856693,0.0,1.644912428856693,general_only,C1CCC(C2CC(C3CCCC3)C3CC4C(C5CCCC5)CC(C5CCCC5)C4CC23)C1,[BH2-]1n2c(-c3cccs3)cc(-c3cccs3)c2N=C2C(c3cccs3)=CC(c3cccs3)=[N+]12,outside_MR_TADF,outside_CzBN_domain,outside_CzBN_domain
E00_133_01037,F[B-]1(F)n2c(Nc3cccc4cccnc34)ccc2C(c2ccccc2)=C2C=CC(Cl)=[N+]21,SLKWGHNYKWZBES-UHFFFAOYSA-N,,http://dx.doi.org/10.1016/j.dyepig.2013.02.013,toluene,1,2.163189818279158,2.163189818279158,0.0,2.163189818279158,2.163189818279158,0.0,2.163189818279158,general_only,C1CCC(C2C3CCCC3CC3C(CC4CCCC5CCCCC54)CCC32)CC1,[BH2-]1n2c(Nc3cccc4cccnc34)ccc2C(c2ccccc2)=C2C=CC=[N+]12,outside_MR_TADF,outside_CzBN_domain,outside_CzBN_domain
E00_133_01038,F[B-]1(F)n2c(c3cccc4cccc2c43)=Nc2ccc3ccccc3[n+]21,OXTMXXSUBIYHRG-UHFFFAOYSA-N,,DOI: 10.1021/ol503379c,toluene,1,2.478613363153481,2.478613363153481,0.0,2.478613363153481,2.478613363153481,0.0,2.478613363153481,general_only,C1CCC2C(C1)CCC1CC3C(CC12)C1CCCC2CCCC3C21,[BH2-]1n2c(c3cccc4cccc2c43)=Nc2ccc3ccccc3[n+]21,outside_MR_TADF,outside_CzBN_domain,outside_CzBN_domain
E00_133_01039,F[B-]1(F)n2c(c3cccc4cccc2c43)=Nc2cccc(Cl)[n+]21,KATXNWNWGIRCDY-UHFFFAOYSA-N,,DOI: 10.1021/ol503379c,toluene,1,2.5215856627387443,2.5215856627387443,0.0,2.5215856627387443,2.5215856627387443,0.0,2.5215856627387443,general_only,C1CCC2CC3C(CC2C1)C1CCCC2CCCC3C21,[BH2-]1n2c(c3cccc4cccc2c43)=Nc2cccc[n+]21,outside_MR_TADF,outside_CzBN_domain,outside_CzBN_domain
E00_133_01040,F[B-]1(F)n2c(c3cccc4cccc2c43)=Nc2cccc[n+]21,OTXKNXHHTZJDCU-UHFFFAOYSA-N,,DOI: 10.1021/ol503379c,toluene,1,2.5058670143415904,2.5058670143415904,0.0,2.5058670143415904,2.5058670143415904,0.0,2.5058670143415904,general_only,C1CCC2CC3C(CC2C1)C1CCCC2CCCC3C21,[BH2-]1n2c(c3cccc4cccc2c43)=Nc2cccc[n+]21,outside_MR_TADF,outside_CzBN_domain,outside_CzBN_domain
E00_133_01041,F[B-]1(F)n2c(c3cccc4cccc2c43)=Nc2sc3ccccc3[n+]21,MUZAUFBJQKTDJZ-UHFFFAOYSA-N,,DOI: 10.1021/ol503379c,toluene,1,2.516465784100639,2.516465784100639,0.0,2.516465784100639,2.516465784100639,0.0,2.516465784100639,general_only,C1CCC2C(C1)CC1CC3C(CC12)C1CCCC2CCCC3C21,[BH2-]1n2c(c3cccc4cccc2c43)=Nc2sc3ccccc3[n+]21,outside_MR_TADF,outside_CzBN_domain,outside_CzBN_domain
E00_133_01042,F[B-]1(F)n2c(cc(-c3ccccc3)c2-c2ccccc2)C(c2ccccc2)=C2C=C(c3ccccc3)C(c3ccccc3)=[N+]21,HMHTWKALQAVWGZ-UHFFFAOYSA-N,,DOI: 10.1021/acs.joc.6b02941,toluene,1,2.0440818632136963,2.0440818632136963,0.0,2.0440818632136963,2.0440818632136963,0.0,2.0440818632136963,general_only,C1CCC(C2CC3C(CC4C(CC(C5CCCCC5)C4C4CCCCC4)C3C3CCCCC3)C2C2CCCCC2)CC1,[BH2-]1n2c(cc(-c3ccccc3)c2-c2ccccc2)C(c2ccccc2)=C2C=C(c3ccccc3)C(c3ccccc3)=[N+]12,outside_MR_TADF,outside_CzBN_domain,outside_CzBN_domain
E00_133_01043,F[B-]1(F)n2c(cc(-c3cccs3)c2-c2ccccc2)C(c2ccccc2)=C2C=C(c3cccs3)C(c3ccccc3)=[N+]21,PQWBROCNKVCGPY-UHFFFAOYSA-N,,DOI: 10.1021/acs.joc.6b02941,toluene,1,1.899025852379168,1.899025852379168,0.0,1.899025852379168,1.899025852379168,0.0,1.899025852379168,general_only,C1CCC(C2C(C3CCCC3)CC3C2CC2C(CC(C4CCCC4)C2C2CCCCC2)C3C2CCCCC2)CC1,[BH2-]1n2c(cc(-c3cccs3)c2-c2ccccc2)C(c2ccccc2)=C2C=C(c3cccs3)C(c3ccccc3)=[N+]12,outside_MR_TADF,outside_CzBN_domain,outside_CzBN_domain
E00_133_01044,F[B-]1(F)n2c(cc(Cl)c2-c2ccccc2)C(c2ccccc2)=C2C=C(Cl)C(c3ccccc3)=[N+]21,AAUFTGXSIWFFBH-UHFFFAOYSA-N,,DOI: 10.1021/acs.joc.6b02941,toluene,1,2.1121084553920375,2.1121084553920375,0.0,2.1121084553920375,2.1121084553920375,0.0,2.1121084553920375,general_only,C1CCC(C2CCC3C2CC2C(C4CCCCC4)CCC2C3C2CCCCC2)CC1,[BH2-]1n2c(ccc2-c2ccccc2)C(c2ccccc2)=C2C=CC(c3ccccc3)=[N+]12,outside_MR_TADF,outside_CzBN_domain,outside_CzBN_domain
E00_133_01045,F[B-]1(F)n2cccc2C(c2c3ccccc3c(-c3ccccc3)c3ccccc23)=C2C=CC=[N+]21,FCKDVTIVZQNUGU-UHFFFAOYSA-N,,10.1039/C7CP08472B,toluene,1,2.390097340498624,2.390097340498624,0.0,2.390097340498624,2.390097340498624,0.0,2.390097340498624,general_only,C1CCC(C2C3CCCCC3C(C3C4CCCC4CC4CCCC43)C3CCCCC32)CC1,[BH2-]1n2cccc2C(c2c3ccccc3c(-c3ccccc3)c3ccccc23)=C2C=CC=[N+]12,outside_MR_TADF,outside_CzBN_domain,outside_CzBN_domain
E00_133_01046,F[B-]1(F)n2cccc2C(c2c3ccccc3cc3ccccc23)=C2C=CC=[N+]21,JIOLGWULXARAMB-UHFFFAOYSA-N,,10.1039/C7CP08472B,toluene,1,2.4014248218972627,2.4014248218972627,0.0,2.4014248218972627,2.4014248218972627,0.0,2.4014248218972627,general_only,C1CCC2C(C1)CC1CCCCC1C2C1C2CCCC2CC2CCCC21,[BH2-]1n2cccc2C(c2c3ccccc3cc3ccccc23)=C2C=CC=[N+]12,outside_MR_TADF,outside_CzBN_domain,outside_CzBN_domain
E00_133_01047,F[B-]1(F)n2cccc2C(c2ccc(-c3c4ccccc4c(-c4ccccc4)c4ccccc34)cc2)=C2C=CC=[N+]21,HOYYCLDEDOLHEL-UHFFFAOYSA-N,,10.1039/C7CP08472B,toluene,1,2.410928879147457,2.410928879147457,0.0,2.410928879147457,2.410928879147457,0.0,2.410928879147457,general_only,C1CCC(C2C3CCCCC3C(C3CCC(C4C5CCCC5CC5CCCC54)CC3)C3CCCCC32)CC1,[BH2-]1n2cccc2C(c2ccc(-c3c4ccccc4c(-c4ccccc4)c4ccccc34)cc2)=C2C=CC=[N+]12,outside_MR_TADF,outside_CzBN_domain,outside_CzBN_domain
E00_133_01048,F[B-]1(F)n2cccc2C(c2ccccc2)=C2C=CC=[N+]21,RGROAAJNQHGYEV-UHFFFAOYSA-N,,DOI: 10.1039/c4cs00030g,toluene,1,2.4226235676154206,2.4226235676154206,0.0,2.4226235676154206,2.4226235676154206,0.0,2.4226235676154206,general_only,C1CCC(C2C3CCCC3CC3CCCC32)CC1,[BH2-]1n2cccc2C(c2ccccc2)=C2C=CC=[N+]12,outside_MR_TADF,outside_CzBN_domain,outside_CzBN_domain
E00_133_01049,F[B-]1(F)n2cccc2C2=[N+]1c1cccc3cccc(c13)N2,ULGPMTVVBICLMT-UHFFFAOYSA-N,,https://doi.org/10.1007/s10895-019-02361-9,toluene,1,3.445478406108327,3.445478406108327,0.0,3.445478406108327,3.445478406108327,0.0,3.445478406108327,general_only,C1CC2CCCC3C4CC5CCCC5C4CC(C1)C23,[BH2-]1n2cccc2C2=[N+]1c1cccc3cccc(c13)N2,outside_MR_TADF,outside_CzBN_domain,outside_CzBN_domain
E00_133_01050,F[B-]1(F)n2cccc2C=C2c3ccccc3C(c3ccc[nH]3)=[N+]21,QLIQTHNNXQPEFS-UHFFFAOYSA-N,,DOI: 10.1021/acs.joc.6b00414,toluene,1,2.1078567302137494,2.1078567302137494,0.0,2.1078567302137494,2.1078567302137494,0.0,2.1078567302137494,general_only,C1CC2CC3C4CCCCC4C(C4CCCC4)C3CC2C1,[BH2-]1n2cccc2C=C2c3ccccc3C(c3ccc[nH]3)=[N+]12,outside_MR_TADF,outside_CzBN_domain,outside_CzBN_domain
E00_133_01051,Fc1c(-c2nnc(-c3ccccc3)o2)c(-n2c3ccccc3c3ccccc32)c(F)c(-n2c3ccccc3c3ccccc32)c1-n1c2ccccc2c2ccccc21,WQKVUSNOCBOHAZ-UHFFFAOYSA-N,,DOI: 10.1021/acs.chemmater.8b02632,toluene,1,3.068214050778822,3.068214050778822,0.0,3.068214050778822,3.068214050778822,0.0,3.068214050778822,general_only,C1CCC(C2CCC(C3CC(C4C5CCCCC5C5CCCCC54)C(C4C5CCCCC5C5CCCCC54)CC3C3C4CCCCC4C4CCCCC43)C2)CC1,c1ccc(-c2nnc(-c3cc(-n4c5ccccc5c5ccccc54)c(-n4c5ccccc5c5ccccc54)cc3-n3c4ccccc4c4ccccc43)o2)cc1,outside_MR_TADF,outside_CzBN_domain,outside_CzBN_domain
E00_133_01052,Fc1c(-n2c3ccccc3c3ccccc32)c(-c2nnc(-c3ccccc3)o2)c(-n2c3ccccc3c3ccccc32)c(-n2c3ccccc3c3ccccc32)c1-n1c2ccccc2c2ccccc21,CZULXDCPEQDPMF-UHFFFAOYSA-N,,DOI: 10.1021/acs.chemmater.8b02632,toluene,1,3.156755674816886,3.156755674816886,0.0,3.156755674816886,3.156755674816886,0.0,3.156755674816886,general_only,C1CCC(C2CCC(C3C(C4C5CCCCC5C5CCCCC54)CC(C4C5CCCCC5C5CCCCC54)C(C4C5CCCCC5C5CCCCC54)C3C3C4CCCCC4C4CCCCC43)C2)CC1,c1ccc(-c2nnc(-c3c(-n4c5ccccc5c5ccccc54)cc(-n4c5ccccc5c5ccccc54)c(-n4c5ccccc5c5ccccc54)c3-n3c4ccccc4c4ccccc43)o2)cc1,outside_MR_TADF,outside_CzBN_domain,outside_CzBN_domain
E00_133_01053,Fc1c(-n2c3ccccc3c3ccccc32)c(F)c(-n2c3ccccc3c3ccccc32)c(-c2nnc(-c3ccccc3)o2)c1-n1c2ccccc2c2ccccc21,HYVYGNCGAVHROX-UHFFFAOYSA-N,,DOI: 10.1021/acs.chemmater.8b02632,toluene,1,3.062407571724342,3.062407571724342,0.0,3.062407571724342,3.062407571724342,0.0,3.062407571724342,general_only,C1CCC(C2CCC(C3C(C4C5CCCCC5C5CCCCC54)CC(C4C5CCCCC5C5CCCCC54)CC3C3C4CCCCC4C4CCCCC43)C2)CC1,c1ccc(-c2nnc(-c3c(-n4c5ccccc5c5ccccc54)cc(-n4c5ccccc5c5ccccc54)cc3-n3c4ccccc4c4ccccc43)o2)cc1,outside_MR_TADF,outside_CzBN_domain,outside_CzBN_domain
E00_133_01054,Fc1c(F)c(-n2c3ccccc3c3ccccc32)c(F)c(-n2c3ccccc3c3ccccc32)c1-c1nnc(-c2ccccc2)o1,SBECRZJBXFGMPD-UHFFFAOYSA-N,,DOI: 10.1021/acs.chemmater.8b02632,toluene,1,3.1675898410171817,3.1675898410171817,0.0,3.1675898410171817,3.1675898410171817,0.0,3.1675898410171817,general_only,C1CCC(C2CCC(C3CCC(C4C5CCCCC5C5CCCCC54)CC3C3C4CCCCC4C4CCCCC43)C2)CC1,c1ccc(-c2nnc(-c3ccc(-n4c5ccccc5c5ccccc54)cc3-n3c4ccccc4c4ccccc43)o2)cc1,outside_MR_TADF,outside_CzBN_domain,outside_CzBN_domain
E00_133_01055,Fc1c(F)c(-n2c3ccccc3c3ccccc32)c(F)c(F)c1-c1nnc(-c2ccccc2)o1,PIPUYPJXQMBKBG-UHFFFAOYSA-N,,DOI: 10.1021/acs.chemmater.8b02632,toluene,1,3.1987219777917453,3.1987219777917453,0.0,3.1987219777917453,3.1987219777917453,0.0,3.1987219777917453,general_only,C1CCC(C2CCC(C3CCC(C4C5CCCCC5C5CCCCC54)CC3)C2)CC1,c1ccc(-c2nnc(-c3ccc(-n4c5ccccc5c5ccccc54)cc3)o2)cc1,outside_MR_TADF,outside_CzBN_domain,outside_CzBN_domain
E00_133_01056,Fc1c(F)c(-n2c3ccccc3c3ccccc32)c(F)c(F)c1/C=C/C(=C(c1ccccc1)c1ccccc1)c1ccccc1,WSMKTQXQGUSNNC-OCOZRVBESA-N,,DOI: 10.1021/acs.jpcc.8b03895,toluene,1,3.1154806491885143,3.1154806491885143,0.0,3.1154806491885143,3.1154806491885143,0.0,3.1154806491885143,general_only,C1CCC(C(CCC2CCC(C3C4CCCCC4C4CCCCC43)CC2)C(C2CCCCC2)C2CCCCC2)CC1,C(=C/c1ccc(-n2c3ccccc3c3ccccc32)cc1)\C(=C(c1ccccc1)c1ccccc1)c1ccccc1,outside_MR_TADF,outside_CzBN_domain,outside_CzBN_domain
E00_133_01057,Fc1c(F)c(-n2c3ccccc3c3ccccc32)c(F)c(F)c1/C=C/c1ccc(C(=C(c2ccccc2)c2ccccc2)c2ccccc2)cc1,PTDMTKDCYIDJIF-PBBVDAKRSA-N,,DOI: 10.1021/acs.jpcc.8b03895,toluene,1,2.9343532166814397,2.9343532166814397,0.0,2.9343532166814397,2.9343532166814397,0.0,2.9343532166814397,general_only,C1CCC(C(C2CCCCC2)C(C2CCCCC2)C2CCC(CCC3CCC(C4C5CCCCC5C5CCCCC54)CC3)CC2)CC1,C(=C/c1ccc(-n2c3ccccc3c3ccccc32)cc1)\c1ccc(C(=C(c2ccccc2)c2ccccc2)c2ccccc2)cc1,outside_MR_TADF,outside_CzBN_domain,outside_CzBN_domain
E00_133_01058,Fc1c(F)c(F)c([B-]2(c3c(F)c(F)c(F)c(F)c3F)Oc3c(ccc4c5c(ccc34)C=[N+](c3ccccc3)[B-](c3c(F)c(F)c(F)c(F)c3F)(c3c(F)c(F)c(F)c(F)c3F)O5)C=[N+]2c2ccccc2)c(F)c1F,DVBMYDZBANTUTL-UHFFFAOYSA-N,,DOI: 10.1021/acs.joc.7b01001,toluene,1,2.2365738034937332,2.2365738034937332,0.0,2.2365738034937332,2.2365738034937332,0.0,2.2365738034937332,general_only,C1CCC(C2CC3CCC4C5CC(C6CCCCC6)(C6CCCCC6)C(C6CCCCC6)CC5CCC4C3CC2(C2CCCCC2)C2CCCCC2)CC1,C1=[N+](c2ccccc2)[B-](c2ccccc2)(c2ccccc2)Oc2c1ccc1c3c(ccc21)C=[N+](c1ccccc1)[B-](c1ccccc1)(c1ccccc1)O3,outside_MR_TADF,outside_CzBN_domain,outside_CzBN_domain
E00_133_01059,Fc1cc(-c2nc(-c3ccccc3)nc(-c3ccccc3)n2)ccc1-n1c2ccccc2c2c3c(ccc21)C1(c2ccccc2-c2ccccc21)c1ccccc1-3,WTWXSCSVWPDISB-UHFFFAOYSA-N,,10.1016/j.jlumin.2018.10.017,toluene,1,3.059604247104247,3.059604247104247,0.0,3.059604247104247,3.059604247104247,0.0,3.059604247104247,general_only,C1CCC(C2CC(C3CCCCC3)CC(C3CCC(C4C5CCCCC5C5C4CCC4C5C5CCCCC5C45C4CCCCC4C4CCCCC45)CC3)C2)CC1,c1ccc(-c2nc(-c3ccccc3)nc(-c3ccc(-n4c5ccccc5c5c6c(ccc54)C4(c5ccccc5-c5ccccc54)c4ccccc4-6)cc3)n2)cc1,outside_MR_TADF,outside_CzBN_domain,outside_CzBN_domain
E00_133_01060,Fc1ccc(-c2nc3n(c2-c2ccncc2)CCS3)cc1,YOELZIQOLWZLQC-UHFFFAOYSA-N,,https://doi.org/10.1016/j.saa.2016.07.027,toluene,1,3.363924833699655,3.363924833699655,0.0,3.363924833699655,3.363924833699655,0.0,3.363924833699655,general_only,C1CCC(C2CC3CCCC3C2C2CCCCC2)CC1,c1ccc(-c2nc3n(c2-c2ccncc2)CCS3)cc1,outside_MR_TADF,outside_CzBN_domain,outside_CzBN_domain
E00_133_01061,Fc1ccc(N(c2ccc(F)cc2)c2ccc3c4cccc5c(N(c6ccc(F)cc6)c6ccc(F)cc6)ccc(c6cccc2c63)c54)cc1,KQACVTLACFAUJT-UHFFFAOYSA-N,,DOI: 10.1021/acs.joc.9b01849,toluene,1,2.4057546390203592,2.4057546390203592,0.0,2.4057546390203592,2.4057546390203592,0.0,2.4057546390203592,general_only,C1CCC(C(C2CCCCC2)C2CCC3C4CCCC5C(C(C6CCCCC6)C6CCCCC6)CCC(C6CCCC2C63)C54)CC1,c1ccc(N(c2ccccc2)c2ccc3c4cccc5c(N(c6ccccc6)c6ccccc6)ccc(c6cccc2c63)c54)cc1,outside_MR_TADF,outside_CzBN_domain,outside_CzBN_domain
E00_133_01062,Fc1ccc(Nc2ccc3ccccc3n2)cc1,CJCUXXISDZFQHB-UHFFFAOYSA-N,,https://doi.org/10.1016/j.jlumin.2018.12.059,toluene,1,3.3119443881751676,3.3119443881751676,0.0,3.3119443881751676,3.3119443881751676,0.0,3.3119443881751676,general_only,C1CCC(CC2CCC3CCCCC3C2)CC1,c1ccc(Nc2ccc3ccccc3n2)cc1,outside_MR_TADF,outside_CzBN_domain,outside_CzBN_domain
E00_133_01063,Fc1cccc(F)c1[B-]1(c2c(F)cccc2F)Oc2c(ccc3c4c(ccc23)C=[N+](c2ccccc2)[B-](c2c(F)cccc2F)(c2c(F)cccc2F)O4)C=[N+]1c1ccccc1,CNILPIZMXYIVON-UHFFFAOYSA-N,,DOI: 10.1021/acs.joc.7b01001,toluene,1,2.1997136541746207,2.1997136541746207,0.0,2.1997136541746207,2.1997136541746207,0.0,2.1997136541746207,general_only,C1CCC(C2CC3CCC4C5CC(C6CCCCC6)(C6CCCCC6)C(C6CCCCC6)CC5CCC4C3CC2(C2CCCCC2)C2CCCCC2)CC1,C1=[N+](c2ccccc2)[B-](c2ccccc2)(c2ccccc2)Oc2c1ccc1c3c(ccc21)C=[N+](c1ccccc1)[B-](c1ccccc1)(c1ccccc1)O3,outside_MR_TADF,outside_CzBN_domain,outside_CzBN_domain
E00_133_01064,N#C/C(=C/Nc1ccc(C#N)cc1)c1nc(-c2ccccc2)cs1,PYTDYMGYHOJDHJ-VBKFSLOCSA-N,,https://doi.org/10.1016/j.dyepig.2019.02.051,toluene,1,3.060087448372758,3.060087448372758,0.0,3.060087448372758,3.060087448372758,0.0,3.060087448372758,general_only,C1CCC(CCCC2CCC(C3CCCCC3)C2)CC1,C(=Cc1nc(-c2ccccc2)cs1)Nc1ccccc1,outside_MR_TADF,outside_CzBN_domain,outside_CzBN_domain
E00_133_01065,N#C/C(=C\c1cc(/C=C(\C#N)c2ccc(C(F)(F)F)cc2)c(-c2ccc(N(c3ccccc3)c3ccccc3)cc2)cc1-c1ccc(N(c2ccccc2)c2ccccc2)cc1)c1ccc(C(F)(F)F)cc1,PSTGJWAYOBXKEZ-UTGGKXIMSA-N,,https://doi.org/10.1016/j.dyepig.2019.04.015,toluene,1,2.723491338282886,2.723491338282886,0.0,2.723491338282886,2.723491338282886,0.0,2.723491338282886,general_only,C1CCC(CCC2CC(CCC3CCCCC3)C(C3CCC(C(C4CCCCC4)C4CCCCC4)CC3)CC2C2CCC(C(C3CCCCC3)C3CCCCC3)CC2)CC1,C(=Cc1cc(C=Cc2ccccc2)c(-c2ccc(N(c3ccccc3)c3ccccc3)cc2)cc1-c1ccc(N(c2ccccc2)c2ccccc2)cc1)c1ccccc1,outside_MR_TADF,outside_CzBN_domain,outside_CzBN_domain
E00_133_01066,N#C/C(=C\c1ccc(C#N)cc1)c1nc(-c2ccccc2)cs1,SKZOCWBKLYSQLX-LICLKQGHSA-N,,https://doi.org/10.1016/j.dyepig.2019.02.051,toluene,1,2.945138269402319,2.945138269402319,0.0,2.945138269402319,2.945138269402319,0.0,2.945138269402319,general_only,C1CCC(CCC2CCC(C3CCCCC3)C2)CC1,C(=Cc1nc(-c2ccccc2)cs1)c1ccccc1,outside_MR_TADF,outside_CzBN_domain,outside_CzBN_domain
E00_133_01067,N#C/C(=C\c1ccncc1)c1nc(-c2ccccc2)cs1,IVDNLJUPXUXJSL-XNTDXEJSSA-N,,https://doi.org/10.1016/j.dyepig.2019.02.051,toluene,1,3.0057595392368612,3.0057595392368612,0.0,3.0057595392368612,3.0057595392368612,0.0,3.0057595392368612,general_only,C1CCC(CCC2CCC(C3CCCCC3)C2)CC1,C(=Cc1nc(-c2ccccc2)cs1)c1ccncc1,outside_MR_TADF,outside_CzBN_domain,outside_CzBN_domain
E00_133_01068,N#C/C(=C\c1cn(-c2ccccc2)nc1-c1ccccc1)c1nc2ccccc2s1,WTVUXPGPRIVRRN-XDJHFCHBSA-N,,https://doi.org/10.1016/j.dyepig.2015.11.014,toluene,1,3.020831485522029,3.020831485522029,0.0,3.020831485522029,3.020831485522029,0.0,3.020831485522029,general_only,C1CCC(C2CC(CCC3CC4CCCCC4C3)C(C3CCCCC3)C2)CC1,C(=Cc1cn(-c2ccccc2)nc1-c1ccccc1)c1nc2ccccc2s1,outside_MR_TADF,outside_CzBN_domain,outside_CzBN_domain
E00_133_01069,N#C/C(=N/Nc1ccc(C#N)cc1)c1nc(-c2ccccc2)cs1,ATGQMUSFOVCHAL-KQWNVCNZSA-N,,https://doi.org/10.1016/j.dyepig.2019.02.051,toluene,1,2.8114407857906256,2.8114407857906256,0.0,2.8114407857906256,2.8114407857906256,0.0,2.8114407857906256,general_only,C1CCC(CCCC2CCC(C3CCCCC3)C2)CC1,C(=NNc1ccccc1)c1nc(-c2ccccc2)cs1,outside_MR_TADF,outside_CzBN_domain,outside_CzBN_domain
E00_133_01070,N#C/C=C/c1ccc2ccc3cccc4ccc1c2c34,FAPWCEFBIYMQPV-GORDUTHDSA-N,,https://doi.org/10.1016/S0009-2614(97)00394-1,toluene,1,3.1346308652227726,3.1346308652227726,0.0,3.1346308652227726,3.1346308652227726,0.0,3.1346308652227726,general_only,C1CC2CCC3CCCC4CCC(C1)C2C34,c1cc2ccc3cccc4ccc(c1)c2c34,outside_MR_TADF,outside_CzBN_domain,outside_CzBN_domain
E00_133_01071,N#CC(C#N)=C(/C=C/c1cc2c3c(c1)CCCN3CCC2)c1ccc2c3c(cccc13)CC2,VBWVLIKQLUYBCA-XYOKQWHBSA-N,,https://doi.org/10.1016/j.jphotochem.2018.05.039,toluene,1,2.24767274157598,2.24767274157598,0.0,2.24767274157598,2.24767274157598,0.0,2.24767274157598,general_only,CC(CCC1CC2CCCC3CCCC(C1)C32)C1CCC2CCC3CCCC1C32,C=C(/C=C/c1cc2c3c(c1)CCCN3CCC2)c1ccc2c3c(cccc13)CC2,outside_MR_TADF,outside_CzBN_domain,outside_CzBN_domain
E00_133_01072,N#CC(C#N)=C(/C=C/c1ccc(N(c2ccccc2)c2ccc(/C=C/C(=C(C#N)C#N)c3ccccc3)cc2)cc1)c1ccccc1,RVBYKDZWFIXOAE-CRYYDKFDSA-N,,https://doi.org/10.1016/j.dyepig.2012.12.024,toluene,1,2.3081917391904962,2.3081917391904962,0.0,2.3081917391904962,2.3081917391904962,0.0,2.3081917391904962,general_only,CC(CCC1CCC(C(C2CCCCC2)C2CCC(CCC(C)C3CCCCC3)CC2)CC1)C1CCCCC1,C=C(/C=C/c1ccc(N(c2ccccc2)c2ccc(/C=C/C(=C)c3ccccc3)cc2)cc1)c1ccccc1,outside_MR_TADF,outside_CzBN_domain,outside_CzBN_domain
E00_133_01073,N#CC(C#N)=C(/C=C/c1ccc(N(c2ccccc2)c2ccccc2)cc1)c1ccc2c3c(cccc13)CC2,IRSFJHQJWPUKRX-CJLVFECKSA-N,,https://doi.org/10.1016/j.jphotochem.2018.05.039,toluene,1,2.332129887752627,2.332129887752627,0.0,2.332129887752627,2.332129887752627,0.0,2.332129887752627,general_only,CC(CCC1CCC(C(C2CCCCC2)C2CCCCC2)CC1)C1CCC2CCC3CCCC1C32,C=C(/C=C/c1ccc(N(c2ccccc2)c2ccccc2)cc1)c1ccc2c3c(cccc13)CC2,outside_MR_TADF,outside_CzBN_domain,outside_CzBN_domain
E00_133_01074,N#CC(C#N)=C(/C=C/c1ccc(N(c2ccccc2)c2ccccc2)cc1)c1ccccc1,RGKAHZBGQAHVMY-DYTRJAOYSA-N,,https://doi.org/10.1016/j.dyepig.2012.12.024,toluene,1,2.3532399888387268,2.3532399888387268,0.0,2.3532399888387268,2.3532399888387268,0.0,2.3532399888387268,general_only,CC(CCC1CCC(C(C2CCCCC2)C2CCCCC2)CC1)C1CCCCC1,C=C(/C=C/c1ccc(N(c2ccccc2)c2ccccc2)cc1)c1ccccc1,outside_MR_TADF,outside_CzBN_domain,outside_CzBN_domain
E00_133_01075,N#CC(C#N)=C(/C=C/c1cn(-c2ccccc2)nc1-c1ccccc1)c1ccccc1,KWKOCWPZTZJETF-WUKNDPDISA-N,,https://doi.org/10.1016/j.dyepig.2015.11.014,toluene,1,2.878690284487386,2.878690284487386,0.0,2.878690284487386,2.878690284487386,0.0,2.878690284487386,general_only,CC(CCC1CC(C2CCCCC2)CC1C1CCCCC1)C1CCCCC1,C=C(/C=C/c1cn(-c2ccccc2)nc1-c1ccccc1)c1ccccc1,outside_MR_TADF,outside_CzBN_domain,outside_CzBN_domain
E00_133_01076,N#CC(C#N)=C(c1ccc(-n2ccc3ccccc32)cc1)c1ccc(-n2ccc3ccccc32)cc1,DGLRXYILNUOVFY-UHFFFAOYSA-N,,DOI: 10.1021/acs.jpcc.6b10854,toluene,1,2.7067164179104477,2.7067164179104477,0.0,2.7067164179104477,2.7067164179104477,0.0,2.7067164179104477,general_only,CC(C1CCC(C2CCC3CCCCC32)CC1)C1CCC(C2CCC3CCCCC32)CC1,C=C(c1ccc(-n2ccc3ccccc32)cc1)c1ccc(-n2ccc3ccccc32)cc1,outside_MR_TADF,outside_CzBN_domain,outside_CzBN_domain
E00_133_01077,N#CC(C#N)=C(c1ccc(N(c2ccccc2)c2ccccc2)cc1)c1ccc(N(c2ccccc2)c2ccccc2)cc1,VKPHOJJLBMZOGR-UHFFFAOYSA-N,,10.1016/j.dyepig.2017.01.010,toluene,1,3.068381076634882,3.068381076634882,0.0,3.068381076634882,3.068381076634882,0.0,3.068381076634882,general_only,CC(C1CCC(C(C2CCCCC2)C2CCCCC2)CC1)C1CCC(C(C2CCCCC2)C2CCCCC2)CC1,C=C(c1ccc(N(c2ccccc2)c2ccccc2)cc1)c1ccc(N(c2ccccc2)c2ccccc2)cc1,outside_MR_TADF,outside_CzBN_domain,outside_CzBN_domain
E00_133_01078,N#CC(C#N)=C(c1cccc(N(c2ccccc2)c2ccccc2)c1)c1cccc(N(c2ccccc2)c2ccccc2)c1,MDZNUFDFEJPGLS-UHFFFAOYSA-N,,10.1016/j.dyepig.2017.01.010,toluene,1,3.0538555738516826,3.0538555738516826,0.0,3.0538555738516826,3.0538555738516826,0.0,3.0538555738516826,general_only,CC(C1CCCC(C(C2CCCCC2)C2CCCCC2)C1)C1CCCC(C(C2CCCCC2)C2CCCCC2)C1,C=C(c1cccc(N(c2ccccc2)c2ccccc2)c1)c1cccc(N(c2ccccc2)c2ccccc2)c1,outside_MR_TADF,outside_CzBN_domain,outside_CzBN_domain
E00_133_01079,N#CC(C#N)=Cc1ccc2c(c1)c1ccccc1n2-c1cc2ccccc2c2ccccc12,RSXMJSBIWWMQTH-UHFFFAOYSA-N,,10.1021/jo9002757,toluene,1,2.9355469841802226,2.9355469841802226,0.0,2.9355469841802226,2.9355469841802226,0.0,2.9355469841802226,general_only,C1CCC2C(C1)CC(C1C3CCCCC3C3CCCCC31)C1CCCCC21,c1ccc2c(c1)cc(-n1c3ccccc3c3ccccc31)c1ccccc12,outside_MR_TADF,outside_CzBN_domain,outside_CzBN_domain
E00_133_01080,N#CC(C#N)=Cc1ccc2nc(C#Cc3ccc(N(c4ccc(C#Cc5nc6ccc(C=C(C#N)C#N)cc6s5)cc4)c4ccc(C#Cc5nc6ccc(C=C(C#N)C#N)cc6s5)cc4)cc3)sc2c1,XEGNIYOQDSMIJP-UHFFFAOYSA-N,,DOI: 10.1021/jo201411t,toluene,1,2.620028409090909,2.620028409090909,0.0,2.620028409090909,2.620028409090909,0.0,2.620028409090909,general_only,C1CCC2CC(CCC3CCC(C(C4CCC(CCC5CC6CCCCC6C5)CC4)C4CCC(CCC5CC6CCCCC6C5)CC4)CC3)CC2C1,C(#Cc1nc2ccccc2s1)c1ccc(N(c2ccc(C#Cc3nc4ccccc4s3)cc2)c2ccc(C#Cc3nc4ccccc4s3)cc2)cc1,outside_MR_TADF,outside_CzBN_domain,outside_CzBN_domain
E00_133_01081,N#CC(C#N)=Cc1ccc2nc(C#Cc3ccc(N(c4ccccc4)c4ccccc4)cc3)sc2c1,XWGNMWBVLVSMDI-UHFFFAOYSA-N,,DOI: 10.1021/jo201411t,toluene,1,2.5155524652855883,2.5155524652855883,0.0,2.5155524652855883,2.5155524652855883,0.0,2.5155524652855883,general_only,C1CCC(C(C2CCCCC2)C2CCC(CCC3CC4CCCCC4C3)CC2)CC1,C(#Cc1nc2ccccc2s1)c1ccc(N(c2ccccc2)c2ccccc2)cc1,outside_MR_TADF,outside_CzBN_domain,outside_CzBN_domain
E00_133_01082,N#CC(C#N)=Cc1cn(-c2ccccc2)nc1-c1ccccc1,JTINQIRXDYENHE-UHFFFAOYSA-N,,https://doi.org/10.1016/j.dyepig.2015.11.014,toluene,1,3.1593119886619854,3.1593119886619854,0.0,3.1593119886619854,3.1593119886619854,0.0,3.1593119886619854,general_only,C1CCC(C2CCC(C3CCCCC3)C2)CC1,c1ccc(-c2ccn(-c3ccccc3)n2)cc1,outside_MR_TADF,outside_CzBN_domain,outside_CzBN_domain
E00_133_01083,N#CC(C#N)=Cc1nc2ccc(C#Cc3ccc(N(c4ccc(C#Cc5ccc6nc(C=C(C#N)C#N)sc6c5)cc4)c4ccc(C#Cc5ccc6nc(C=C(C#N)C#N)sc6c5)cc4)cc3)cc2s1,XCOPNJQPCPYTLA-UHFFFAOYSA-N,,DOI: 10.1021/jo201411t,toluene,1,2.33543771043771,2.33543771043771,0.0,2.33543771043771,2.33543771043771,0.0,2.33543771043771,general_only,C1CC2CCC(CCC3CCC(C(C4CCC(CCC5CCC6CCCC6C5)CC4)C4CCC(CCC5CCC6CCCC6C5)CC4)CC3)CC2C1,C(#Cc1ccc2ncsc2c1)c1ccc(N(c2ccc(C#Cc3ccc4ncsc4c3)cc2)c2ccc(C#Cc3ccc4ncsc4c3)cc2)cc1,outside_MR_TADF,outside_CzBN_domain,outside_CzBN_domain
E00_133_01084,N#CC(C#N)=Cc1nc2ccc(C#Cc3ccc(N(c4ccccc4)c4ccccc4)cc3)cc2s1,MAIBQJNKTRYMMT-UHFFFAOYSA-N,,DOI: 10.1021/jo201411t,toluene,1,2.2599229653737885,2.2599229653737885,0.0,2.2599229653737885,2.2599229653737885,0.0,2.2599229653737885,general_only,C1CCC(C(C2CCCCC2)C2CCC(CCC3CCC4CCCC4C3)CC2)CC1,C(#Cc1ccc2ncsc2c1)c1ccc(N(c2ccccc2)c2ccccc2)cc1,outside_MR_TADF,outside_CzBN_domain,outside_CzBN_domain
E00_133_01085,N#CC1=c2c3cccc4c(Br)ccc(c43)n2[B-](F)(F)[n+]2ccccc21,XSBMYMFOYUJGQL-UHFFFAOYSA-N,,DOI: 10.1021/ol503379c,toluene,1,2.2992954115827464,2.2992954115827464,0.0,2.2992954115827464,2.2992954115827464,0.0,2.2992954115827464,general_only,C1CCC2CC3C(CC2C1)C1CCCC2CCCC3C21,[BH2-]1n2c(c3cccc4cccc2c43)=Cc2cccc[n+]21,outside_MR_TADF,outside_CzBN_domain,outside_CzBN_domain
E00_133_01086,N#CC1=c2c3cccc4cccc(c43)n2[B-](F)(F)[n+]2ccccc21,QCUZWBTUDQHUHO-UHFFFAOYSA-N,,DOI: 10.1021/ol503379c,toluene,1,2.3581048102821813,2.3581048102821813,0.0,2.3581048102821813,2.3581048102821813,0.0,2.3581048102821813,general_only,C1CCC2CC3C(CC2C1)C1CCCC2CCCC3C21,[BH2-]1n2c(c3cccc4cccc2c43)=Cc2cccc[n+]21,outside_MR_TADF,outside_CzBN_domain,outside_CzBN_domain
E00_133_01087,N#CC=C(c1ccc(N2c3ccccc3Oc3ccccc32)cc1)c1ccc(N2c3ccccc3Oc3ccccc32)cc1,RGSKLXLUHDWAIH-UHFFFAOYSA-N,,DOI: 10.1021/acs.jpcc.6b10854,toluene,1,2.611003570353164,2.611003570353164,0.0,2.611003570353164,2.611003570353164,0.0,2.611003570353164,general_only,CC(C1CCC(C2C3CCCCC3CC3CCCCC32)CC1)C1CCC(C2C3CCCCC3CC3CCCCC32)CC1,C=C(c1ccc(N2c3ccccc3Oc3ccccc32)cc1)c1ccc(N2c3ccccc3Oc3ccccc32)cc1,outside_MR_TADF,outside_CzBN_domain,outside_CzBN_domain
E00_133_01088,N#Cc1c(-n2c3ccc(Br)cc3c3cc(Br)ccc32)c(-n2c3ccc(Br)cc3c3cc(Br)ccc32)c(C#N)c(-n2c3ccc(Br)cc3c3cc(Br)ccc32)c1-n1c2ccc(Br)cc2c2cc(Br)ccc21,XNKSDUJLSSBZEA-UHFFFAOYSA-N,,DOI: 10.1021/acs.joc.5b01496,toluene,1,2.964439690103407,2.964439690103407,0.0,2.964439690103407,2.964439690103407,0.0,2.964439690103407,general_only,C1CCC2C(C1)C1CCCCC1C2C1CC(C2C3CCCCC3C3CCCCC32)C(C2C3CCCCC3C3CCCCC32)CC1C1C2CCCCC2C2CCCCC21,c1ccc2c(c1)c1ccccc1n2-c1cc(-n2c3ccccc3c3ccccc32)c(-n2c3ccccc3c3ccccc32)cc1-n1c2ccccc2c2ccccc21,outside_MR_TADF,outside_CzBN_domain,outside_CzBN_domain
E00_133_01089,N#Cc1c(-n2c3ccc(Br)cc3c3cc(Br)ccc32)c(C#N)c(-n2c3ccc(Br)cc3c3cc(Br)ccc32)c(-n2c3ccc(Br)cc3c3cc(Br)ccc32)c1-n1c2ccc(Br)cc2c2cc(Br)ccc21,SKHNHRHHCZHPKI-UHFFFAOYSA-N,,DOI: 10.1021/acs.joc.5b01496,toluene,2,2.8477732045531523,2.8477732045531523,0.0,2.8477732045531523,2.8477732045531523,0.0,2.8477732045531523,general_only,C1CCC2C(C1)C1CCCCC1C2C1CC(C2C3CCCCC3C3CCCCC32)C(C2C3CCCCC3C3CCCCC32)C(C2C3CCCCC3C3CCCCC32)C1,c1ccc2c(c1)c1ccccc1n2-c1cc(-n2c3ccccc3c3ccccc32)c(-n2c3ccccc3c3ccccc32)c(-n2c3ccccc3c3ccccc32)c1,outside_MR_TADF,outside_CzBN_domain,outside_CzBN_domain
E00_133_01090,N#Cc1c(-n2c3ccc(Cl)cc3c3cc(Cl)ccc32)c(C#N)c(-n2c3ccc(Cl)cc3c3cc(Cl)ccc32)c(-n2c3ccc(Cl)cc3c3cc(Cl)ccc32)c1-n1c2ccc(Cl)cc2c2cc(Cl)ccc21,OTLSIHXQBVAEKT-UHFFFAOYSA-N,,DOI: 10.1021/acs.joc.5b01496,toluene,2,2.81149453024453,2.81149453024453,0.0,2.81149453024453,2.81149453024453,0.0,2.81149453024453,general_only,C1CCC2C(C1)C1CCCCC1C2C1CC(C2C3CCCCC3C3CCCCC32)C(C2C3CCCCC3C3CCCCC32)C(C2C3CCCCC3C3CCCCC32)C1,c1ccc2c(c1)c1ccccc1n2-c1cc(-n2c3ccccc3c3ccccc32)c(-n2c3ccccc3c3ccccc32)c(-n2c3ccccc3c3ccccc32)c1,outside_MR_TADF,outside_CzBN_domain,outside_CzBN_domain
E00_133_01091,N#Cc1c(-n2c3ccc(I)cc3c3cc(I)ccc32)c(-n2c3ccc(I)cc3c3cc(I)ccc32)c(C#N)c(-n2c3ccc(I)cc3c3cc(I)ccc32)c1-n1c2ccc(I)cc2c2cc(I)ccc21,VFQVWEMASTVAOE-UHFFFAOYSA-N,,DOI: 10.1021/acs.joc.5b01496,toluene,2,2.8206543705207956,2.8206543705207956,0.0,2.8206543705207956,2.8206543705207956,0.0,2.8206543705207956,general_only,C1CCC2C(C1)C1CCCCC1C2C1CC(C2C3CCCCC3C3CCCCC32)C(C2C3CCCCC3C3CCCCC32)CC1C1C2CCCCC2C2CCCCC21,c1ccc2c(c1)c1ccccc1n2-c1cc(-n2c3ccccc3c3ccccc32)c(-n2c3ccccc3c3ccccc32)cc1-n1c2ccccc2c2ccccc21,outside_MR_TADF,outside_CzBN_domain,outside_CzBN_domain
E00_133_01092,N#Cc1c(-n2c3ccc(I)cc3c3cc(I)ccc32)c(C#N)c(-n2c3ccc(I)cc3c3cc(I)ccc32)c(-n2c3ccc(I)cc3c3cc(I)ccc32)c1-n1c2ccc(I)cc2c2cc(I)ccc21,AOVCSOIJTSAYBI-UHFFFAOYSA-N,,DOI: 10.1021/acs.joc.5b01496,toluene,2,2.7778103502188864,2.7778103502188864,0.0,2.7778103502188864,2.7778103502188864,0.0,2.7778103502188864,general_only,C1CCC2C(C1)C1CCCCC1C2C1CC(C2C3CCCCC3C3CCCCC32)C(C2C3CCCCC3C3CCCCC32)C(C2C3CCCCC3C3CCCCC32)C1,c1ccc2c(c1)c1ccccc1n2-c1cc(-n2c3ccccc3c3ccccc32)c(-n2c3ccccc3c3ccccc32)c(-n2c3ccccc3c3ccccc32)c1,outside_MR_TADF,outside_CzBN_domain,outside_CzBN_domain
E00_133_01093,N#Cc1c(-n2c3ccccc3c3cc(Br)ccc32)c(-n2c3ccccc3c3cc(Br)ccc32)c(C#N)c(-n2c3ccccc3c3cc(Br)ccc32)c1-n1c2ccccc2c2cc(Br)ccc21,YBCGMJBGBQWPBM-UHFFFAOYSA-N,,DOI: 10.1021/acs.joc.5b01496,toluene,2,2.9815673994895926,2.9815673994895926,0.0,2.9815673994895926,2.9815673994895926,0.0,2.9815673994895926,general_only,C1CCC2C(C1)C1CCCCC1C2C1CC(C2C3CCCCC3C3CCCCC32)C(C2C3CCCCC3C3CCCCC32)CC1C1C2CCCCC2C2CCCCC21,c1ccc2c(c1)c1ccccc1n2-c1cc(-n2c3ccccc3c3ccccc32)c(-n2c3ccccc3c3ccccc32)cc1-n1c2ccccc2c2ccccc21,outside_MR_TADF,outside_CzBN_domain,outside_CzBN_domain
E00_133_01094,N#Cc1c(-n2c3ccccc3c3cc(Br)ccc32)c(C#N)c(-n2c3ccccc3c3cc(Br)ccc32)c(-n2c3ccccc3c3cc(Br)ccc32)c1-n1c2ccccc2c2cc(Br)ccc21,WZLOGHGYANGWSF-UHFFFAOYSA-N,,DOI: 10.1021/acs.joc.5b01496,toluene,2,2.83118008307214,2.83118008307214,0.0,2.83118008307214,2.83118008307214,0.0,2.83118008307214,general_only,C1CCC2C(C1)C1CCCCC1C2C1CC(C2C3CCCCC3C3CCCCC32)C(C2C3CCCCC3C3CCCCC32)C(C2C3CCCCC3C3CCCCC32)C1,c1ccc2c(c1)c1ccccc1n2-c1cc(-n2c3ccccc3c3ccccc32)c(-n2c3ccccc3c3ccccc32)c(-n2c3ccccc3c3ccccc32)c1,outside_MR_TADF,outside_CzBN_domain,outside_CzBN_domain
E00_133_01095,N#Cc1c(-n2c3ccccc3c3cc(I)ccc32)c(-n2c3ccccc3c3cc(I)ccc32)c(C#N)c(-n2c3ccccc3c3cc(I)ccc32)c1-n1c2ccccc2c2cc(I)ccc21,REUVBOMYGVKPOW-UHFFFAOYSA-N,,DOI: 10.1021/acs.joc.5b01496,toluene,2,2.9129960567161675,2.9129960567161675,0.0,2.9129960567161675,2.9129960567161675,0.0,2.9129960567161675,general_only,C1CCC2C(C1)C1CCCCC1C2C1CC(C2C3CCCCC3C3CCCCC32)C(C2C3CCCCC3C3CCCCC32)CC1C1C2CCCCC2C2CCCCC21,c1ccc2c(c1)c1ccccc1n2-c1cc(-n2c3ccccc3c3ccccc32)c(-n2c3ccccc3c3ccccc32)cc1-n1c2ccccc2c2ccccc21,outside_MR_TADF,outside_CzBN_domain,outside_CzBN_domain
E00_133_01096,N#Cc1c(-n2c3ccccc3c3cc(I)ccc32)c(C#N)c(-n2c3ccccc3c3cc(I)ccc32)c(-n2c3ccccc3c3cc(I)ccc32)c1-n1c2ccccc2c2cc(I)ccc21,IPKFOZGDMKBPCS-UHFFFAOYSA-N,,DOI: 10.1021/acs.joc.5b01496,toluene,2,2.8157101525247743,2.8157101525247743,0.0,2.8157101525247743,2.8157101525247743,0.0,2.8157101525247743,general_only,C1CCC2C(C1)C1CCCCC1C2C1CC(C2C3CCCCC3C3CCCCC32)C(C2C3CCCCC3C3CCCCC32)C(C2C3CCCCC3C3CCCCC32)C1,c1ccc2c(c1)c1ccccc1n2-c1cc(-n2c3ccccc3c3ccccc32)c(-n2c3ccccc3c3ccccc32)c(-n2c3ccccc3c3ccccc32)c1,outside_MR_TADF,outside_CzBN_domain,outside_CzBN_domain
E00_133_01097,N#Cc1c(-n2c3ccccc3c3ccccc32)c(-n2c3ccccc3c3ccccc32)c(-n2c3ccccc3c3ccccc32)c(-n2c3ccccc3c3ccccc32)c1-n1c2ccccc2c2ccccc21,XAARDWSLAZLSJR-UHFFFAOYSA-N,,10.1039/C5MH00258C,toluene,1,2.8747066111848416,2.8747066111848416,0.0,2.8747066111848416,2.8747066111848416,0.0,2.8747066111848416,general_only,C1CCC2C(C1)C1CCCCC1C2C1CC(C2C3CCCCC3C3CCCCC32)C(C2C3CCCCC3C3CCCCC32)C(C2C3CCCCC3C3CCCCC32)C1C1C2CCCCC2C2CCCCC21,c1ccc2c(c1)c1ccccc1n2-c1cc(-n2c3ccccc3c3ccccc32)c(-n2c3ccccc3c3ccccc32)c(-n2c3ccccc3c3ccccc32)c1-n1c2ccccc2c2ccccc21,outside_MR_TADF,outside_CzBN_domain,outside_CzBN_domain
E00_133_01098,N#Cc1c(-n2c3ccccc3c3ccccc32)c(-n2c3ccccc3c3ccccc32)cc(-n2c3ccccc3c3ccccc32)c1-n1c2ccccc2c2ccccc21,QGFMAHGYJHNBJH-UHFFFAOYSA-N,,10.1039/C5MH00258C,toluene,1,2.9725338965525734,2.9725338965525734,0.0,2.9725338965525734,2.9725338965525734,0.0,2.9725338965525734,general_only,C1CCC2C(C1)C1CCCCC1C2C1CC(C2C3CCCCC3C3CCCCC32)C(C2C3CCCCC3C3CCCCC32)CC1C1C2CCCCC2C2CCCCC21,c1ccc2c(c1)c1ccccc1n2-c1cc(-n2c3ccccc3c3ccccc32)c(-n2c3ccccc3c3ccccc32)cc1-n1c2ccccc2c2ccccc21,outside_MR_TADF,outside_CzBN_domain,outside_CzBN_domain
E00_133_01099,N#Cc1c(-n2c3ccccc3c3ccccc32)c(C#N)c(-n2c3ccccc3c3ccccc32)c(-n2c3ccccc3c3ccccc32)c1-n1c2ccccc2c2ccccc21,PRWATGACIORDEL-UHFFFAOYSA-N,,DOI: 10.1021/acs.joc.5b01496,toluene,1,2.8762130177514793,2.8762130177514793,0.0,2.8762130177514793,2.8762130177514793,0.0,2.8762130177514793,general_only,C1CCC2C(C1)C1CCCCC1C2C1CC(C2C3CCCCC3C3CCCCC32)C(C2C3CCCCC3C3CCCCC32)C(C2C3CCCCC3C3CCCCC32)C1,c1ccc2c(c1)c1ccccc1n2-c1cc(-n2c3ccccc3c3ccccc32)c(-n2c3ccccc3c3ccccc32)c(-n2c3ccccc3c3ccccc32)c1,outside_MR_TADF,outside_CzBN_domain,outside_CzBN_domain
E00_133_01100,N#Cc1c(-n2c3ccccc3c3ccccc32)cc(N2c3ccccc3C(c3ccccc3)(c3ccccc3)c3ccccc32)cc1-n1c2ccccc2c2ccccc21,NDRDDVBKWAQZKM-UHFFFAOYSA-N,,DOI: 10.1021/acsami.9b07820,toluene,1,3.001130804024739,3.001130804024739,0.0,3.001130804024739,3.001130804024739,0.0,3.001130804024739,general_only,C1CCC(C2(C3CCCCC3)C3CCCCC3C(C3CC(C4C5CCCCC5C5CCCCC54)CC(C4C5CCCCC5C5CCCCC54)C3)C3CCCCC32)CC1,c1ccc(C2(c3ccccc3)c3ccccc3N(c3cc(-n4c5ccccc5c5ccccc54)cc(-n4c5ccccc5c5ccccc54)c3)c3ccccc32)cc1,outside_MR_TADF,outside_CzBN_domain,outside_CzBN_domain
E00_133_01101,N#Cc1c(-n2c3ccccc3c3ccccc32)cccc1-n1c2ccccc2c2ccccc21,UQZNBXBNARSCFU-UHFFFAOYSA-N,,https://doi.org/10.1002/adfm.201706023,toluene,1,3.2849404117009753,3.2849404117009753,0.0,3.2849404117009753,3.2849404117009753,0.0,3.2849404117009753,general_only,C1CC(C2C3CCCCC3C3CCCCC32)CC(C2C3CCCCC3C3CCCCC32)C1,c1cc(-n2c3ccccc3c3ccccc32)cc(-n2c3ccccc3c3ccccc32)c1,outside_MR_TADF,outside_CzBN_domain,outside_CzBN_domain
E00_133_01102,N#Cc1c(N2c3ccccc3C(c3ccccc3)(c3ccccc3)c3ccccc32)cccc1N1c2ccccc2C(c2ccccc2)(c2ccccc2)c2ccccc21,XVQTVQBURHTDKP-UHFFFAOYSA-N,,10.1246/cl.160814,toluene,1,3.0458555686878457,3.0458555686878457,0.0,3.0458555686878457,3.0458555686878457,0.0,3.0458555686878457,general_only,C1CCC(C2(C3CCCCC3)C3CCCCC3C(C3CCCC(C4C5CCCCC5C(C5CCCCC5)(C5CCCCC5)C5CCCCC45)C3)C3CCCCC32)CC1,c1ccc(C2(c3ccccc3)c3ccccc3N(c3cccc(N4c5ccccc5C(c5ccccc5)(c5ccccc5)c5ccccc54)c3)c3ccccc32)cc1,outside_MR_TADF,outside_CzBN_domain,outside_CzBN_domain
E00_133_01103,N#Cc1cc(-c2ccc(N3c4ccccc4Oc4ccccc43)cc2)c(-c2ccc(N3c4ccccc4Oc4ccccc43)cc2)cc1C#N,HGVNXEVNBBVJGZ-UHFFFAOYSA-N,,https://doi.org/10.1002/adfm.201505106,toluene,1,2.601616992939529,2.601616992939529,0.0,2.601616992939529,2.601616992939529,0.0,2.601616992939529,general_only,C1CCC2C(C1)CC1CCCCC1C2C1CCC(C2CCCCC2C2CCC(C3C4CCCCC4CC4CCCCC43)CC2)CC1,c1ccc2c(c1)Oc1ccccc1N2c1ccc(-c2ccccc2-c2ccc(N3c4ccccc4Oc4ccccc43)cc2)cc1,outside_MR_TADF,outside_CzBN_domain,outside_CzBN_domain
E00_133_01104,N#Cc1cc(-n2c3ccccc3c3ccccc32)c(-n2c3ccccc3c3ccccc32)cc1C#N,BSQBWXBFVYTYOL-UHFFFAOYSA-N,,"doi:10.1038/nature11687, DOI: 10.1021/acsami.8b11136, DOI: 10.1021/acs.joc.5b01496",toluene,1,2.964115574348132,2.964115574348132,0.0,2.964115574348132,2.964115574348132,0.0,2.964115574348132,general_only,C1CCC2C(C1)C1CCCCC1C2C1CCCCC1C1C2CCCCC2C2CCCCC21,c1ccc(-n2c3ccccc3c3ccccc32)c(-n2c3ccccc3c3ccccc32)c1,outside_MR_TADF,outside_CzBN_domain,outside_CzBN_domain
E00_133_01105,N#Cc1cc(-n2c3ccccc3c3ccccc32)nc(-n2c3ccccc3c3ccccc32)n1,PRKTYQWNYFDAJV-UHFFFAOYSA-N,,DOI: 10.1021/acsami.8b02766,toluene,1,3.12921369240511,3.12921369240511,0.0,3.12921369240511,3.12921369240511,0.0,3.12921369240511,general_only,C1CC(C2C3CCCCC3C3CCCCC32)CC(C2C3CCCCC3C3CCCCC32)C1,c1ccc2c(c1)c1ccccc1n2-c1ccnc(-n2c3ccccc3c3ccccc32)n1,outside_MR_TADF,outside_CzBN_domain,outside_CzBN_domain
E00_133_01106,N#Cc1cc(-n2c3ccccc3c3cccnc32)c(-n2c3ccccc3c3cccnc32)cc1C#N,DEUHLPGQWQELFE-UHFFFAOYSA-N,,10.1039/C6MH00579A,toluene,1,3.3191251134309683,3.3191251134309683,0.0,3.3191251134309683,3.3191251134309683,0.0,3.3191251134309683,general_only,C1CCC2C(C1)C1CCCCC1C2C1CCCCC1C1C2CCCCC2C2CCCCC21,c1ccc(-n2c3ccccc3c3cccnc32)c(-n2c3ccccc3c3cccnc32)c1,outside_MR_TADF,outside_CzBN_domain,outside_CzBN_domain
E00_133_01107,N#Cc1cc(-n2c3ccccc3c3ncccc32)c(-n2c3ccccc3c3ncccc32)cc1C#N,HHANCHRSBZDVJH-UHFFFAOYSA-N,,10.1039/C6MH00579A,toluene,1,3.0749805432954105,3.0749805432954105,0.0,3.0749805432954105,3.0749805432954105,0.0,3.0749805432954105,general_only,C1CCC2C(C1)C1CCCCC1C2C1CCCCC1C1C2CCCCC2C2CCCCC21,c1ccc(-n2c3ccccc3c3ncccc32)c(-n2c3ccccc3c3ncccc32)c1,outside_MR_TADF,outside_CzBN_domain,outside_CzBN_domain
E00_133_01108,N#Cc1cc(C#N)c(-c2cc(-n3c4ccccc4c4ccccc43)cc(-n3c4ccccc4c4ccccc43)c2)cc1-c1cc(-n2c3ccccc3c3ccccc32)cc(-n2c3ccccc3c3ccccc32)c1,YDVFBDJIVLBATQ-UHFFFAOYSA-N,,DOI: 10.1021/acsami.7b10202,toluene,1,3.5064292779426314,3.5064292779426314,0.0,3.5064292779426314,3.5064292779426314,0.0,3.5064292779426314,general_only,C1CC(C2CC(C3C4CCCCC4C4CCCCC43)CC(C3C4CCCCC4C4CCCCC43)C2)CC(C2CC(C3C4CCCCC4C4CCCCC43)CC(C3C4CCCCC4C4CCCCC43)C2)C1,c1cc(-c2cc(-n3c4ccccc4c4ccccc43)cc(-n3c4ccccc4c4ccccc43)c2)cc(-c2cc(-n3c4ccccc4c4ccccc43)cc(-n3c4ccccc4c4ccccc43)c2)c1,outside_MR_TADF,outside_CzBN_domain,outside_CzBN_domain
E00_133_01109,N#Cc1cc(C#N)c(-c2cc(-n3c4ccccc4c4ccccc43)cc(-n3c4ccccc4c4ccccc43)c2)cc1-c1ccc(N(c2ccccc2)c2ccccc2)cc1,VGZCCKYHTQPPPS-UHFFFAOYSA-N,,DOI: 10.1021/acsami.7b10202,toluene,1,2.775844117209579,2.775844117209579,0.0,2.775844117209579,2.775844117209579,0.0,2.775844117209579,general_only,C1CCC(C(C2CCCCC2)C2CCC(C3CCCC(C4CC(C5C6CCCCC6C6CCCCC65)CC(C5C6CCCCC6C6CCCCC65)C4)C3)CC2)CC1,c1ccc(N(c2ccccc2)c2ccc(-c3cccc(-c4cc(-n5c6ccccc6c6ccccc65)cc(-n5c6ccccc6c6ccccc65)c4)c3)cc2)cc1,outside_MR_TADF,outside_CzBN_domain,outside_CzBN_domain
E00_133_01110,N#Cc1cc(C#N)c(-c2ccc(N(c3ccccc3)c3ccccc3)cc2)cc1-c1ccc(N(c2ccccc2)c2ccccc2)cc1,HURNOCFJTQUGFF-UHFFFAOYSA-N,,DOI: 10.1021/acsami.7b10202,toluene,1,2.8733944173078356,2.8733944173078356,0.0,2.8733944173078356,2.8733944173078356,0.0,2.8733944173078356,general_only,C1CCC(C(C2CCCCC2)C2CCC(C3CCCC(C4CCC(C(C5CCCCC5)C5CCCCC5)CC4)C3)CC2)CC1,c1ccc(N(c2ccccc2)c2ccc(-c3cccc(-c4ccc(N(c5ccccc5)c5ccccc5)cc4)c3)cc2)cc1,outside_MR_TADF,outside_CzBN_domain,outside_CzBN_domain
E00_133_01111,N#Cc1cc(C#N)c(-n2c3ccccc3c3ccccc32)cc1-n1c2ccccc2c2ccccc21,JTRGDXFJESRCEN-UHFFFAOYSA-N,,10.1021/acs.jpcc.9b08478,toluene,1,3.023392777215011,3.023392777215011,0.0,3.023392777215011,3.023392777215011,0.0,3.023392777215011,general_only,C1CC(C2C3CCCCC3C3CCCCC32)CC(C2C3CCCCC3C3CCCCC32)C1,c1cc(-n2c3ccccc3c3ccccc32)cc(-n2c3ccccc3c3ccccc32)c1,outside_MR_TADF,outside_CzBN_domain,outside_CzBN_domain
E00_133_01112,N#Cc1cc(N2c3ccccc3Oc3ccccc32)cc(N2c3ccccc3Oc3ccccc32)c1,UBMWRSXRTSGFJR-UHFFFAOYSA-N,,DOI: 10.1021/acs.jpcc.8b11144,toluene,1,3.015837104072398,3.015837104072398,0.0,3.015837104072398,3.015837104072398,0.0,3.015837104072398,general_only,C1CCC2C(C1)CC1CCCCC1C2C1CCCC(C2C3CCCCC3CC3CCCCC32)C1,c1cc(N2c3ccccc3Oc3ccccc32)cc(N2c3ccccc3Oc3ccccc32)c1,outside_MR_TADF,outside_CzBN_domain,outside_CzBN_domain
E00_133_01113,N#Cc1cc(N2c3ccccc3Sc3ccccc32)cc(N2c3ccccc3Sc3ccccc32)c1,GBLNHRGRPJTDGJ-UHFFFAOYSA-N,,DOI: 10.1021/acs.jpcc.8b11144,toluene,1,2.9642965928375613,2.9642965928375613,0.0,2.9642965928375613,2.9642965928375613,0.0,2.9642965928375613,general_only,C1CCC2C(C1)CC1CCCCC1C2C1CCCC(C2C3CCCCC3CC3CCCCC32)C1,c1cc(N2c3ccccc3Sc3ccccc32)cc(N2c3ccccc3Sc3ccccc32)c1,outside_MR_TADF,outside_CzBN_domain,outside_CzBN_domain
E00_133_01114,N#Cc1cc2ccc(cc2)c2cccc3cccc(c4ccc(cc4)cc(C#N)c4ccc(cc4)c4cccc5cccc(c6ccc1cc6)c54)c32,WWBKGIPPEBLSHB-UHFFFAOYSA-N,,https://doi.org/10.1002/chem.201404745,toluene,1,3.0214285714285714,3.0214285714285714,0.0,3.0214285714285714,3.0214285714285714,0.0,3.0214285714285714,general_only,C1CC2CCCC3C4CCC(CCC5CCC(CC5)C5CCCC6CCCC(C7CCC(CCC8CCC(CC8)C(C1)C23)CC7)C65)CC4,c1cc2cccc3c4ccc(ccc5ccc(cc5)c5cccc6cccc(c7ccc(ccc8ccc(cc8)c(c1)c23)cc7)c65)cc4,outside_MR_TADF,outside_CzBN_domain,outside_CzBN_domain
E00_133_01115,N#Cc1cc2nc3c(nc2cc1C#N)C1c2ccc(N(c4ccccc4)c4ccccc4)cc2C3c2ccc(N(c3ccccc3)c3ccccc3)cc21,UUYVWZLHMMWHEO-UHFFFAOYSA-N,,DOI: 10.1021/jacs.5b07932,toluene,1,2.599378881987578,2.599378881987578,0.0,2.599378881987578,2.599378881987578,0.0,2.599378881987578,general_only,C1CCC(C(C2CCCCC2)C2CCC3C(C2)C2C4CCC(C(C5CCCCC5)C5CCCCC5)CC4C3C3CC4CCCCC4CC32)CC1,c1ccc(N(c2ccccc2)c2ccc3c(c2)C2c4ccc(N(c5ccccc5)c5ccccc5)cc4C3c3nc4ccccc4nc32)cc1,outside_MR_TADF,outside_CzBN_domain,outside_CzBN_domain
E00_133_01116,N#Cc1ccc(-n2c3ccccc3c3c2c2ccccc2n3-c2ccccc2)cc1,INKTYXLQHACCNN-UHFFFAOYSA-N,,DOI: 10.1021/acsami.7b13158,toluene,1,3.074845585563764,3.074845585563764,0.0,3.074845585563764,3.074845585563764,0.0,3.074845585563764,general_only,C1CCC(C2C3CCCCC3C3C(C4CCCCC4)C4CCCCC4C23)CC1,c1ccc(-n2c3ccccc3c3c2c2ccccc2n3-c2ccccc2)cc1,outside_MR_TADF,outside_CzBN_domain,outside_CzBN_domain
E00_133_01117,N#Cc1ccc(C#Cc2ccc3ccc4ccc(C#Cc5ccc(C#N)cc5)c5ccc2c3c45)cc1,BGEZJZONENXSJW-UHFFFAOYSA-N,,10.1021/jo900588e,toluene,1,2.8864734299516908,2.8864734299516908,0.0,2.8864734299516908,2.8864734299516908,0.0,2.8864734299516908,general_only,C1CCC(CCC2CCC3CCC4CCC(CCC5CCCCC5)C5CCC2C3C45)CC1,C(#Cc1ccc2ccc3ccc(C#Cc4ccccc4)c4ccc1c2c34)c1ccccc1,outside_MR_TADF,outside_CzBN_domain,outside_CzBN_domain
E00_133_01118,N#Cc1ccc(N(c2ccc(C#N)cc2)c2ccc3c4cccc5c(N(c6ccc(C#N)cc6)c6ccc(C#N)cc6)ccc(c6cccc2c63)c54)cc1,CPVNRWVVNSMJEE-UHFFFAOYSA-N,,DOI: 10.1021/acs.joc.9b01849,toluene,1,2.5832998361881545,2.5832998361881545,0.0,2.5832998361881545,2.5832998361881545,0.0,2.5832998361881545,general_only,C1CCC(C(C2CCCCC2)C2CCC3C4CCCC5C(C(C6CCCCC6)C6CCCCC6)CCC(C6CCCC2C63)C54)CC1,c1ccc(N(c2ccccc2)c2ccc3c4cccc5c(N(c6ccccc6)c6ccccc6)ccc(c6cccc2c63)c54)cc1,outside_MR_TADF,outside_CzBN_domain,outside_CzBN_domain
E00_133_01119,N#Cc1ccc(N)c2nonc12,WCSKIVAPXXHUEN-UHFFFAOYSA-N,,DOI: 10.1021/acs.joc.7b00939,toluene,1,2.6879151048479164,2.6879151048479164,0.0,2.6879151048479164,2.6879151048479164,0.0,2.6879151048479164,general_only,C1CCC2CCCC2C1,c1ccc2nonc2c1,outside_MR_TADF,outside_CzBN_domain,outside_CzBN_domain
E00_133_01120,N#Cc1ccc(N2c3ccccc3C(c3ccccc3)(c3ccccc3)c3ccccc32)cc1,PNNMAMPGSVIURJ-UHFFFAOYSA-N,,10.1246/cl.160814,toluene,1,3.2099617672047582,3.2099617672047582,0.0,3.2099617672047582,3.2099617672047582,0.0,3.2099617672047582,general_only,C1CCC(C2C3CCCCC3C(C3CCCCC3)(C3CCCCC3)C3CCCCC23)CC1,c1ccc(N2c3ccccc3C(c3ccccc3)(c3ccccc3)c3ccccc32)cc1,outside_MR_TADF,outside_CzBN_domain,outside_CzBN_domain
E00_133_01121,N#Cc1ccc2c(c1)C1(c3cc(C#N)ccc3-2)c2ccccc2N(c2ccccc2)c2ccccc21,UFYQLXOGDWQBGQ-UHFFFAOYSA-N,,10.1002/adom.201901150,toluene,1,3.13662754080702,3.13662754080702,0.0,3.13662754080702,3.13662754080702,0.0,3.13662754080702,general_only,C1CCC(C2C3CCCCC3C3(C4CCCCC4C4CCCCC43)C3CCCCC23)CC1,c1ccc(N2c3ccccc3C3(c4ccccc4-c4ccccc43)c3ccccc32)cc1,outside_MR_TADF,outside_CzBN_domain,outside_CzBN_domain
E00_133_01122,N#Cc1ccc2c(c1)CCc1nc(-c3ccc([N+](=O)[O-])cc3)c3c(c1-2)CCc1cc(C#N)ccc1-3,GLKZLVKJOQVEOI-UHFFFAOYSA-N,,http://dx.doi.org/10.1016/j.dyepig.2016.07.109,toluene,1,3.207128707658491,3.207128707658491,0.0,3.207128707658491,3.207128707658491,0.0,3.207128707658491,general_only,C1CCC(C2CC3CCC4CCCCC4C3C3CCC4CCCCC4C23)CC1,c1ccc(-c2nc3c(c4c2-c2ccccc2CC4)-c2ccccc2CC3)cc1,outside_MR_TADF,outside_CzBN_domain,outside_CzBN_domain
E00_133_01123,N#Cc1cccc(C#N)c1-c1ccc(N2c3ccccc3C3(c4ccccc42)c2ccccc2N(c2ccc(-c4c(C#N)cccc4C#N)cc2)c2ccccc23)cc1,HNCJDPLDTIGWPM-UHFFFAOYSA-N,,10.1021/acs.chemmater.7b02403,toluene,1,2.9439978580649835,2.9439978580649835,0.0,2.9439978580649835,2.9439978580649835,0.0,2.9439978580649835,general_only,C1CCC(C2CCC(C3C4CCCCC4C4(C5CCCCC35)C3CCCCC3C(C3CCC(C5CCCCC5)CC3)C3CCCCC34)CC2)CC1,c1ccc(-c2ccc(N3c4ccccc4C4(c5ccccc53)c3ccccc3N(c3ccc(-c5ccccc5)cc3)c3ccccc34)cc2)cc1,outside_MR_TADF,outside_CzBN_domain,outside_CzBN_domain
E00_133_01124,N#Cc1cccc(N2c3ccccc3C(c3ccccc3)(c3ccccc3)c3ccccc32)c1,OOIMKDNPQMRLFO-UHFFFAOYSA-N,,10.1246/cl.160814,toluene,1,3.614969261295254,3.614969261295254,0.0,3.614969261295254,3.614969261295254,0.0,3.614969261295254,general_only,C1CCC(C2C3CCCCC3C(C3CCCCC3)(C3CCCCC3)C3CCCCC23)CC1,c1ccc(N2c3ccccc3C(c3ccccc3)(c3ccccc3)c3ccccc32)cc1,outside_MR_TADF,outside_CzBN_domain,outside_CzBN_domain
E00_133_01125,N#Cc1ccccc1N1c2ccccc2C(c2ccccc2)(c2ccccc2)c2ccccc21,SBBLZDHSZIBQNI-UHFFFAOYSA-N,,10.1246/cl.160814,toluene,1,3.1474687253178426,3.1474687253178426,0.0,3.1474687253178426,3.1474687253178426,0.0,3.1474687253178426,general_only,C1CCC(C2C3CCCCC3C(C3CCCCC3)(C3CCCCC3)C3CCCCC23)CC1,c1ccc(N2c3ccccc3C(c3ccccc3)(c3ccccc3)c3ccccc32)cc1,outside_MR_TADF,outside_CzBN_domain,outside_CzBN_domain
E00_133_01126,N#Cc1nc(-n2c3ccccc3c3ccccc32)cc(-n2c3ccccc3c3ccccc32)n1,OLFSKURXNONNPB-UHFFFAOYSA-N,,DOI: 10.1021/acsami.8b02766,toluene,1,2.8680702265607927,2.8680702265607927,0.0,2.8680702265607927,2.8680702265607927,0.0,2.8680702265607927,general_only,C1CC(C2C3CCCCC3C3CCCCC32)CC(C2C3CCCCC3C3CCCCC32)C1,c1ccc2c(c1)c1ccccc1n2-c1cc(-n2c3ccccc3c3ccccc32)ncn1,outside_MR_TADF,outside_CzBN_domain,outside_CzBN_domain
E00_133_01127,N#Cc1nc2c(nc1C#N)C1c3ccc(N(c4ccccc4)c4ccccc4)cc3C2c2ccc(N(c3ccccc3)c3ccccc3)cc21,LVADYFDFNGUUAD-UHFFFAOYSA-N,,DOI: 10.1021/jacs.5b07932,toluene,1,2.729589188475005,2.729589188475005,0.0,2.729589188475005,2.729589188475005,0.0,2.729589188475005,general_only,C1CCC(C(C2CCCCC2)C2CCC3C(C2)C2C4CCCCC4C3C3CC(C(C4CCCCC4)C4CCCCC4)CCC32)CC1,c1ccc(N(c2ccccc2)c2ccc3c(c2)C2c4ccc(N(c5ccccc5)c5ccccc5)cc4C3c3nccnc32)cc1,outside_MR_TADF,outside_CzBN_domain,outside_CzBN_domain
E00_133_01128,N#Cc1nc2c3ccc(-c4ccc(-n5c6ccccc6c6ccccc65)cc4)cc3c3cc(-c4ccc(-n5c6ccccc6c6ccccc65)cc4)ccc3c2nc1C#N,JSUUTYYFIOFPJP-UHFFFAOYSA-N,,DOI: 10.1021/acsami.6b14796,toluene,1,2.6755612808244384,2.6755612808244384,0.0,2.6755612808244384,2.6755612808244384,0.0,2.6755612808244384,general_only,C1CCC2C(C1)C1CCC(C3CCC(C4C5CCCCC5C5CCCCC54)CC3)CC1C1CC(C3CCC(C4C5CCCCC5C5CCCCC54)CC3)CCC21,c1ccc2c(c1)c1ccccc1n2-c1ccc(-c2ccc3c(c2)c2cc(-c4ccc(-n5c6ccccc6c6ccccc65)cc4)ccc2c2nccnc32)cc1,outside_MR_TADF,outside_CzBN_domain,outside_CzBN_domain
E00_133_01129,N#Cc1nc2c3ccc(-c4ccc(N(c5ccccc5)c5ccccc5)cc4)cc3c3cc(-c4ccc(N(c5ccccc5)c5ccccc5)cc4)ccc3c2nc1C#N,WVSUMKLEIJMDDH-UHFFFAOYSA-N,,DOI: 10.1021/acsami.6b14796,toluene,1,2.4022478556640046,2.4022478556640046,0.0,2.4022478556640046,2.4022478556640046,0.0,2.4022478556640046,general_only,C1CCC(C(C2CCCCC2)C2CCC(C3CCC4C5CCCCC5C5CCC(C6CCC(C(C7CCCCC7)C7CCCCC7)CC6)CC5C4C3)CC2)CC1,c1ccc(N(c2ccccc2)c2ccc(-c3ccc4c(c3)c3cc(-c5ccc(N(c6ccccc6)c6ccccc6)cc5)ccc3c3nccnc43)cc2)cc1,outside_MR_TADF,outside_CzBN_domain,outside_CzBN_domain
E00_133_01130,N#Cc1nc2c3ccc(-n4c5ccccc5c5ccccc54)cc3c3cc(-n4c5ccccc5c5ccccc54)ccc3c2nc1C#N,DYZKYUOMLNACMA-UHFFFAOYSA-N,,DOI: 10.1021/acsami.6b14796,toluene,1,2.570323218379051,2.570323218379051,0.0,2.570323218379051,2.570323218379051,0.0,2.570323218379051,general_only,C1CCC2C(C1)C1CCC(C3C4CCCCC4C4CCCCC43)CC1C1CC(C3C4CCCCC4C4CCCCC43)CCC21,c1ccc2c(c1)c1ccccc1n2-c1ccc2c(c1)c1cc(-n3c4ccccc4c4ccccc43)ccc1c1nccnc21,outside_MR_TADF,outside_CzBN_domain,outside_CzBN_domain
E00_133_01131,N#Cc1nc2c3ccc(N(c4ccccc4)c4ccccc4)cc3c3cc(N(c4ccccc4)c4ccccc4)ccc3c2nc1C#N,ONHLRRTXXUGKIY-UHFFFAOYSA-N,,DOI: 10.1021/acsami.6b14796,toluene,1,2.42587846342832,2.42587846342832,0.0,2.42587846342832,2.42587846342832,0.0,2.42587846342832,general_only,C1CCC(C(C2CCCCC2)C2CCC3C4CCCCC4C4CCC(C(C5CCCCC5)C5CCCCC5)CC4C3C2)CC1,c1ccc(N(c2ccccc2)c2ccc3c(c2)c2cc(N(c4ccccc4)c4ccccc4)ccc2c2nccnc32)cc1,outside_MR_TADF,outside_CzBN_domain,outside_CzBN_domain
E00_133_01132,Nc1ccc(-c2ccc(N)cc2)cc1,HFACYLZERDEVSX-UHFFFAOYSA-N,,http://dx.doi.org/10.1016/j.jphotochem.2015.12.006,toluene,1,3.6713151684187944,3.6713151684187944,0.0,3.6713151684187944,3.6713151684187944,0.0,3.6713151684187944,general_only,C1CCC(C2CCCCC2)CC1,c1ccc(-c2ccccc2)cc1,outside_MR_TADF,outside_CzBN_domain,outside_CzBN_domain
E00_133_01133,Nc1ccc(-c2ccc3c(c2)C(=O)c2ccccc2C3=O)cc1,RHDSZQLYAGSUND-UHFFFAOYSA-N,,http://dx.doi.org/10.1016/j.dyepig.2017.05.024,toluene,1,2.521868982276616,2.521868982276616,0.0,2.521868982276616,2.521868982276616,0.0,2.521868982276616,general_only,CC1C2CCCCC2C(C)C2CC(C3CCCCC3)CCC12,O=C1c2ccccc2C(=O)c2cc(-c3ccccc3)ccc21,outside_MR_TADF,outside_CzBN_domain,outside_CzBN_domain
E00_133_01134,Nc1ccc(C#Cc2ccc3ccc4ccc(C#Cc5ccc(N)cc5)c5ccc2c3c45)cc1,OAGIADADNSNKQI-UHFFFAOYSA-N,,10.1021/jo900588e,toluene,1,2.8259034241289473,2.8259034241289473,0.0,2.8259034241289473,2.8259034241289473,0.0,2.8259034241289473,general_only,C1CCC(CCC2CCC3CCC4CCC(CCC5CCCCC5)C5CCC2C3C45)CC1,C(#Cc1ccc2ccc3ccc(C#Cc4ccccc4)c4ccc1c2c34)c1ccccc1,outside_MR_TADF,outside_CzBN_domain,outside_CzBN_domain
E00_133_01135,Nc1ccc2c(c1)C(=O)N(C13C[C@H]4C[C@@H](C1)C[C@@H](C3)C4)C2=O,CMEROZDRJVJHKQ-CBXXWYHKSA-N,,https://doi.org/10.1016/j.snb.2019.01.102,toluene,1,3.1882446074230124,3.1882446074230124,0.0,3.1882446074230124,3.1882446074230124,0.0,3.1882446074230124,general_only,CC1C2CCCCC2C(C)C1C12CC3CC(CC(C3)C1)C2,O=C1c2ccccc2C(=O)N1C12C[C@H]3C[C@@H](C1)C[C@@H](C2)C3,outside_MR_TADF,outside_CzBN_domain,outside_CzBN_domain
E00_133_01136,Nc1ccc2c3c(cccc13)C(=O)c1ccccc1-2,ZXPXRBDYCANCCU-UHFFFAOYSA-N,,10.1021/jp035610a,toluene,1,2.434120000002939,2.434120000002939,0.0,2.434120000002939,2.434120000002939,0.0,2.434120000002939,general_only,CC1C2CCCCC2C2CCCC3CCCC1C32,O=C1c2ccccc2-c2cccc3cccc1c23,outside_MR_TADF,outside_CzBN_domain,outside_CzBN_domain
E00_133_01137,Nc1cccc2cccc(N)c12,YFOOEYJGMMJJLS-UHFFFAOYSA-N,,https://doi.org/10.1007/s10895-019-02361-9,toluene,1,3.394748963611239,3.394748963611239,0.0,3.394748963611239,3.394748963611239,0.0,3.394748963611239,general_only,C1CCC2CCCCC2C1,c1ccc2ccccc2c1,outside_MR_TADF,outside_CzBN_domain,outside_CzBN_domain
E00_133_01138,Nc1nc(/C=C/c2ccc(N(c3ccccc3)c3ccccc3)cc2)cc(/C=C/c2ccc(N(c3ccccc3)c3ccccc3)cc2)n1,OBDPHFLGWBKJKW-GPAWKIAZSA-N,,https://doi.org/10.1016/j.tetlet.2007.06.122,toluene,1,2.8144336778970827,2.8144336778970827,0.0,2.8144336778970827,2.8144336778970827,0.0,2.8144336778970827,general_only,C1CCC(C(C2CCCCC2)C2CCC(CCC3CCCC(CCC4CCC(C(C5CCCCC5)C5CCCCC5)CC4)C3)CC2)CC1,C(=C/c1cc(/C=C/c2ccc(N(c3ccccc3)c3ccccc3)cc2)ncn1)\c1ccc(N(c2ccccc2)c2ccccc2)cc1,outside_MR_TADF,outside_CzBN_domain,outside_CzBN_domain
E00_133_01139,O=C(/C=C(\O)c1ccc(N2c3ccccc3Oc3ccccc32)cc1)c1ccc(N2c3ccccc3Oc3ccccc32)cc1,PDLHYUYBOHDHGO-NQUVTRGKSA-N,,DOI: 10.1021/jacs.8b04795,toluene,1,2.449666735381021,2.449666735381021,0.0,2.449666735381021,2.449666735381021,0.0,2.449666735381021,general_only,CC(CCC1CCC(C2C3CCCCC3CC3CCCCC32)CC1)C1CCC(C2C3CCCCC3CC3CCCCC32)CC1,O=C(C=Cc1ccc(N2c3ccccc3Oc3ccccc32)cc1)c1ccc(N2c3ccccc3Oc3ccccc32)cc1,outside_MR_TADF,outside_CzBN_domain,outside_CzBN_domain
E00_133_01140,O=C(/C=C/c1cn(-c2ccccc2)nc1-c1ccccc1)c1c(O)c2ccccc2oc1=O,HIDKPPWKNWVONP-FOCLMDBBSA-N,,https://doi.org/10.1016/j.dyepig.2015.11.014,toluene,1,2.807559087204564,2.807559087204564,0.0,2.807559087204564,2.807559087204564,0.0,2.807559087204564,general_only,CC1CC2CCCCC2CC1C(C)CCC1CC(C2CCCCC2)CC1C1CCCCC1,O=C(/C=C/c1cn(-c2ccccc2)nc1-c1ccccc1)c1cc2ccccc2oc1=O,outside_MR_TADF,outside_CzBN_domain,outside_CzBN_domain
E00_133_01141,O=C(O)c1ccc2ccc3cccc4ccc1c2c34,HYISVWRHTUCNCS-UHFFFAOYSA-N,,doi:10.1016/j.tet.2012.05.072,toluene,1,3.2046693022758843,3.2046693022758843,0.0,3.2046693022758843,3.2046693022758843,0.0,3.2046693022758843,general_only,C1CC2CCC3CCCC4CCC(C1)C2C34,c1cc2ccc3cccc4ccc(c1)c2c34,outside_MR_TADF,outside_CzBN_domain,outside_CzBN_domain
E00_133_01142,O=C(c1ccc(-n2c3ccc(-c4ccccc4)cc3c3cc(-c4ccccc4)ccc32)cc1)c1ccc(-n2c3ccc(-c4ccccc4)cc3c3cc(-c4ccccc4)ccc32)cc1,KOPHQWPPDCXHIJ-UHFFFAOYSA-N,,https://doi.org/10.1002/adfm.201707002,toluene,1,3.0912007898309266,3.0912007898309266,0.0,3.0912007898309266,3.0912007898309266,0.0,3.0912007898309266,general_only,CC(C1CCC(C2C3CCC(C4CCCCC4)CC3C3CC(C4CCCCC4)CCC32)CC1)C1CCC(C2C3CCC(C4CCCCC4)CC3C3CC(C4CCCCC4)CCC32)CC1,O=C(c1ccc(-n2c3ccc(-c4ccccc4)cc3c3cc(-c4ccccc4)ccc32)cc1)c1ccc(-n2c3ccc(-c4ccccc4)cc3c3cc(-c4ccccc4)ccc32)cc1,outside_MR_TADF,outside_CzBN_domain,outside_CzBN_domain
E00_133_01143,O=C(c1ccc(-n2c3ccccc3c3cc(-n4c5ccccc5c5ccccc54)ccc32)cc1)c1ccc(-n2c3ccccc3c3cc(-n4c5ccccc5c5ccccc54)ccc32)cn1,DKUUJCWBEVPVSK-UHFFFAOYSA-N,,10.1002/anie.201402992,toluene,1,3.1390927912667044,3.1390927912667044,0.0,3.1390927912667044,3.1390927912667044,0.0,3.1390927912667044,general_only,CC(C1CCC(C2C3CCCCC3C3CC(C4C5CCCCC5C5CCCCC54)CCC32)CC1)C1CCC(C2C3CCCCC3C3CC(C4C5CCCCC5C5CCCCC54)CCC32)CC1,O=C(c1ccc(-n2c3ccccc3c3cc(-n4c5ccccc5c5ccccc54)ccc32)cc1)c1ccc(-n2c3ccccc3c3cc(-n4c5ccccc5c5ccccc54)ccc32)cn1,outside_MR_TADF,outside_CzBN_domain,outside_CzBN_domain
E00_133_01144,O=C(c1ccc(-n2c3ccccc3c3ccccc32)cc1)c1ccc(-n2c3ccccc3c3ccccc32)cc1,ZZMKXHRMEOFJOO-UHFFFAOYSA-N,,10.1002/anie.201402992,toluene,1,3.239054525919957,3.239054525919957,0.0,3.239054525919957,3.239054525919957,0.0,3.239054525919957,general_only,CC(C1CCC(C2C3CCCCC3C3CCCCC32)CC1)C1CCC(C2C3CCCCC3C3CCCCC32)CC1,O=C(c1ccc(-n2c3ccccc3c3ccccc32)cc1)c1ccc(-n2c3ccccc3c3ccccc32)cc1,outside_MR_TADF,outside_CzBN_domain,outside_CzBN_domain
E00_133_01145,O=C(c1ccc(C(=O)c2ccc(N3c4ccccc4Oc4ccccc43)cc2)cc1)c1ccc(N2c3ccccc3Oc3ccccc32)cc1,CMPGSQUCKNQHCM-UHFFFAOYSA-N,,10.1002/anie.201402992,toluene,1,2.492156862745098,2.492156862745098,0.0,2.492156862745098,2.492156862745098,0.0,2.492156862745098,general_only,CC(C1CCC(C(C)C2CCC(C3C4CCCCC4CC4CCCCC43)CC2)CC1)C1CCC(C2C3CCCCC3CC3CCCCC32)CC1,O=C(c1ccc(C(=O)c2ccc(N3c4ccccc4Oc4ccccc43)cc2)cc1)c1ccc(N2c3ccccc3Oc3ccccc32)cc1,outside_MR_TADF,outside_CzBN_domain,outside_CzBN_domain
E00_133_01146,O=C(c1ccc(N2c3ccccc3Oc3ccccc32)cc1)c1ccc(N2c3ccccc3Oc3ccccc32)cc1,GXAXXCSWPANWPQ-UHFFFAOYSA-N,,10.1002/anie.201402992,toluene,1,2.7192853099416316,2.7192853099416316,0.0,2.7192853099416316,2.7192853099416316,0.0,2.7192853099416316,general_only,CC(C1CCC(C2C3CCCCC3CC3CCCCC32)CC1)C1CCC(C2C3CCCCC3CC3CCCCC32)CC1,O=C(c1ccc(N2c3ccccc3Oc3ccccc32)cc1)c1ccc(N2c3ccccc3Oc3ccccc32)cc1,outside_MR_TADF,outside_CzBN_domain,outside_CzBN_domain
E00_133_01147,O=C(c1ccc(N2c3ccccc3Oc3ccccc32)cc1)c1cccc(C(=O)c2ccc(N3c4ccccc4Oc4ccccc43)cc2)c1,HPBARVRVPBVXFH-UHFFFAOYSA-N,,10.1002/anie.201402992,toluene,1,2.585790975808644,2.585790975808644,0.0,2.585790975808644,2.585790975808644,0.0,2.585790975808644,general_only,CC(C1CCC(C2C3CCCCC3CC3CCCCC32)CC1)C1CCCC(C(C)C2CCC(C3C4CCCCC4CC4CCCCC43)CC2)C1,O=C(c1ccc(N2c3ccccc3Oc3ccccc32)cc1)c1cccc(C(=O)c2ccc(N3c4ccccc4Oc4ccccc43)cc2)c1,outside_MR_TADF,outside_CzBN_domain,outside_CzBN_domain
E00_133_01148,O=C(c1ccc(N2c3ccccc3[Si](c3ccccc3)(c3ccccc3)c3ccccc32)cc1)c1ccc(N2c3ccccc3[Si](c3ccccc3)(c3ccccc3)c3ccccc32)cc1,NKKMDQNKAGDNOE-UHFFFAOYSA-N,,10.1039/C6TC04653C,toluene,1,3.161429808255199,3.161429808255199,0.0,3.161429808255199,3.161429808255199,0.0,3.161429808255199,general_only,CC(C1CCC(C2C3CCCCC3C(C3CCCCC3)(C3CCCCC3)C3CCCCC23)CC1)C1CCC(C2C3CCCCC3C(C3CCCCC3)(C3CCCCC3)C3CCCCC23)CC1,O=C(c1ccc(N2c3ccccc3[Si](c3ccccc3)(c3ccccc3)c3ccccc32)cc1)c1ccc(N2c3ccccc3[Si](c3ccccc3)(c3ccccc3)c3ccccc32)cc1,outside_MR_TADF,outside_CzBN_domain,outside_CzBN_domain
E00_133_01149,O=C(c1ccccc1)c1cc2ccc1CCc1ccc(c(-c3ccc(N(c4ccccc4)c4ccccc4)cc3)c1)CC2,AWZNYCNKVTVGJU-UHFFFAOYSA-N,,10.1039/C8CC04594A,toluene,1,3.34981684981685,3.34981684981685,0.0,3.34981684981685,3.34981684981685,0.0,3.34981684981685,general_only,CC(C1CCCCC1)C1CC2CCC3CCC(CCC1CC2)CC3C1CCC(C(C2CCCCC2)C2CCCCC2)CC1,O=C(c1ccccc1)c1cc2ccc1CCc1ccc(c(-c3ccc(N(c4ccccc4)c4ccccc4)cc3)c1)CC2,outside_MR_TADF,outside_CzBN_domain,outside_CzBN_domain
E00_133_01150,O=C(c1ccccc1)c1cc2ccc1CCc1ccc(cc1-c1ccc(N(c3ccccc3)c3ccccc3)cc1)CC2,ZSDCOJYTOPQNRK-UHFFFAOYSA-N,,10.1039/C8CC04594A,toluene,1,3.253731733458814,3.253731733458814,0.0,3.253731733458814,3.253731733458814,0.0,3.253731733458814,general_only,CC(C1CCCCC1)C1CC2CCC3CCC(CCC1CC2)C(C1CCC(C(C2CCCCC2)C2CCCCC2)CC1)C3,O=C(c1ccccc1)c1cc2ccc1CCc1ccc(cc1-c1ccc(N(c3ccccc3)c3ccccc3)cc1)CC2,outside_MR_TADF,outside_CzBN_domain,outside_CzBN_domain
E00_133_01151,O=C(c1ccccc1)c1ccc(-n2c3ccccc3c3c2c2ccccc2n3-c2ccccc2)cc1,ORYMUYAGQLCYLS-UHFFFAOYSA-N,,DOI: 10.1021/acsami.7b13158,toluene,1,2.9241512677266868,2.9241512677266868,0.0,2.9241512677266868,2.9241512677266868,0.0,2.9241512677266868,general_only,CC(C1CCCCC1)C1CCC(C2C3CCCCC3C3C(C4CCCCC4)C4CCCCC4C23)CC1,O=C(c1ccccc1)c1ccc(-n2c3ccccc3c3c2c2ccccc2n3-c2ccccc2)cc1,outside_MR_TADF,outside_CzBN_domain,outside_CzBN_domain
E00_133_01152,O=C(c1ccncc1)c1cc(-n2c3ccccc3c3ccccc32)ccc1-n1c2ccccc2c2ccccc21,PJBNUMKDKQMUMD-UHFFFAOYSA-N,,DOI: 10.1021/jacs.5b10950,toluene,1,2.8153061224489795,2.8153061224489795,0.0,2.8153061224489795,2.8153061224489795,0.0,2.8153061224489795,general_only,CC(C1CCCCC1)C1CC(C2C3CCCCC3C3CCCCC32)CCC1C1C2CCCCC2C2CCCCC21,O=C(c1ccncc1)c1cc(-n2c3ccccc3c3ccccc32)ccc1-n1c2ccccc2c2ccccc21,outside_MR_TADF,outside_CzBN_domain,outside_CzBN_domain
E00_133_01153,O=C(c1ccncc1)c1ccc(-n2c3ccc(-n4c5ccccc5c5ccccc54)cc3c3cc(-n4c5ccccc5c5ccccc54)ccc32)cc1,DCKNSCKMCGNRCY-UHFFFAOYSA-N,,10.1021/acsami.6b10678,toluene,1,3.010553927834806,3.010553927834806,0.0,3.010553927834806,3.010553927834806,0.0,3.010553927834806,general_only,CC(C1CCCCC1)C1CCC(C2C3CCC(C4C5CCCCC5C5CCCCC54)CC3C3CC(C4C5CCCCC5C5CCCCC54)CCC32)CC1,O=C(c1ccncc1)c1ccc(-n2c3ccc(-n4c5ccccc5c5ccccc54)cc3c3cc(-n4c5ccccc5c5ccccc54)ccc32)cc1,outside_MR_TADF,outside_CzBN_domain,outside_CzBN_domain
E00_133_01154,O=C(c1ccncc1)c1ccc(-n2c3ccccc3c3cc(-n4c5ccccc5c5ccccc54)ccc32)cc1,HMOAKYZMPYWUBU-UHFFFAOYSA-N,,10.1021/acsami.6b10678,toluene,1,3.004373848987109,3.004373848987109,0.0,3.004373848987109,3.004373848987109,0.0,3.004373848987109,general_only,CC(C1CCCCC1)C1CCC(C2C3CCCCC3C3CC(C4C5CCCCC5C5CCCCC54)CCC32)CC1,O=C(c1ccncc1)c1ccc(-n2c3ccccc3c3cc(-n4c5ccccc5c5ccccc54)ccc32)cc1,outside_MR_TADF,outside_CzBN_domain,outside_CzBN_domain
E00_133_01155,O=C(c1ccncc1)c1ccc(-n2c3ccccc3c3ccccc32)cc1,PMUWWHFYHWJYQI-UHFFFAOYSA-N,,10.1021/acsami.6b10678,toluene,1,3.136110407698151,3.136110407698151,0.0,3.136110407698151,3.136110407698151,0.0,3.136110407698151,general_only,CC(C1CCCCC1)C1CCC(C2C3CCCCC3C3CCCCC32)CC1,O=C(c1ccncc1)c1ccc(-n2c3ccccc3c3ccccc32)cc1,outside_MR_TADF,outside_CzBN_domain,outside_CzBN_domain
E00_133_01156,O=C1/C(=C/C=C/c2cc3c4c(c2)CCCN4CCC3)CC/C1=C\C=C\c1cc2c3c(c1)CCCN3CCC2,DAYMSPXETCHYKE-DQNBWUMMSA-N,,http://dx.doi.org/10.1016/j.molstruc.2016.02.009,toluene,1,2.282144540984711,2.282144540984711,0.0,2.282144540984711,2.282144540984711,0.0,2.282144540984711,general_only,CC1C(CCCC2CC3CCCC4CCCC(C2)C43)CCC1CCCC1CC2CCCC3CCCC(C1)C32,O=C1/C(=C/C=C/c2cc3c4c(c2)CCCN4CCC3)CC/C1=C\C=C\c1cc2c3c(c1)CCCN3CCC2,outside_MR_TADF,outside_CzBN_domain,outside_CzBN_domain
E00_133_01157,O=C1/C(=C\c2ccc(N(c3ccccc3)c3ccccc3)cc2)S(=O)(=O)c2ccccc21,UEMCCWUJXKPQKB-LGUFXXKBSA-N,,https://doi.org/10.1016/j.saa.2018.05.101,toluene,1,2.334568573385553,2.334568573385553,0.0,2.334568573385553,2.334568573385553,0.0,2.334568573385553,general_only,CC1C2CCCCC2C(C)(C)C1CC1CCC(C(C2CCCCC2)C2CCCCC2)CC1,O=C1/C(=C\c2ccc(N(c3ccccc3)c3ccccc3)cc2)S(=O)(=O)c2ccccc21,outside_MR_TADF,outside_CzBN_domain,outside_CzBN_domain
E00_133_01158,O=C1/C(=C\c2ccc3oc4ccccc4c3c2)S(=O)(=O)c2ccccc21,MXXSHFVTDJRYGE-UDWIEESQSA-N,,https://doi.org/10.1016/j.saa.2018.05.101,toluene,1,3.1040588565371907,3.1040588565371907,0.0,3.1040588565371907,3.1040588565371907,0.0,3.1040588565371907,general_only,CC1C2CCCCC2C(C)(C)C1CC1CCC2CC3CCCCC3C2C1,O=C1/C(=C\c2ccc3oc4ccccc4c3c2)S(=O)(=O)c2ccccc21,outside_MR_TADF,outside_CzBN_domain,outside_CzBN_domain
E00_133_01159,O=C1NC(=O)C(c2c[nH]c3ccccc23)=C1c1c[nH]c2ccccc12,DQYBRTASHMYDJG-UHFFFAOYSA-N,,10.1021/jp051035u,toluene,1,2.51021301429822,2.51021301429822,0.0,2.51021301429822,2.51021301429822,0.0,2.51021301429822,general_only,CC1CC(C)C(C2CCC3CCCCC32)C1C1CCC2CCCCC21,O=C1NC(=O)C(c2c[nH]c3ccccc23)=C1c1c[nH]c2ccccc12,outside_MR_TADF,outside_CzBN_domain,outside_CzBN_domain
E00_133_01160,O=C1NC(=O)c2c1c1c3ccccc3[nH]c1c1[nH]c3ccccc3c21,KAJXOWFGKYKMMZ-UHFFFAOYSA-N,,10.1021/jp051035u,toluene,1,2.8911222780569514,2.8911222780569514,0.0,2.8911222780569514,2.8911222780569514,0.0,2.8911222780569514,general_only,CC1CC(C)C2C3C4CCCCC4CC3C3CC4CCCCC4C3C12,O=C1NC(=O)c2c1c1c3ccccc3[nH]c1c1[nH]c3ccccc3c21,outside_MR_TADF,outside_CzBN_domain,outside_CzBN_domain
E00_133_01161,O=C1OC(c2ccccc2)=N/C1=C\c1ccc(N(c2ccc(/C=C3\N=C(c4ccccc4)OC3=O)cc2)c2ccc(/C=C3/N=C(c4ccccc4)OC3=O)cc2)cc1,YWTDPBKJFCZLNA-LDRRBLIRSA-N,,http://dx.doi.org/10.1016/j.saa.2016.08.006,toluene,1,2.371264685213026,2.371264685213026,0.0,2.371264685213026,2.371264685213026,0.0,2.371264685213026,general_only,CC1CC(C2CCCCC2)CC1CC1CCC(C(C2CCC(CC3CC(C4CCCCC4)CC3C)CC2)C2CCC(CC3CC(C4CCCCC4)CC3C)CC2)CC1,O=C1OC(c2ccccc2)=N/C1=C\c1ccc(N(c2ccc(/C=C3\N=C(c4ccccc4)OC3=O)cc2)c2ccc(/C=C3/N=C(c4ccccc4)OC3=O)cc2)cc1,outside_MR_TADF,outside_CzBN_domain,outside_CzBN_domain
E00_133_01162,O=C1OC(c2ccccc2)=N/C1=C\c1ccc(N(c2ccccc2)c2ccccc2)cc1,CWWDDPNLXBOWAG-QOMWVZHYSA-N,,http://dx.doi.org/10.1016/j.saa.2016.08.006,toluene,1,2.4728197515356545,2.4728197515356545,0.0,2.4728197515356545,2.4728197515356545,0.0,2.4728197515356545,general_only,CC1CC(C2CCCCC2)CC1CC1CCC(C(C2CCCCC2)C2CCCCC2)CC1,O=C1OC(c2ccccc2)=N/C1=C\c1ccc(N(c2ccccc2)c2ccccc2)cc1,outside_MR_TADF,outside_CzBN_domain,outside_CzBN_domain
E00_133_01163,O=C1c2cc(-n3c4ccccc4c4ccccc43)c(-n3c4ccccc4c4ccccc43)cc2C(=O)N1c1ccccc1,YAKFAOXLWJAARC-UHFFFAOYSA-N,,https://doi.org/10.1016/j.saa.2018.10.053,toluene,1,2.8136244188397006,2.8136244188397006,0.0,2.8136244188397006,2.8136244188397006,0.0,2.8136244188397006,general_only,CC1C2CC(C3C4CCCCC4C4CCCCC43)C(C3C4CCCCC4C4CCCCC43)CC2C(C)C1C1CCCCC1,O=C1c2cc(-n3c4ccccc4c4ccccc43)c(-n3c4ccccc4c4ccccc43)cc2C(=O)N1c1ccccc1,outside_MR_TADF,outside_CzBN_domain,outside_CzBN_domain
E00_133_01164,O=C1c2cc(-n3c4ccccc4c4ccccc43)ccc2S(=O)(=O)c2ccc(-n3c4ccccc4c4ccccc43)cc21,NXOXKSRGZSEYMP-UHFFFAOYSA-N,,DOI: 10.1021/acsami.5b12559,toluene,1,2.662624731590249,2.662624731590249,0.0,2.662624731590249,2.662624731590249,0.0,2.662624731590249,general_only,CC1C2CC(C3C4CCCCC4C4CCCCC43)CCC2C(C)(C)C2CCC(C3C4CCCCC4C4CCCCC43)CC12,O=C1c2cc(-n3c4ccccc4c4ccccc43)ccc2S(=O)(=O)c2ccc(-n3c4ccccc4c4ccccc43)cc21,outside_MR_TADF,outside_CzBN_domain,outside_CzBN_domain
E00_133_01165,O=C1c2ccc(-c3ccc(N(c4ccc(-c5ccccc5)cc4)c4ccc(-c5ccccc5)cc4)cc3)cc2C(=O)c2ccc(-c3ccc(N(c4ccc(-c5ccccc5)cc4)c4ccc(-c5ccccc5)cc4)cc3)cc21,SHGACHMZKSAWAA-UHFFFAOYSA-N,,http://dx.doi.org/10.1021/ja510144h,toluene,1,2.379385964912281,2.379385964912281,0.0,2.379385964912281,2.379385964912281,0.0,2.379385964912281,general_only,CC1C2CCC(C3CCC(C(C4CCC(C5CCCCC5)CC4)C4CCC(C5CCCCC5)CC4)CC3)CC2C(C)C2CCC(C3CCC(C(C4CCC(C5CCCCC5)CC4)C4CCC(C5CCCCC5)CC4)CC3)CC12,O=C1c2ccc(-c3ccc(N(c4ccc(-c5ccccc5)cc4)c4ccc(-c5ccccc5)cc4)cc3)cc2C(=O)c2ccc(-c3ccc(N(c4ccc(-c5ccccc5)cc4)c4ccc(-c5ccccc5)cc4)cc3)cc21,outside_MR_TADF,outside_CzBN_domain,outside_CzBN_domain
E00_133_01166,O=C1c2ccc(-c3ccc(N(c4ccccc4)c4ccccc4)cc3)cc2C(=O)c2ccc(-c3ccc(N(c4ccccc4)c4ccccc4)cc3)cc21,NFOXDINRRDSYIP-UHFFFAOYSA-N,,http://dx.doi.org/10.1021/ja510144h,toluene,1,2.4041647296689024,2.4041647296689024,0.0,2.4041647296689024,2.4041647296689024,0.0,2.4041647296689024,general_only,CC1C2CCC(C3CCC(C(C4CCCCC4)C4CCCCC4)CC3)CC2C(C)C2CCC(C3CCC(C(C4CCCCC4)C4CCCCC4)CC3)CC12,O=C1c2ccc(-c3ccc(N(c4ccccc4)c4ccccc4)cc3)cc2C(=O)c2ccc(-c3ccc(N(c4ccccc4)c4ccccc4)cc3)cc21,outside_MR_TADF,outside_CzBN_domain,outside_CzBN_domain
E00_133_01167,O=C1c2ccc(N(c3ccc(-c4ccccc4)cc3)c3ccc(-c4ccccc4)cc3)cc2C(=O)c2ccc(N(c3ccc(-c4ccccc4)cc3)c3ccc(-c4ccccc4)cc3)cc21,ZETCXNCYQPLLKV-UHFFFAOYSA-N,,http://dx.doi.org/10.1021/ja510144h,toluene,1,2.321898470478592,2.321898470478592,0.0,2.321898470478592,2.321898470478592,0.0,2.321898470478592,general_only,CC1C2CCC(C(C3CCC(C4CCCCC4)CC3)C3CCC(C4CCCCC4)CC3)CC2C(C)C2CCC(C(C3CCC(C4CCCCC4)CC3)C3CCC(C4CCCCC4)CC3)CC12,O=C1c2ccc(N(c3ccc(-c4ccccc4)cc3)c3ccc(-c4ccccc4)cc3)cc2C(=O)c2ccc(N(c3ccc(-c4ccccc4)cc3)c3ccc(-c4ccccc4)cc3)cc21,outside_MR_TADF,outside_CzBN_domain,outside_CzBN_domain
E00_133_01168,O=C1c2ccc(N(c3ccccc3)c3ccccc3)cc2C(=O)c2ccc(N(c3ccccc3)c3ccccc3)cc21,TZENEWLXCXPNFX-UHFFFAOYSA-N,,http://dx.doi.org/10.1021/ja510144h,toluene,1,2.4124603018725286,2.4124603018725286,0.0,2.4124603018725286,2.4124603018725286,0.0,2.4124603018725286,general_only,CC1C2CCC(C(C3CCCCC3)C3CCCCC3)CC2C(C)C2CCC(C(C3CCCCC3)C3CCCCC3)CC12,O=C1c2ccc(N(c3ccccc3)c3ccccc3)cc2C(=O)c2ccc(N(c3ccccc3)c3ccccc3)cc21,outside_MR_TADF,outside_CzBN_domain,outside_CzBN_domain
E00_133_01169,O=C1c2cccc3c(NCc4ccccn4)c4ccccc4c(c23)C(=O)N1Cc1ccccn1,IUNVSFIIMDYBBD-UHFFFAOYSA-N,,http://dx.doi.org/10.1016/j.dyepig.2016.11.056 | https://doi.org/10.1016/j.dyepig.2016.11.056,toluene,2,2.2223286158403073,2.2223286158403073,0.0,2.2223286158403073,2.2223286158403073,0.0,2.2223286158403073,general_only,CC1C(CC2CCCCC2)C(C)C2C3CCCCC3C(CCC3CCCCC3)C3CCCC1C32,O=C1c2cccc3c(NCc4ccccn4)c4ccccc4c(c23)C(=O)N1Cc1ccccn1,outside_MR_TADF,outside_CzBN_domain,outside_CzBN_domain
E00_133_01170,O=C1c2cccc3cc4ccccc4c(c23)C(=O)N1Cc1ccccn1,KBZFSIBOBYMSKS-UHFFFAOYSA-N,,http://dx.doi.org/10.1016/j.dyepig.2016.11.056 | https://doi.org/10.1016/j.dyepig.2016.11.056,toluene,2,2.7089312486613837,2.7089312486613837,0.0,2.7089312486613837,2.7089312486613837,0.0,2.7089312486613837,general_only,CC1C(CC2CCCCC2)C(C)C2C3CCCCC3CC3CCCC1C32,O=C1c2cccc3cc4ccccc4c(c23)C(=O)N1Cc1ccccn1,outside_MR_TADF,outside_CzBN_domain,outside_CzBN_domain
E00_133_01171,O=C1c2ccccc2-c2ccc(N3CCN(c4ccccc4)CC3)c3cccc1c23,TVKKVKZKDHRSON-UHFFFAOYSA-N,,https://doi.org/10.1039/C7PP00392G,toluene,1,2.5258737969521423,2.5258737969521423,0.0,2.5258737969521423,2.5258737969521423,0.0,2.5258737969521423,general_only,CC1C2CCCCC2C2CCC(C3CCC(C4CCCCC4)CC3)C3CCCC1C32,O=C1c2ccccc2-c2ccc(N3CCN(c4ccccc4)CC3)c3cccc1c23,outside_MR_TADF,outside_CzBN_domain,outside_CzBN_domain
E00_133_01172,O=C1c2ccccc2-c2ccc(N3CCOCC3)c3cccc1c23,UPHRHDIPADDOBZ-UHFFFAOYSA-N,,https://doi.org/10.1016/j.jqsrt.2010.09.001,toluene,1,2.520120724346077,2.520120724346077,0.0,2.520120724346077,2.520120724346077,0.0,2.520120724346077,general_only,CC1C2CCCCC2C2CCC(C3CCCCC3)C3CCCC1C32,O=C1c2ccccc2-c2ccc(N3CCOCC3)c3cccc1c23,outside_MR_TADF,outside_CzBN_domain,outside_CzBN_domain
E00_133_01173,O=C1c2ccccc2-c2ccc(Nc3nc(Cl)nc(Cl)n3)c3cccc1c23,XFWAHXADJIKQBF-UHFFFAOYSA-N,,10.1021/jp035610a,toluene,1,2.7255199998246944,2.7255199998246944,0.0,2.7255199998246944,2.7255199998246944,0.0,2.7255199998246944,general_only,CC1C2CCCCC2C2CCC(CC3CCCCC3)C3CCCC1C32,O=C1c2ccccc2-c2ccc(Nc3ncncn3)c3cccc1c23,outside_MR_TADF,outside_CzBN_domain,outside_CzBN_domain
E00_133_01174,O=C1c2ccccc2C(=O)N1c1ccc(Cn2cncn2)cc1,IXYSLOOOOPGWQJ-UHFFFAOYSA-N,,https://doi.org/10.1016/j.molliq.2016.09.115,toluene,1,4.110317364810905,4.110317364810905,0.0,4.110317364810905,4.110317364810905,0.0,4.110317364810905,general_only,CC1C2CCCCC2C(C)C1C1CCC(CC2CCCC2)CC1,O=C1c2ccccc2C(=O)N1c1ccc(Cn2cncn2)cc1,outside_MR_TADF,outside_CzBN_domain,outside_CzBN_domain
E00_133_01175,O=C1c2ccccc2C(=O)c2cc(-c3ccc(N(c4ccccc4)c4ccccc4)cc3)ccc21,XKKOJMJYVNBZCC-UHFFFAOYSA-N,,http://dx.doi.org/10.1016/j.dyepig.2017.05.024,toluene,1,2.373768847820637,2.373768847820637,0.0,2.373768847820637,2.373768847820637,0.0,2.373768847820637,general_only,CC1C2CCCCC2C(C)C2CC(C3CCC(C(C4CCCCC4)C4CCCCC4)CC3)CCC12,O=C1c2ccccc2C(=O)c2cc(-c3ccc(N(c4ccccc4)c4ccccc4)cc3)ccc21,outside_MR_TADF,outside_CzBN_domain,outside_CzBN_domain
E00_133_01176,O=C1c2ccccc2C2=Cc3ccc4ccccc4[n+]3[B-](F)(F)N12,VCNOCXWOWKZMFQ-UHFFFAOYSA-N,,DOI: 10.1021/jo702265x,toluene,1,2.661728668030144,2.661728668030144,0.0,2.661728668030144,2.661728668030144,0.0,2.661728668030144,general_only,CC1C2CCCCC2C2CC3CCC4CCCCC4C3CC12,O=C1c2ccccc2C2=Cc3ccc4ccccc4[n+]3[BH2-]N12,outside_MR_TADF,outside_CzBN_domain,outside_CzBN_domain
E00_133_01177,O=C1c2ccccc2C2=Cc3cccc[n+]3[B-](F)(F)N12,YUALFYIZEKKXAC-UHFFFAOYSA-N,,DOI: 10.1021/jo702265x,toluene,1,2.904647239012564,2.904647239012564,0.0,2.904647239012564,2.904647239012564,0.0,2.904647239012564,general_only,CC1C2CCCCC2C2CC3CCCCC3CC12,O=C1c2ccccc2C2=Cc3cccc[n+]3[BH2-]N12,outside_MR_TADF,outside_CzBN_domain,outside_CzBN_domain
E00_133_01178,O=C1c2ccccc2S(=O)(=O)c2ccc(-n3c4ccccc4c4ccccc43)cc21,HEPALQIRRLSAIH-UHFFFAOYSA-N,,DOI: 10.1021/acsami.5b12559,toluene,1,2.6924499172606335,2.6924499172606335,0.0,2.6924499172606335,2.6924499172606335,0.0,2.6924499172606335,general_only,CC1C2CCCCC2C(C)(C)C2CCC(C3C4CCCCC4C4CCCCC43)CC12,O=C1c2ccccc2S(=O)(=O)c2ccc(-n3c4ccccc4c4ccccc43)cc21,outside_MR_TADF,outside_CzBN_domain,outside_CzBN_domain
E00_133_01179,O=C1c2cccn2[B-](F)(F)[n+]2ccccc21,FCKIAVFXFCIWBK-UHFFFAOYSA-N,,https://doi.org/10.1016/j.cplett.2007.01.001,toluene,1,2.693936914825925,2.693936914825925,0.0,2.693936914825925,2.693936914825925,0.0,2.693936914825925,general_only,CC1C2CCCCC2CC2CCCC21,O=C1c2cccn2[BH2-][n+]2ccccc21,outside_MR_TADF,outside_CzBN_domain,outside_CzBN_domain
E00_133_01180,O=CC1=Cc2c(-c3ccccc3)oc(-c3ccccc3)c2C=C(C=O)C1,KNMDWPAUFPMJJB-UHFFFAOYSA-N,,https://doi.org/10.1016/j.dyepig.2017.04.035,toluene,1,3.1109480700358136,3.1109480700358136,0.0,3.1109480700358136,3.1109480700358136,0.0,3.1109480700358136,general_only,C1CCC(C2CC(C3CCCCC3)C3CCCCCC23)CC1,C1=Cc2c(-c3ccccc3)oc(-c3ccccc3)c2C=CC1,outside_MR_TADF,outside_CzBN_domain,outside_CzBN_domain
E00_133_01181,O=CN1N=C(c2ccc(Br)cc2)C[C@@H]1c1ccccc1,XDRDQBRDJBCSAT-MRXNPFEDSA-N,,https://doi.org/10.1016/j.saa.2012.12.086,toluene,1,3.8026480888439425,3.8026480888439425,0.0,3.8026480888439425,3.8026480888439425,0.0,3.8026480888439425,general_only,C1CCC(C2CCC(C3CCCCC3)C2)CC1,c1ccc(C2=NN[C@@H](c3ccccc3)C2)cc1,outside_MR_TADF,outside_CzBN_domain,outside_CzBN_domain
E00_133_01182,O=Cc1c(O)c(-c2nc3ccccc3s2)cc2ccccc12,BAYSMYGBRRNWQS-UHFFFAOYSA-N,,https://doi.org/10.1016/j.saa.2014.01.120,toluene,1,2.9499182316075996,2.9499182316075996,0.0,2.9499182316075996,2.9499182316075996,0.0,2.9499182316075996,general_only,C1CCC2CC(C3CC4CCCCC4C3)CCC2C1,c1ccc2cc(-c3nc4ccccc4s3)ccc2c1,outside_MR_TADF,outside_CzBN_domain,outside_CzBN_domain
E00_133_01183,O=Cc1cc(C=O)c2ccc3c(N4CCCCC4)cc(N4CCCCC4)c4ccc1c2c43,MAZNNVDDUZUDPS-UHFFFAOYSA-N,,DOI: 10.1021/acs.joc.5b01987,toluene,1,2.2668424838168306,2.2668424838168306,0.0,2.2668424838168306,2.2668424838168306,0.0,2.2668424838168306,general_only,C1CCC(C2CC(C3CCCCC3)C3CCC4CCCC5CCC2C3C54)CC1,c1cc2ccc3c(N4CCCCC4)cc(N4CCCCC4)c4ccc(c1)c2c34,outside_MR_TADF,outside_CzBN_domain,outside_CzBN_domain
E00_133_01184,O=Cc1cc(N2CCCCC2)c2ccc3c(N4CCCCC4)cc(N4CCCCC4)c4ccc1c2c43,VOQIWWCRYIYHPS-UHFFFAOYSA-N,,DOI: 10.1021/acs.joc.5b01987,toluene,1,2.416204703714333,2.416204703714333,0.0,2.416204703714333,2.416204703714333,0.0,2.416204703714333,general_only,C1CCC(C2CCC3CCC4C(C5CCCCC5)CC(C5CCCCC5)C5CCC2C3C45)CC1,c1cc2ccc3c(N4CCCCC4)cc(N4CCCCC4)c4ccc(c1N1CCCCC1)c2c34,outside_MR_TADF,outside_CzBN_domain,outside_CzBN_domain
E00_133_01185,O=Cc1ccc(C2=C3C=c4c(oc5ccccc45)=[N+]3[B-](F)(F)n3c2cc2c4ccccc4oc23)cc1,LRLBMDWFOFGZDD-UHFFFAOYSA-N,,DOI: 10.1021/acs.joc.8b02933,toluene,1,2.0377201613763147,2.0377201613763147,0.0,2.0377201613763147,2.0377201613763147,0.0,2.0377201613763147,general_only,C1CCC(C2C3CC4C5CCCCC5CC4C3CC3C4CC5CCCCC5C4CC32)CC1,[BH2-]1n2c(cc3c4ccccc4oc32)C(c2ccccc2)=C2C=c3c(oc4ccccc34)=[N+]12,outside_MR_TADF,outside_CzBN_domain,outside_CzBN_domain
E00_133_01186,O=Cc1ccc(N(c2ccc(C=O)cc2)c2ccc(-c3ccc4c(c3)C(=O)c3ccccc3C4=O)cc2)cc1,PMUJTGREZBDUSS-UHFFFAOYSA-N,,http://dx.doi.org/10.1016/j.dyepig.2017.05.024,toluene,1,2.760047281323877,2.760047281323877,0.0,2.760047281323877,2.760047281323877,0.0,2.760047281323877,general_only,CC1C2CCCCC2C(C)C2CC(C3CCC(C(C4CCCCC4)C4CCCCC4)CC3)CCC12,O=C1c2ccccc2C(=O)c2cc(-c3ccc(N(c4ccccc4)c4ccccc4)cc3)ccc21,outside_MR_TADF,outside_CzBN_domain,outside_CzBN_domain
E00_133_01187,O=Cc1ccc2c(c1)c1ccccc1n2-c1cc2ccccc2c2ccccc12,XOTCMSMDRKFUEI-UHFFFAOYSA-N,,10.1021/jo9002757,toluene,1,3.5936042638241172,3.5936042638241172,0.0,3.5936042638241172,3.5936042638241172,0.0,3.5936042638241172,general_only,C1CCC2C(C1)CC(C1C3CCCCC3C3CCCCC31)C1CCCCC21,c1ccc2c(c1)cc(-n1c3ccccc3c3ccccc31)c1ccccc12,outside_MR_TADF,outside_CzBN_domain,outside_CzBN_domain
E00_133_01188,O=Cc1ccc2ccc3cccc4ccc1c2c34,RCYFOPUXRMOLQM-UHFFFAOYSA-N,,doi:10.1016/j.tet.2012.05.072,toluene,1,3.0941935644457716,3.0941935644457716,0.0,3.0941935644457716,3.0941935644457716,0.0,3.0941935644457716,general_only,C1CC2CCC3CCCC4CCC(C1)C2C34,c1cc2ccc3cccc4ccc(c1)c2c34,outside_MR_TADF,outside_CzBN_domain,outside_CzBN_domain
E00_133_01189,O=Cc1ccc2nc(C#Cc3ccc(N(c4ccc(C#Cc5nc6ccc(C=O)cc6s5)cc4)c4ccc(C#Cc5nc6ccc(C=O)cc6s5)cc4)cc3)sc2c1,LDOWTPJPKIPBJP-UHFFFAOYSA-N,,DOI: 10.1021/jo201411t,toluene,1,2.8263958759037022,2.8263958759037022,0.0,2.8263958759037022,2.8263958759037022,0.0,2.8263958759037022,general_only,C1CCC2CC(CCC3CCC(C(C4CCC(CCC5CC6CCCCC6C5)CC4)C4CCC(CCC5CC6CCCCC6C5)CC4)CC3)CC2C1,C(#Cc1nc2ccccc2s1)c1ccc(N(c2ccc(C#Cc3nc4ccccc4s3)cc2)c2ccc(C#Cc3nc4ccccc4s3)cc2)cc1,outside_MR_TADF,outside_CzBN_domain,outside_CzBN_domain
E00_133_01190,O=Cc1ccc2nc(C#Cc3ccc(N(c4ccccc4)c4ccccc4)cc3)sc2c1,MEZBLHLMGUVXAZ-UHFFFAOYSA-N,,DOI: 10.1021/jo201411t,toluene,1,2.8192980560999574,2.8192980560999574,0.0,2.8192980560999574,2.8192980560999574,0.0,2.8192980560999574,general_only,C1CCC(C(C2CCCCC2)C2CCC(CCC3CC4CCCCC4C3)CC2)CC1,C(#Cc1nc2ccccc2s1)c1ccc(N(c2ccccc2)c2ccccc2)cc1,outside_MR_TADF,outside_CzBN_domain,outside_CzBN_domain
E00_133_01191,O=Cc1nc2ccc(C#Cc3ccc(N(c4ccc(C#Cc5ccc6nc(C=O)sc6c5)cc4)c4ccc(C#Cc5ccc6nc(C=O)sc6c5)cc4)cc3)cc2s1,UBOUXBOTGGRMTQ-UHFFFAOYSA-N,,DOI: 10.1021/jo201411t,toluene,1,2.7375845410628017,2.7375845410628017,0.0,2.7375845410628017,2.7375845410628017,0.0,2.7375845410628017,general_only,C1CC2CCC(CCC3CCC(C(C4CCC(CCC5CCC6CCCC6C5)CC4)C4CCC(CCC5CCC6CCCC6C5)CC4)CC3)CC2C1,C(#Cc1ccc2ncsc2c1)c1ccc(N(c2ccc(C#Cc3ccc4ncsc4c3)cc2)c2ccc(C#Cc3ccc4ncsc4c3)cc2)cc1,outside_MR_TADF,outside_CzBN_domain,outside_CzBN_domain
E00_133_01192,O=Cc1nc2ccc(C#Cc3ccc(N(c4ccccc4)c4ccccc4)cc3)cc2s1,CXWZLMUOQPWIDF-UHFFFAOYSA-N,,DOI: 10.1021/jo201411t,toluene,1,2.69945937856595,2.69945937856595,0.0,2.69945937856595,2.69945937856595,0.0,2.69945937856595,general_only,C1CCC(C(C2CCCCC2)C2CCC(CCC3CCC4CCCC4C3)CC2)CC1,C(#Cc1ccc2ncsc2c1)c1ccc(N(c2ccccc2)c2ccccc2)cc1,outside_MR_TADF,outside_CzBN_domain,outside_CzBN_domain
E00_133_01193,O=P(c1ccc(N2c3ccccc3Oc3ccccc32)cc1)(c1ccc(N2c3ccccc3Oc3ccccc32)cc1)c1ccc(N2c3ccccc3Oc3ccccc32)cc1,RMOQTDFUOSDYRX-UHFFFAOYSA-N,,DOI: 10.1021/acs.chemmater.6b01691,toluene,1,2.989069477422529,2.989069477422529,0.0,2.989069477422529,2.989069477422529,0.0,2.989069477422529,general_only,CC(C1CCC(C2C3CCCCC3CC3CCCCC32)CC1)(C1CCC(C2C3CCCCC3CC3CCCCC32)CC1)C1CCC(C2C3CCCCC3CC3CCCCC32)CC1,O=P(c1ccc(N2c3ccccc3Oc3ccccc32)cc1)(c1ccc(N2c3ccccc3Oc3ccccc32)cc1)c1ccc(N2c3ccccc3Oc3ccccc32)cc1,outside_MR_TADF,outside_CzBN_domain,outside_CzBN_domain
E00_133_01194,O=P(c1ccccc1)(c1ccc(N2c3ccccc3Oc3ccccc32)cc1)c1ccc(N2c3ccccc3Oc3ccccc32)cc1,HLLRCOXIZIFJDE-UHFFFAOYSA-N,,DOI: 10.1021/acs.chemmater.6b01691,toluene,1,3.0064000314742043,3.0064000314742043,0.0,3.0064000314742043,3.0064000314742043,0.0,3.0064000314742043,general_only,CC(C1CCCCC1)(C1CCC(C2C3CCCCC3CC3CCCCC32)CC1)C1CCC(C2C3CCCCC3CC3CCCCC32)CC1,O=P(c1ccccc1)(c1ccc(N2c3ccccc3Oc3ccccc32)cc1)c1ccc(N2c3ccccc3Oc3ccccc32)cc1,outside_MR_TADF,outside_CzBN_domain,outside_CzBN_domain
E00_133_01195,O=P(c1ccccc1)(c1ccccc1)c1ccc(N2c3ccccc3Oc3ccccc32)cc1,XEVQREBYLONZPQ-UHFFFAOYSA-N,,DOI: 10.1021/acs.chemmater.6b01691,toluene,1,3.037704887113996,3.037704887113996,0.0,3.037704887113996,3.037704887113996,0.0,3.037704887113996,general_only,CC(C1CCCCC1)(C1CCCCC1)C1CCC(C2C3CCCCC3CC3CCCCC32)CC1,O=P(c1ccccc1)(c1ccccc1)c1ccc(N2c3ccccc3Oc3ccccc32)cc1,outside_MR_TADF,outside_CzBN_domain,outside_CzBN_domain
E00_133_01196,O=P1(c2ccccc2)C(c2cc(C(F)(F)F)cc(C(F)(F)F)c2)=Cc2c3ccc4cccc5ccc(c6cc(-c7ccc(N(c8ccccc8)c8ccccc8)cc7)n1c26)c3c45,DPSIYPLAADZHKA-UHFFFAOYSA-N,,DOI: 10.1021/acs.orglett.9b02332,toluene,1,2.4639161694256773,2.4639161694256773,0.0,2.4639161694256773,2.4639161694256773,0.0,2.4639161694256773,general_only,CC1(C2CCCCC2)C(C2CCCCC2)CC2C3CCC4CCCC5CCC(C6CC(C7CCC(C(C8CCCCC8)C8CCCCC8)CC7)C1C62)C3C54,O=P1(c2ccccc2)C(c2ccccc2)=Cc2c3ccc4cccc5ccc(c6cc(-c7ccc(N(c8ccccc8)c8ccccc8)cc7)n1c26)c3c45,outside_MR_TADF,outside_CzBN_domain,outside_CzBN_domain
E00_133_01197,O=P1(c2ccccc2)C(c2cc(C(F)(F)F)cc(C(F)(F)F)c2)=Cc2c3ccc4cccc5ccc(c6cc(-c7ccccc7)n1c26)c3c45,CAVWKPBZSSVJEX-UHFFFAOYSA-N,,DOI: 10.1021/acs.orglett.9b02332,toluene,1,2.5748791025674063,2.5748791025674063,0.0,2.5748791025674063,2.5748791025674063,0.0,2.5748791025674063,general_only,CC1(C2CCCCC2)C(C2CCCCC2)CC2C3CCC4CCCC5CCC(C6CC(C7CCCCC7)C1C62)C3C54,O=P1(c2ccccc2)C(c2ccccc2)=Cc2c3ccc4cccc5ccc(c6cc(-c7ccccc7)n1c26)c3c45,outside_MR_TADF,outside_CzBN_domain,outside_CzBN_domain
E00_133_01198,O=P1(c2ccccc2)C(c2ccc(N(c3ccccc3)c3ccccc3)cc2)=Cc2cc3ccccc3cc21,LTYHXALIYZBUOR-UHFFFAOYSA-N,,DOI: 10.1021/acs.joc.5b00541,toluene,1,2.801925498639152,2.801925498639152,0.0,2.801925498639152,2.801925498639152,0.0,2.801925498639152,general_only,CC1(C2CCCCC2)C2CC3CCCCC3CC2CC1C1CCC(C(C2CCCCC2)C2CCCCC2)CC1,O=P1(c2ccccc2)C(c2ccc(N(c3ccccc3)c3ccccc3)cc2)=Cc2cc3ccccc3cc21,outside_MR_TADF,outside_CzBN_domain,outside_CzBN_domain
E00_133_01199,O=P1(c2ccccc2)C(c2ccc(N(c3ccccc3)c3ccccc3)cc2)=Cc2ccccc21,XHYNINYKKRIRMX-UHFFFAOYSA-N,,DOI: 10.1021/acs.joc.5b00541,toluene,1,2.766516776202006,2.766516776202006,0.0,2.766516776202006,2.766516776202006,0.0,2.766516776202006,general_only,CC1(C2CCCCC2)C2CCCCC2CC1C1CCC(C(C2CCCCC2)C2CCCCC2)CC1,O=P1(c2ccccc2)C(c2ccc(N(c3ccccc3)c3ccccc3)cc2)=Cc2ccccc21,outside_MR_TADF,outside_CzBN_domain,outside_CzBN_domain
E00_133_01200,O=P1(c2ccccc2)C2=C(c3ccccc31)C(c1ccccc1)(c1ccccc1)c1cc(N(c3ccccc3)c3ccccc3)ccc12,SDMZIWLZXDJLOQ-UHFFFAOYSA-N,,DOI: 10.1021/acs.inorgchem.7b00658,toluene,1,2.6262545448080292,2.6262545448080292,0.0,2.6262545448080292,2.6262545448080292,0.0,2.6262545448080292,general_only,CC1(C2CCCCC2)C2CCCCC2C2C1C1CCC(C(C3CCCCC3)C3CCCCC3)CC1C2(C1CCCCC1)C1CCCCC1,O=P1(c2ccccc2)C2=C(c3ccccc31)C(c1ccccc1)(c1ccccc1)c1cc(N(c3ccccc3)c3ccccc3)ccc12,outside_MR_TADF,outside_CzBN_domain,outside_CzBN_domain
E00_133_01201,O=P1(c2ccccc2)C2=C(c3ccccc31)[Si](c1ccccc1)(c1ccccc1)c1cc(N(c3ccccc3)c3ccccc3)ccc12,MXPFKDOUVNNKCV-UHFFFAOYSA-N,,DOI: 10.1021/acs.inorgchem.7b00658,toluene,1,2.4618736383442266,2.4618736383442266,0.0,2.4618736383442266,2.4618736383442266,0.0,2.4618736383442266,general_only,CC1(C2CCCCC2)C2CCCCC2C2C1C1CCC(C(C3CCCCC3)C3CCCCC3)CC1C2(C1CCCCC1)C1CCCCC1,O=P1(c2ccccc2)C2=C(c3ccccc31)[Si](c1ccccc1)(c1ccccc1)c1cc(N(c3ccccc3)c3ccccc3)ccc12,outside_MR_TADF,outside_CzBN_domain,outside_CzBN_domain
E00_133_01202,O=P1(c2ccccc2)c2cc(N3c4ccccc4Oc4ccccc43)ccc2-c2ccc(N3c4ccccc4Oc4ccccc43)cc21,RNBOFXVNSRARFN-UHFFFAOYSA-N,,DOI: 10.1021/acsami.9b05950,toluene,1,2.6314017366648947,2.6314017366648947,0.0,2.6314017366648947,2.6314017366648947,0.0,2.6314017366648947,general_only,CC1(C2CCCCC2)C2CC(C3C4CCCCC4CC4CCCCC43)CCC2C2CCC(C3C4CCCCC4CC4CCCCC43)CC21,O=P1(c2ccccc2)c2cc(N3c4ccccc4Oc4ccccc43)ccc2-c2ccc(N3c4ccccc4Oc4ccccc43)cc21,outside_MR_TADF,outside_CzBN_domain,outside_CzBN_domain
E00_133_01203,O=P1(c2ccccc2)c2cc(N3c4ccccc4Sc4ccccc43)ccc2-c2ccc(N3c4ccccc4Sc4ccccc43)cc21,LHUBXSKVRGELRI-UHFFFAOYSA-N,,DOI: 10.1021/acsami.9b05950,toluene,1,2.6669906363754987,2.6669906363754987,0.0,2.6669906363754987,2.6669906363754987,0.0,2.6669906363754987,general_only,CC1(C2CCCCC2)C2CC(C3C4CCCCC4CC4CCCCC43)CCC2C2CCC(C3C4CCCCC4CC4CCCCC43)CC21,O=P1(c2ccccc2)c2cc(N3c4ccccc4Sc4ccccc43)ccc2-c2ccc(N3c4ccccc4Sc4ccccc43)cc21,outside_MR_TADF,outside_CzBN_domain,outside_CzBN_domain
E00_133_01204,O=P1(c2ccccc2)c2ccc(N3c4ccccc4Oc4ccccc43)cc2-c2cc(N3c4ccccc4Oc4ccccc43)ccc21,WGOYBOAVWHURRV-UHFFFAOYSA-N,,DOI: 10.1021/acsami.9b05950,toluene,1,2.689742702203761,2.689742702203761,0.0,2.689742702203761,2.689742702203761,0.0,2.689742702203761,general_only,CC1(C2CCCCC2)C2CCC(C3C4CCCCC4CC4CCCCC43)CC2C2CC(C3C4CCCCC4CC4CCCCC43)CCC21,O=P1(c2ccccc2)c2ccc(N3c4ccccc4Oc4ccccc43)cc2-c2cc(N3c4ccccc4Oc4ccccc43)ccc21,outside_MR_TADF,outside_CzBN_domain,outside_CzBN_domain
E00_133_01205,O=P1(c2ccccc2)c2ccc(N3c4ccccc4Sc4ccccc43)cc2-c2cc(N3c4ccccc4Sc4ccccc43)ccc21,WNIVFHMMBZAUIK-UHFFFAOYSA-N,,DOI: 10.1021/acsami.9b05950,toluene,1,2.5783177475010386,2.5783177475010386,0.0,2.5783177475010386,2.5783177475010386,0.0,2.5783177475010386,general_only,CC1(C2CCCCC2)C2CCC(C3C4CCCCC4CC4CCCCC43)CC2C2CC(C3C4CCCCC4CC4CCCCC43)CCC21,O=P1(c2ccccc2)c2ccc(N3c4ccccc4Sc4ccccc43)cc2-c2cc(N3c4ccccc4Sc4ccccc43)ccc21,outside_MR_TADF,outside_CzBN_domain,outside_CzBN_domain
E00_133_01206,O=S(=O)(c1ccc(-c2ccc(-n3c4ccccc4c4ccccc43)cc2)cc1)c1ccc(-c2ccc(-n3c4ccccc4c4ccccc43)cc2)cc1,OJDSSLBHTOWTAE-UHFFFAOYSA-N,,http://dx.doi.org/10.1021/cm400945h,toluene,1,3.3720665299612667,3.3720665299612667,0.0,3.3720665299612667,3.3720665299612667,0.0,3.3720665299612667,general_only,CC(C)(C1CCC(C2CCC(C3C4CCCCC4C4CCCCC43)CC2)CC1)C1CCC(C2CCC(C3C4CCCCC4C4CCCCC43)CC2)CC1,O=S(=O)(c1ccc(-c2ccc(-n3c4ccccc4c4ccccc43)cc2)cc1)c1ccc(-c2ccc(-n3c4ccccc4c4ccccc43)cc2)cc1,outside_MR_TADF,outside_CzBN_domain,outside_CzBN_domain
E00_133_01207,O=S(=O)(c1ccc(-c2ccc3c(c2)c2ccccc2n3-c2ccccc2)cc1)c1ccc(-c2ccc3c(c2)c2ccccc2n3-c2ccccc2)cc1,KBFKSNDFSYVOKW-UHFFFAOYSA-N,,http://dx.doi.org/10.1021/cm400945h,toluene,1,3.494766467444581,3.494766467444581,0.0,3.494766467444581,3.494766467444581,0.0,3.494766467444581,general_only,CC(C)(C1CCC(C2CCC3C(C2)C2CCCCC2C3C2CCCCC2)CC1)C1CCC(C2CCC3C(C2)C2CCCCC2C3C2CCCCC2)CC1,O=S(=O)(c1ccc(-c2ccc3c(c2)c2ccccc2n3-c2ccccc2)cc1)c1ccc(-c2ccc3c(c2)c2ccccc2n3-c2ccccc2)cc1,outside_MR_TADF,outside_CzBN_domain,outside_CzBN_domain
E00_133_01208,O=S(=O)(c1ccc(N(c2ccccc2)c2ccccc2)cc1)c1ccc(S(=O)(=O)c2ccc(N(c3ccccc3)c3ccccc3)cc2)cc1,GTSHGKMHPOXNIM-UHFFFAOYSA-N,,DOI: 10.1021/acs.chemmater.7b02964,toluene,1,3.1261352675160037,3.1261352675160037,0.0,3.1261352675160037,3.1261352675160037,0.0,3.1261352675160037,general_only,CC(C)(C1CCC(C(C2CCCCC2)C2CCCCC2)CC1)C1CCC(C(C)(C)C2CCC(C(C3CCCCC3)C3CCCCC3)CC2)CC1,O=S(=O)(c1ccc(N(c2ccccc2)c2ccccc2)cc1)c1ccc(S(=O)(=O)c2ccc(N(c3ccccc3)c3ccccc3)cc2)cc1,outside_MR_TADF,outside_CzBN_domain,outside_CzBN_domain
E00_133_01209,O=S(=O)(c1ccc(N2c3ccccc3[Si](c3ccccc3)(c3ccccc3)c3ccccc32)cc1)c1ccc(N2c3ccccc3[Si](c3ccccc3)(c3ccccc3)c3ccccc32)cc1,MDGFRMHBMBRZPO-UHFFFAOYSA-N,,10.1039/C6TC04653C,toluene,1,3.3262235091041203,3.3262235091041203,0.0,3.3262235091041203,3.3262235091041203,0.0,3.3262235091041203,general_only,CC(C)(C1CCC(C2C3CCCCC3C(C3CCCCC3)(C3CCCCC3)C3CCCCC23)CC1)C1CCC(C2C3CCCCC3C(C3CCCCC3)(C3CCCCC3)C3CCCCC23)CC1,O=S(=O)(c1ccc(N2c3ccccc3[Si](c3ccccc3)(c3ccccc3)c3ccccc32)cc1)c1ccc(N2c3ccccc3[Si](c3ccccc3)(c3ccccc3)c3ccccc32)cc1,outside_MR_TADF,outside_CzBN_domain,outside_CzBN_domain
E00_133_01210,O=S(=O)(c1cccc(-n2c3ccccc3c3ccccc32)c1)c1cccc(-n2c3ccccc3c3ccccc32)c1,GSKPCJZOYVEFFG-UHFFFAOYSA-N,,https://doi.org/10.1016/j.jlumin.2018.10.018,toluene,1,3.365183724158083,3.365183724158083,0.0,3.365183724158083,3.365183724158083,0.0,3.365183724158083,general_only,CC(C)(C1CCCC(C2C3CCCCC3C3CCCCC32)C1)C1CCCC(C2C3CCCCC3C3CCCCC32)C1,O=S(=O)(c1cccc(-n2c3ccccc3c3ccccc32)c1)c1cccc(-n2c3ccccc3c3ccccc32)c1,outside_MR_TADF,outside_CzBN_domain,outside_CzBN_domain
E00_133_01211,O=S(=O)(c1cccc(N2c3ccccc3Oc3ccccc32)c1)c1cccc(N2c3ccccc3Oc3ccccc32)c1,ZVTDDQITFKILLF-UHFFFAOYSA-N,,https://doi.org/10.1016/j.jlumin.2018.10.018,toluene,1,3.146442223224673,3.146442223224673,0.0,3.146442223224673,3.146442223224673,0.0,3.146442223224673,general_only,CC(C)(C1CCCC(C2C3CCCCC3CC3CCCCC32)C1)C1CCCC(C2C3CCCCC3CC3CCCCC32)C1,O=S(=O)(c1cccc(N2c3ccccc3Oc3ccccc32)c1)c1cccc(N2c3ccccc3Oc3ccccc32)c1,outside_MR_TADF,outside_CzBN_domain,outside_CzBN_domain
E00_133_01212,O=S(=O)(c1cccc(N2c3ccccc3Sc3ccccc32)c1)c1cccc(N2c3ccccc3Sc3ccccc32)c1,DONDTWJBGOZVJU-UHFFFAOYSA-N,,https://doi.org/10.1016/j.jlumin.2018.10.018,toluene,1,3.144643024673984,3.144643024673984,0.0,3.144643024673984,3.144643024673984,0.0,3.144643024673984,general_only,CC(C)(C1CCCC(C2C3CCCCC3CC3CCCCC32)C1)C1CCCC(C2C3CCCCC3CC3CCCCC32)C1,O=S(=O)(c1cccc(N2c3ccccc3Sc3ccccc32)c1)c1cccc(N2c3ccccc3Sc3ccccc32)c1,outside_MR_TADF,outside_CzBN_domain,outside_CzBN_domain
E00_133_01213,O=S(=O)(c1ccccc1)c1ccc(-c2ccc3c(c2)c2cc(-c4ccc(S(=O)(=O)c5ccccc5)cc4)ccc2n3-c2ccccc2)cc1,NONGNLZSILSCNT-UHFFFAOYSA-N,,https://doi.org/10.1016/j.jlumin.2015.11.012,toluene,1,3.450825999691215,3.450825999691215,0.0,3.450825999691215,3.450825999691215,0.0,3.450825999691215,general_only,CC(C)(C1CCCCC1)C1CCC(C2CCC3C(C2)C2CC(C4CCC(C(C)(C)C5CCCCC5)CC4)CCC2C3C2CCCCC2)CC1,O=S(=O)(c1ccccc1)c1ccc(-c2ccc3c(c2)c2cc(-c4ccc(S(=O)(=O)c5ccccc5)cc4)ccc2n3-c2ccccc2)cc1,outside_MR_TADF,outside_CzBN_domain,outside_CzBN_domain
E00_133_01214,O=S(=O)(c1ccccc1)c1ccc(-c2ccc3c4ccc(-c5ccc(S(=O)(=O)c6ccccc6)cc5)cc4n(-c4ccccc4)c3c2)cc1,WKZRYKSYKGRAHH-UHFFFAOYSA-N,,https://doi.org/10.1016/j.jlumin.2015.11.012,toluene,1,3.3355301803802453,3.3355301803802453,0.0,3.3355301803802453,3.3355301803802453,0.0,3.3355301803802453,general_only,CC(C)(C1CCCCC1)C1CCC(C2CCC3C4CCC(C5CCC(C(C)(C)C6CCCCC6)CC5)CC4C(C4CCCCC4)C3C2)CC1,O=S(=O)(c1ccccc1)c1ccc(-c2ccc3c4ccc(-c5ccc(S(=O)(=O)c6ccccc6)cc5)cc4n(-c4ccccc4)c3c2)cc1,outside_MR_TADF,outside_CzBN_domain,outside_CzBN_domain
E00_133_01215,O=S(=O)(c1ccccc1)c1ccc(-n2c3ccccc3c3c2c2ccccc2n3-c2ccccc2)cc1,UJTHUKCEYXOYIR-UHFFFAOYSA-N,,DOI: 10.1021/acsami.7b13158,toluene,1,3.0247432306255835,3.0247432306255835,0.0,3.0247432306255835,3.0247432306255835,0.0,3.0247432306255835,general_only,CC(C)(C1CCCCC1)C1CCC(C2C3CCCCC3C3C(C4CCCCC4)C4CCCCC4C23)CC1,O=S(=O)(c1ccccc1)c1ccc(-n2c3ccccc3c3c2c2ccccc2n3-c2ccccc2)cc1,outside_MR_TADF,outside_CzBN_domain,outside_CzBN_domain
E00_133_01216,O=S1(=O)C2=C(c3ccc(-c4ccc(N(c5ccccc5)c5ccccc5)cc4)cc31)C1(C3=C(c4ccccc41)S(=O)(=O)c1cc(-c4ccc(N(c5ccccc5)c5ccccc5)cc4)ccc13)c1ccccc12,NSPJXTQAKPUSSV-UHFFFAOYSA-N,,DOI: 10.1021/acs.joc.8b02301,toluene,1,2.5573299023688794,2.5573299023688794,0.0,2.5573299023688794,2.5573299023688794,0.0,2.5573299023688794,general_only,CC1(C)C2CC(C3CCC(C(C4CCCCC4)C4CCCCC4)CC3)CCC2C2C1C1CCCCC1C21C2CCCCC2C2C1C1CCC(C3CCC(C(C4CCCCC4)C4CCCCC4)CC3)CC1C2(C)C,O=S1(=O)C2=C(c3ccc(-c4ccc(N(c5ccccc5)c5ccccc5)cc4)cc31)C1(C3=C(c4ccccc41)S(=O)(=O)c1cc(-c4ccc(N(c5ccccc5)c5ccccc5)cc4)ccc13)c1ccccc12,outside_MR_TADF,outside_CzBN_domain,outside_CzBN_domain
E00_133_01217,O=S1(=O)C2=C(c3ccc(N(c4ccccc4)c4ccccc4)cc31)C1(C3=C(c4ccccc41)S(=O)(=O)c1cc(N(c4ccccc4)c4ccccc4)ccc13)c1ccccc12,RQJYJBQHVRRFPE-UHFFFAOYSA-N,,DOI: 10.1021/acs.joc.8b02301,toluene,1,2.5195825659914055,2.5195825659914055,0.0,2.5195825659914055,2.5195825659914055,0.0,2.5195825659914055,general_only,CC1(C)C2CC(C(C3CCCCC3)C3CCCCC3)CCC2C2C1C1CCCCC1C21C2CCCCC2C2C1C1CCC(C(C3CCCCC3)C3CCCCC3)CC1C2(C)C,O=S1(=O)C2=C(c3ccc(N(c4ccccc4)c4ccccc4)cc31)C1(C3=C(c4ccccc41)S(=O)(=O)c1cc(N(c4ccccc4)c4ccccc4)ccc13)c1ccccc12,outside_MR_TADF,outside_CzBN_domain,outside_CzBN_domain
E00_133_01218,O=S1(=O)c2cc(-n3c4ccccc4c4ccccc43)ccc2-c2ccc(-n3c4ccccc4c4ccccc43)cc21,CHBJBMBICQGSEZ-UHFFFAOYSA-N,,DOI: 10.1021/jo100898a,toluene,1,3.0385988371398893,3.0385988371398893,0.0,3.0385988371398893,3.0385988371398893,0.0,3.0385988371398893,general_only,CC1(C)C2CC(C3C4CCCCC4C4CCCCC43)CCC2C2CCC(C3C4CCCCC4C4CCCCC43)CC21,O=S1(=O)c2cc(-n3c4ccccc4c4ccccc43)ccc2-c2ccc(-n3c4ccccc4c4ccccc43)cc21,outside_MR_TADF,outside_CzBN_domain,outside_CzBN_domain
E00_133_01219,O=S1(=O)c2ccc(-n3c4ccccc4c4ccccc43)cc2-c2cc(-n3c4ccccc4c4ccccc43)ccc21,ZJVZWNODWJPCRP-UHFFFAOYSA-N,,DOI: 10.1021/jo100898a,toluene,1,3.2286459173251627,3.2286459173251627,0.0,3.2286459173251627,3.2286459173251627,0.0,3.2286459173251627,general_only,CC1(C)C2CCC(C3C4CCCCC4C4CCCCC43)CC2C2CC(C3C4CCCCC4C4CCCCC43)CCC21,O=S1(=O)c2ccc(-n3c4ccccc4c4ccccc43)cc2-c2cc(-n3c4ccccc4c4ccccc43)ccc21,outside_MR_TADF,outside_CzBN_domain,outside_CzBN_domain
E00_133_01220,O=S1(=O)c2ccccc2Oc2cc(N3c4ccccc4C4(c5ccccc53)c3ccccc3N(c3ccc5c(c3)Oc3ccccc3S5(=O)=O)c3ccccc34)ccc21,HPRYXCHQCGRAAN-UHFFFAOYSA-N,,10.1021/acs.chemmater.7b02403,toluene,1,3.132381763622195,3.132381763622195,0.0,3.132381763622195,3.132381763622195,0.0,3.132381763622195,general_only,CC1(C)C2CCCCC2CC2CC(C3C4CCCCC4C4(C5CCCCC35)C3CCCCC3C(C3CCC5C(C3)CC3CCCCC3C5(C)C)C3CCCCC34)CCC21,O=S1(=O)c2ccccc2Oc2cc(N3c4ccccc4C4(c5ccccc53)c3ccccc3N(c3ccc5c(c3)Oc3ccccc3S5(=O)=O)c3ccccc34)ccc21,outside_MR_TADF,outside_CzBN_domain,outside_CzBN_domain
E00_133_01221,O=[N+]([O-])c1ccc(-n2c3ccccc3c3c2c2ccccc2n3-c2ccccc2)cc1,SCCGIYGUFNZTAF-UHFFFAOYSA-N,,DOI: 10.1021/acsami.7b13158,toluene,1,2.422647527910686,2.422647527910686,0.0,2.422647527910686,2.422647527910686,0.0,2.422647527910686,general_only,C1CCC(C2C3CCCCC3C3C(C4CCCCC4)C4CCCCC4C23)CC1,c1ccc(-n2c3ccccc3c3c2c2ccccc2n3-c2ccccc2)cc1,outside_MR_TADF,outside_CzBN_domain,outside_CzBN_domain
E00_133_01222,O=[N+]([O-])c1ccc(C2=Nc3sc(-c4ccccc4)n[n+]3[B-](F)(F)O2)cc1,BQWVPEZGMHKVDW-UHFFFAOYSA-N,,https://doi.org/10.1016/j.tet.2017.08.023,toluene,1,3.3234725954650113,3.3234725954650113,0.0,3.3234725954650113,3.3234725954650113,0.0,3.3234725954650113,general_only,C1CCC(C2CCC3CC(C4CCCCC4)CC3C2)CC1,[BH2-]1OC(c2ccccc2)=Nc2sc(-c3ccccc3)n[n+]21,outside_MR_TADF,outside_CzBN_domain,outside_CzBN_domain
E00_133_01223,O=[N+]([O-])c1ccc(F)cc1C1CC(c2cccc3ccccc23)=NN1c1ccccc1,QDSWOYBAKZXIJJ-UHFFFAOYSA-N,,http://dx.doi.org/10.1016/j.saa.2014.09.080,toluene,1,3.0267739506869944,3.0267739506869944,0.0,3.0267739506869944,3.0267739506869944,0.0,3.0267739506869944,general_only,C1CCC(C2CC(C3CCCC4CCCCC43)CC2C2CCCCC2)CC1,c1ccc(C2CC(c3cccc4ccccc34)=NN2c2ccccc2)cc1,outside_MR_TADF,outside_CzBN_domain,outside_CzBN_domain
E00_133_01224,O=[N+]([O-])c1ccc(Nc2ccc3ccccc3n2)cc1,HMSBPHQTMVDQHH-UHFFFAOYSA-N,,https://doi.org/10.1016/j.jlumin.2018.12.059,toluene,1,3.127399856622377,3.127399856622377,0.0,3.127399856622377,3.127399856622377,0.0,3.127399856622377,general_only,C1CCC(CC2CCC3CCCCC3C2)CC1,c1ccc(Nc2ccc3ccccc3n2)cc1,outside_MR_TADF,outside_CzBN_domain,outside_CzBN_domain
E00_133_01225,O=[N+]([O-])c1ccc([N+]2=Cc3ccc4c5c(ccc4c3O[B-]2(c2c(F)c(F)c(F)c(F)c2F)c2c(F)c(F)c(F)c(F)c2F)C=[N+](c2ccc([N+](=O)[O-])cc2)[B-](c2c(F)c(F)c(F)c(F)c2F)(c2c(F)c(F)c(F)c(F)c2F)O5)cc1,CQFXFVJBYWUFRX-UHFFFAOYSA-N,,DOI: 10.1021/acs.joc.7b01001,toluene,1,2.140745296951004,2.140745296951004,0.0,2.140745296951004,2.140745296951004,0.0,2.140745296951004,general_only,C1CCC(C2CC3CCC4C5CC(C6CCCCC6)(C6CCCCC6)C(C6CCCCC6)CC5CCC4C3CC2(C2CCCCC2)C2CCCCC2)CC1,C1=[N+](c2ccccc2)[B-](c2ccccc2)(c2ccccc2)Oc2c1ccc1c3c(ccc21)C=[N+](c1ccccc1)[B-](c1ccccc1)(c1ccccc1)O3,outside_MR_TADF,outside_CzBN_domain,outside_CzBN_domain
E00_133_01226,O=[N+]([O-])c1ccc([N+]2=Cc3ccc4c5c(ccc4c3O[B-]2(c2ccccc2)c2ccccc2)C=[N+](c2ccc([N+](=O)[O-])cc2)[B-](c2ccccc2)(c2ccccc2)O5)cc1,BAPPBHOFTJRYBG-UHFFFAOYSA-N,,DOI: 10.1021/acs.joc.7b01001,toluene,1,2.1209465889835424,2.1209465889835424,0.0,2.1209465889835424,2.1209465889835424,0.0,2.1209465889835424,general_only,C1CCC(C2CC3CCC4C5CC(C6CCCCC6)(C6CCCCC6)C(C6CCCCC6)CC5CCC4C3CC2(C2CCCCC2)C2CCCCC2)CC1,C1=[N+](c2ccccc2)[B-](c2ccccc2)(c2ccccc2)Oc2c1ccc1c3c(ccc21)C=[N+](c1ccccc1)[B-](c1ccccc1)(c1ccccc1)O3,outside_MR_TADF,outside_CzBN_domain,outside_CzBN_domain
E00_133_01227,O=c1[nH]c2[n+](c3ccccc13)[B-](F)(F)Oc1ccccc1-2,HNFZLRZFZRGDHO-UHFFFAOYSA-N,,https://doi.org/10.1016/j.jfluchem.2019.03.005,toluene,1,3.2171334695676563,3.2171334695676563,0.0,3.2171334695676563,3.2171334695676563,0.0,3.2171334695676563,general_only,CC1CC2C3CCCCC3CCC2C2CCCCC12,O=c1[nH]c2[n+](c3ccccc13)[BH2-]Oc1ccccc1-2,outside_MR_TADF,outside_CzBN_domain,outside_CzBN_domain
E00_133_01228,O=c1c2cc(-n3c4ccccc4c4ccccc43)ccc2sc2ccc(-n3c4ccccc4c4ccccc43)cc12,BZQVWZNCASKHMN-UHFFFAOYSA-N,,DOI: 10.1021/acsami.5b12559,toluene,1,2.8807494457717224,2.8807494457717224,0.0,2.8807494457717224,2.8807494457717224,0.0,2.8807494457717224,general_only,CC1C2CC(C3C4CCCCC4C4CCCCC43)CCC2CC2CCC(C3C4CCCCC4C4CCCCC43)CC21,O=c1c2cc(-n3c4ccccc4c4ccccc43)ccc2sc2ccc(-n3c4ccccc4c4ccccc43)cc12,outside_MR_TADF,outside_CzBN_domain,outside_CzBN_domain
E00_133_01229,O=c1c2ccccc2n2c3ccc(-c4ccccc4)cc3c(=O)c3cccc1c32,HSMGQGVGGGGQLM-UHFFFAOYSA-N,,DOI: 10.1021/acsami.8b19635,toluene,1,2.730587588174216,2.730587588174216,0.0,2.730587588174216,2.730587588174216,0.0,2.730587588174216,general_only,CC1C2CCCCC2C2C3CCC(C4CCCCC4)CC3C(C)C3CCCC1C32,O=c1c2ccccc2n2c3ccc(-c4ccccc4)cc3c(=O)c3cccc1c32,outside_MR_TADF,outside_CzBN_domain,outside_CzBN_domain
E00_133_01230,O=c1c2ccccc2n2c3ccccc3c(=O)c3cc(-c4ccccc4)cc1c32,UYXAKLVDPNATLU-UHFFFAOYSA-N,,DOI: 10.1021/acsami.8b19635,toluene,1,2.724255549560588,2.724255549560588,0.0,2.724255549560588,2.724255549560588,0.0,2.724255549560588,general_only,CC1C2CCCCC2C2C3CCCCC3C(C)C3CC(C4CCCCC4)CC1C32,O=c1c2ccccc2n2c3ccccc3c(=O)c3cc(-c4ccccc4)cc1c32,outside_MR_TADF,outside_CzBN_domain,outside_CzBN_domain
E00_133_01231,O=c1c2ccccc2n2c3ccccc3c(=O)c3cccc1c32,YDGSSOWNWNPOKN-UHFFFAOYSA-N,,DOI: 10.1002/adom.201801536,toluene,1,2.763030894191718,2.763030894191718,0.0,2.763030894191718,2.763030894191718,0.0,2.763030894191718,general_only,CC1C2CCCCC2C2C3CCCCC3C(C)C3CCCC1C32,O=c1c2ccccc2n2c3ccccc3c(=O)c3cccc1c32,outside_MR_TADF,outside_CzBN_domain,outside_CzBN_domain
E00_133_01232,O=c1c2ccccc2sc2ccc(-n3c4ccccc4c4ccccc43)cc12,JVBLNMSDTCLIFW-UHFFFAOYSA-N,,DOI: 10.1021/acsami.5b12559,toluene,1,2.983413004665093,2.983413004665093,0.0,2.983413004665093,2.983413004665093,0.0,2.983413004665093,general_only,CC1C2CCCCC2CC2CCC(C3C4CCCCC4C4CCCCC43)CC21,O=c1c2ccccc2sc2ccc(-n3c4ccccc4c4ccccc43)cc12,outside_MR_TADF,outside_CzBN_domain,outside_CzBN_domain
E00_133_01233,O=c1cc(COc2ccc(I)cc2)c2c(ccc3ccccc32)o1,PBGJPNZJCIRIFM-UHFFFAOYSA-N,,https://doi.org/10.1016/j.saa.2014.10.039,toluene,1,3.2618131868131868,3.2618131868131868,0.0,3.2618131868131868,3.2618131868131868,0.0,3.2618131868131868,general_only,CC1CC(CCC2CCCCC2)C2C(CCC3CCCCC32)C1,O=c1cc(COc2ccccc2)c2c(ccc3ccccc32)o1,outside_MR_TADF,outside_CzBN_domain,outside_CzBN_domain
E00_133_01234,O=c1oc2ccc(Br)cc2cc1-c1cc2cc(Br)ccc2o1,WVOVHDMTDLEZEK-UHFFFAOYSA-N,,DOI: 10.1021/acs.orglett.7b00069,toluene,1,3.0665806828413595,3.0665806828413595,0.0,3.0665806828413595,3.0665806828413595,0.0,3.0665806828413595,general_only,CC1CC2CCCCC2CC1C1CC2CCCCC2C1,O=c1oc2ccccc2cc1-c1cc2ccccc2o1,outside_MR_TADF,outside_CzBN_domain,outside_CzBN_domain
E00_133_01235,O=c1oc2ccc(Cl)cc2cc1-c1cc2cc(Cl)ccc2o1,BMJVSFMTZMKWHO-UHFFFAOYSA-N,,DOI: 10.1021/acs.orglett.7b00069,toluene,1,3.0852040030792915,3.0852040030792915,0.0,3.0852040030792915,3.0852040030792915,0.0,3.0852040030792915,general_only,CC1CC2CCCCC2CC1C1CC2CCCCC2C1,O=c1oc2ccccc2cc1-c1cc2ccccc2o1,outside_MR_TADF,outside_CzBN_domain,outside_CzBN_domain
E00_133_01236,O=c1oc2ccccc2c2cc(N3c4ccccc4Oc4ccccc43)ccc12,WWFYCWUEPSBHHH-UHFFFAOYSA-N,,DOI: 10.1021/acsami.6b15816,toluene,1,2.713531692278948,2.713531692278948,0.0,2.713531692278948,2.713531692278948,0.0,2.713531692278948,general_only,CC1CC2CCCCC2C2CC(C3C4CCCCC4CC4CCCCC43)CCC12,O=c1oc2ccccc2c2cc(N3c4ccccc4Oc4ccccc43)ccc12,outside_MR_TADF,outside_CzBN_domain,outside_CzBN_domain
E00_133_01237,O=c1oc2ccccc2cc1-c1cc2ccccc2o1,PCKQWZXBYXISFM-UHFFFAOYSA-N,,DOI: 10.1021/acs.orglett.7b00069,toluene,1,3.100713472627408,3.100713472627408,0.0,3.100713472627408,3.100713472627408,0.0,3.100713472627408,general_only,CC1CC2CCCCC2CC1C1CC2CCCCC2C1,O=c1oc2ccccc2cc1-c1cc2ccccc2o1,outside_MR_TADF,outside_CzBN_domain,outside_CzBN_domain
E00_133_01238,O=c1oc2ccccc2cc1-c1ccc(-c2cc3ccccc3oc2=O)cc1,AQWCYOKWUXGQPZ-UHFFFAOYSA-N,,doi:10.1016/S0143-7208(03)00028-7,toluene,1,3.2541716653942636,3.2541716653942636,0.0,3.2541716653942636,3.2541716653942636,0.0,3.2541716653942636,general_only,CC1CC2CCCCC2CC1C1CCC(C2CC3CCCCC3CC2C)CC1,O=c1oc2ccccc2cc1-c1ccc(-c2cc3ccccc3oc2=O)cc1,outside_MR_TADF,outside_CzBN_domain,outside_CzBN_domain
E00_133_01239,O=c1oc2ccccc2cc1-c1nc2ccccc2o1,RVDUJQJNCDQXMC-UHFFFAOYSA-N,,https://doi.org/10.1016/S1386-1425(02)00164-6,toluene,1,3.1154806491885143,3.1154806491885143,0.0,3.1154806491885143,3.1154806491885143,0.0,3.1154806491885143,general_only,CC1CC2CCCCC2CC1C1CC2CCCCC2C1,O=c1oc2ccccc2cc1-c1nc2ccccc2o1,outside_MR_TADF,outside_CzBN_domain,outside_CzBN_domain
E00_133_01240,OCC1O[C@@H](Cc2cc(O)cc(/C=C/c3ccc(O)c(O)c3)c2)[C@H](O)[C@@H](O)[C@@H]1O,POMYHRSDFDHIJV-BFPYWCHSSA-N,,https://doi.org/10.1016/j.saa.2012.10.013,toluene,1,3.658338516829083,3.658338516829083,0.0,3.658338516829083,3.658338516829083,0.0,3.658338516829083,general_only,C1CCC(CC2CCCC(CCC3CCCCC3)C2)CC1,C(=C/c1cccc(C[C@H]2CCCCO2)c1)\c1ccccc1,outside_MR_TADF,outside_CzBN_domain,outside_CzBN_domain
E00_133_01241,OCCSc1cccc2[n+]1[B-](F)(F)n1c(c3cccc4cccc1c43)=N2,CDWLNZPRDAXSRE-UHFFFAOYSA-N,,DOI: 10.1021/ol503379c,toluene,1,2.5008233882936546,2.5008233882936546,0.0,2.5008233882936546,2.5008233882936546,0.0,2.5008233882936546,general_only,C1CCC2CC3C(CC2C1)C1CCCC2CCCC3C21,[BH2-]1n2c(c3cccc4cccc2c43)=Nc2cccc[n+]21,outside_MR_TADF,outside_CzBN_domain,outside_CzBN_domain
E00_133_01242,Oc1c(-c2nc3c4ccc(-c5ccccc5)cc4c4cc(-c5ccccc5)ccc4c3[nH]2)cc2c3c1CCCN3CCC2,ARRHGKPBJAFCLC-UHFFFAOYSA-N,,https://doi.org/10.1016/j.dyepig.2018.06.020,toluene,1,3.0591672576724678,3.0591672576724678,0.0,3.0591672576724678,3.0591672576724678,0.0,3.0591672576724678,general_only,C1CCC(C2CCC3C(C2)C2CC(C4CCCCC4)CCC2C2CC(C4CC5CCCC6CCCC(C4)C65)CC32)CC1,c1ccc(-c2ccc3c(c2)c2cc(-c4ccccc4)ccc2c2[nH]c(-c4cc5c6c(c4)CCCN6CCC5)nc32)cc1,outside_MR_TADF,outside_CzBN_domain,outside_CzBN_domain
E00_133_01243,Oc1c(-c2nc3c4ccc(-c5ccccc5)cc4c4cc(-c5ccccc5)ccc4c3[nH]2)ccc2c1c1ccccc1n2-c1ccccc1,PKEQGEMQZJDUMZ-UHFFFAOYSA-N,,https://doi.org/10.1016/j.dyepig.2018.06.020,toluene,1,2.7964837453318516,2.7964837453318516,0.0,2.7964837453318516,2.7964837453318516,0.0,2.7964837453318516,general_only,C1CCC(C2CCC3C(C2)C2CC(C4CCCCC4)CCC2C2CC(C4CCC5C(C4)C4CCCCC4C5C4CCCCC4)CC32)CC1,c1ccc(-c2ccc3c(c2)c2cc(-c4ccccc4)ccc2c2[nH]c(-c4ccc5c(c4)c4ccccc4n5-c4ccccc4)nc32)cc1,outside_MR_TADF,outside_CzBN_domain,outside_CzBN_domain
E00_133_01244,Oc1c(-c2nc3c4ccccc4c4ccccc4c3[nH]2)cc2c3c1CCCN3CCC2,UJLRVWDWFOJLKR-UHFFFAOYSA-N,,https://doi.org/10.1016/j.dyepig.2018.06.020,toluene,1,3.1599304059866373,3.1599304059866373,0.0,3.1599304059866373,3.1599304059866373,0.0,3.1599304059866373,general_only,C1CC2CCCC3CC(C4CC5C6CCCCC6C6CCCCC6C5C4)CC(C1)C23,c1ccc2c(c1)c1ccccc1c1[nH]c(-c3cc4c5c(c3)CCCN5CCC4)nc21,outside_MR_TADF,outside_CzBN_domain,outside_CzBN_domain
E00_133_01245,Oc1cc(N(c2ccccc2)c2ccccc2)ccc1-c1nc2c3ccc(-c4ccccc4)cc3c3cc(-c4ccccc4)ccc3c2[nH]1,ZOLURLLSQMSFHO-UHFFFAOYSA-N,,https://doi.org/10.1016/j.dyepig.2018.06.020,toluene,1,3.015721040189125,3.015721040189125,0.0,3.015721040189125,3.015721040189125,0.0,3.015721040189125,general_only,C1CCC(C2CCC3C(C2)C2CC(C4CCCCC4)CCC2C2CC(C4CCC(C(C5CCCCC5)C5CCCCC5)CC4)CC32)CC1,c1ccc(-c2ccc3c(c2)c2cc(-c4ccccc4)ccc2c2[nH]c(-c4ccc(N(c5ccccc5)c5ccccc5)cc4)nc32)cc1,outside_MR_TADF,outside_CzBN_domain,outside_CzBN_domain
E00_133_01246,Oc1cc(N(c2ccccc2)c2ccccc2)ccc1-c1nc2c3ccccc3c3ccccc3c2[nH]1,VAJZUZZWWOATHE-UHFFFAOYSA-N,,https://doi.org/10.1016/j.dyepig.2018.06.020,toluene,1,3.0589379025397982,3.0589379025397982,0.0,3.0589379025397982,3.0589379025397982,0.0,3.0589379025397982,general_only,C1CCC(C(C2CCCCC2)C2CCC(C3CC4C5CCCCC5C5CCCCC5C4C3)CC2)CC1,c1ccc(N(c2ccccc2)c2ccc(-c3nc4c5ccccc5c5ccccc5c4[nH]3)cc2)cc1,outside_MR_TADF,outside_CzBN_domain,outside_CzBN_domain
E00_133_01247,Oc1cc2c(cc1-c1nc3c4ccccc4c4ccccc4c3[nH]1)c1ccccc1n2-c1ccccc1,LXJILICISBQCRY-UHFFFAOYSA-N,,https://doi.org/10.1016/j.dyepig.2018.06.020,toluene,1,2.844095398301324,2.844095398301324,0.0,2.844095398301324,2.844095398301324,0.0,2.844095398301324,general_only,C1CCC(C2C3CCCCC3C3CC(C4CC5C6CCCCC6C6CCCCC6C5C4)CCC32)CC1,c1ccc(-n2c3ccccc3c3cc(-c4nc5c6ccccc6c6ccccc6c5[nH]4)ccc32)cc1,outside_MR_TADF,outside_CzBN_domain,outside_CzBN_domain
E00_133_01248,Oc1ccc(/N=C/c2ccccc2Oc2ccccc2)cc1,HKCHRLODXLHBOM-XSFVSMFZSA-N,,https://doi.org/10.1016/j.molliq.2017.07.070,toluene,1,3.325060619027243,3.325060619027243,0.0,3.325060619027243,3.325060619027243,0.0,3.325060619027243,general_only,C1CCC(CC2CCCCC2CCC2CCCCC2)CC1,C(=N/c1ccccc1)\c1ccccc1Oc1ccccc1,outside_MR_TADF,outside_CzBN_domain,outside_CzBN_domain
E00_133_01249,Oc1ccc(Nc2ccc3ccccc3n2)cc1,PUMYGHUHNXBMJZ-UHFFFAOYSA-N,,https://doi.org/10.1016/j.jlumin.2018.12.059,toluene,1,3.1398658713994028,3.1398658713994028,0.0,3.1398658713994028,3.1398658713994028,0.0,3.1398658713994028,general_only,C1CCC(CC2CCC3CCCCC3C2)CC1,c1ccc(Nc2ccc3ccccc3n2)cc1,outside_MR_TADF,outside_CzBN_domain,outside_CzBN_domain
E00_133_01250,Oc1ccc2ccc3cccc4ccc1c2c34,BIJNHUAPTJVVNQ-UHFFFAOYSA-N,,DOI: 10.1039/b816695a,toluene,1,3.2225120001067378,3.2225120001067378,0.0,3.2225120001067378,3.2225120001067378,0.0,3.2225120001067378,general_only,C1CC2CCC3CCCC4CCC(C1)C2C34,c1cc2ccc3cccc4ccc(c1)c2c34,outside_MR_TADF,outside_CzBN_domain,outside_CzBN_domain
E00_133_01251,Oc1ccc2ccccc2c1C1Nc2cccc3cccc(c23)N1,CZHAUERRAMVUGM-UHFFFAOYSA-N,,https://doi.org/10.1007/s10895-019-02361-9,toluene,1,3.164548936062289,3.164548936062289,0.0,3.164548936062289,3.164548936062289,0.0,3.164548936062289,general_only,C1CCC2C(C1)CCCC2C1CC2CCCC3CCCC(C1)C32,c1ccc2c(C3Nc4cccc5cccc(c45)N3)cccc2c1,outside_MR_TADF,outside_CzBN_domain,outside_CzBN_domain
E00_133_01252,Oc1ccc2ncccc2c1,OVYWMEWYEJLIER-UHFFFAOYSA-N,,10.1021/jp901867h,toluene,1,3.6238438171951257,3.6238438171951257,0.0,3.6238438171951257,3.6238438171951257,0.0,3.6238438171951257,general_only,C1CCC2CCCCC2C1,c1ccc2ncccc2c1,outside_MR_TADF,outside_CzBN_domain,outside_CzBN_domain
E00_133_01253,Oc1cccc(/N=C/c2ccccc2Oc2ccccc2)c1,OHPPRLQFPVRJSQ-XSFVSMFZSA-N,,https://doi.org/10.1016/j.molliq.2017.07.070,toluene,1,3.4184346158456194,3.4184346158456194,0.0,3.4184346158456194,3.4184346158456194,0.0,3.4184346158456194,general_only,C1CCC(CC2CCCCC2CCC2CCCCC2)CC1,C(=N/c1ccccc1)\c1ccccc1Oc1ccccc1,outside_MR_TADF,outside_CzBN_domain,outside_CzBN_domain
E00_133_01254,Oc1ccccc1-c1nc2c3ccccc3c3ccccc3c2n1-c1ccccc1,ZUCWKXRBVUHMDJ-UHFFFAOYSA-N,,DOI:10.1039/c2jm33891b,toluene,1,3.530963070824738,3.530963070824738,0.0,3.530963070824738,3.530963070824738,0.0,3.530963070824738,general_only,C1CCC(C2CC3C4CCCCC4C4CCCCC4C3C2C2CCCCC2)CC1,c1ccc(-c2nc3c4ccccc4c4ccccc4c3n2-c2ccccc2)cc1,outside_MR_TADF,outside_CzBN_domain,outside_CzBN_domain
E00_133_01255,Oc1ccccc1-c1nc2c3ccccc3c3ccccc3c2o1,QNGJLZYSFBEMAD-UHFFFAOYSA-N,,DOI:10.1039/c2jm33891b,toluene,1,3.392670000299428,3.392670000299428,0.0,3.392670000299428,3.392670000299428,0.0,3.392670000299428,general_only,C1CCC(C2CC3C4CCCCC4C4CCCCC4C3C2)CC1,c1ccc(-c2nc3c4ccccc4c4ccccc4c3o2)cc1,outside_MR_TADF,outside_CzBN_domain,outside_CzBN_domain
E00_133_01256,Oc1ccccc1-c1nc2c3cccnc3c3ncccc3c2n1-c1ccccc1,BHQDIJQLMVBJNA-UHFFFAOYSA-N,,DOI:10.1039/c2jm33891b,toluene,1,3.4921713301628934,3.4921713301628934,0.0,3.4921713301628934,3.4921713301628934,0.0,3.4921713301628934,general_only,C1CCC(C2CC3C4CCCCC4C4CCCCC4C3C2C2CCCCC2)CC1,c1ccc(-c2nc3c4cccnc4c4ncccc4c3n2-c2ccccc2)cc1,outside_MR_TADF,outside_CzBN_domain,outside_CzBN_domain
E00_133_01257,Oc1ccccc1/C=N/c1ccc(Cn2cncn2)cc1,YNVSCJWGUOFNDG-GIJQJNRQSA-N,,https://doi.org/10.1016/j.molstruc.2016.02.036,toluene,1,4.092620000106478,4.092620000106478,0.0,4.092620000106478,4.092620000106478,0.0,4.092620000106478,general_only,C1CCC(CCC2CCC(CC3CCCC3)CC2)CC1,C(=N/c1ccc(Cn2cncn2)cc1)\c1ccccc1,outside_MR_TADF,outside_CzBN_domain,outside_CzBN_domain
E00_133_01258,Oc1ccccc1/N=C/c1ccccc1Oc1ccccc1,GHIMGHVOCHBIEU-XSFVSMFZSA-N,,https://doi.org/10.1016/j.molliq.2017.07.070,toluene,1,3.135812403011667,3.135812403011667,0.0,3.135812403011667,3.135812403011667,0.0,3.135812403011667,general_only,C1CCC(CC2CCCCC2CCC2CCCCC2)CC1,C(=N/c1ccccc1)\c1ccccc1Oc1ccccc1,outside_MR_TADF,outside_CzBN_domain,outside_CzBN_domain
E00_133_01259,Oc1ccccc1C1=NC2c3cccc4cccc(c34)C2N1c1ccccc1,QEDKIBGXSJJFPC-UHFFFAOYSA-N,,DOI:10.1039/c2jm33891b,toluene,1,2.5201213346814964,2.5201213346814964,0.0,2.5201213346814964,2.5201213346814964,0.0,2.5201213346814964,general_only,C1CCC(C2CC3C4CCCC5CCCC(C54)C3C2C2CCCCC2)CC1,c1ccc(C2=NC3c4cccc5cccc(c45)C3N2c2ccccc2)cc1,outside_MR_TADF,outside_CzBN_domain,outside_CzBN_domain
E00_133_01260,[C-]#[N+]c1ccc(-c2ccc(N(C)C)cc2)cc1,DYSLFYJGQNLQPN-UHFFFAOYSA-N,,http://dx.doi.org/10.1016/j.jphotochem.2015.12.006,toluene,1,3.4865656637056937,3.4865656637056937,0.0,3.4865656637056937,3.4865656637056937,0.0,3.4865656637056937,general_only,C1CCC(C2CCCCC2)CC1,c1ccc(-c2ccccc2)cc1,outside_MR_TADF,outside_CzBN_domain,outside_CzBN_domain
E00_133_01261,[C-]#[N+]c1ccc(-c2ccc(N)cc2)cc1,PIAVSHTYMWFNII-UHFFFAOYSA-N,,http://dx.doi.org/10.1016/j.jphotochem.2015.12.006,toluene,1,3.671159029649596,3.671159029649596,0.0,3.671159029649596,3.671159029649596,0.0,3.671159029649596,general_only,C1CCC(C2CCCCC2)CC1,c1ccc(-c2ccccc2)cc1,outside_MR_TADF,outside_CzBN_domain,outside_CzBN_domain
E00_133_01262,[C-]#[N+]c1ccc(-c2ccc(NC)cc2)cc1,NYPKDLBFMGXRJG-UHFFFAOYSA-N,,http://dx.doi.org/10.1016/j.jphotochem.2015.12.006,toluene,1,3.5174427882927453,3.5174427882927453,0.0,3.5174427882927453,3.5174427882927453,0.0,3.5174427882927453,general_only,C1CCC(C2CCCCC2)CC1,c1ccc(-c2ccccc2)cc1,outside_MR_TADF,outside_CzBN_domain,outside_CzBN_domain
E00_133_01263,[O-]c1ccccc1-c1[nH+]c2c3ccccc3c3ccccc3c2n1-c1ccccc1,ZUCWKXRBVUHMDJ-UHFFFAOYSA-N,,DOI:10.1039/c2jm33891b,toluene,1,2.9957012666934144,2.9957012666934144,0.0,2.9957012666934144,2.9957012666934144,0.0,2.9957012666934144,general_only,C1CCC(C2CC3C4CCCCC4C4CCCCC4C3C2C2CCCCC2)CC1,c1ccc(-c2[nH+]c3c4ccccc4c4ccccc4c3n2-c2ccccc2)cc1,outside_MR_TADF,outside_CzBN_domain,outside_CzBN_domain
E00_133_01264,c1cc(-n2c3ccccc3c3ccccc32)c(-c2nc3ccccn3n2)c(-n2c3ccccc3c3ccccc32)c1,RTRBSVKBYOOKBO-UHFFFAOYSA-N,,DOI: 10.1021/acsami.7b18202,toluene,1,3.396032372974826,3.396032372974826,0.0,3.396032372974826,3.396032372974826,0.0,3.396032372974826,general_only,C1CCC2CC(C3C(C4C5CCCCC5C5CCCCC54)CCCC3C3C4CCCCC4C4CCCCC43)CC2C1,c1cc(-n2c3ccccc3c3ccccc32)c(-c2nc3ccccn3n2)c(-n2c3ccccc3c3ccccc32)c1,outside_MR_TADF,outside_CzBN_domain,outside_CzBN_domain
E00_133_01265,c1cc2c([nH]c3c4[nH]c5sccc5c4c4nsnc4c23)s1,BJJJCWVTACOCKQ-UHFFFAOYSA-N,,DOI: 10.1021/jo301458m,toluene,1,2.758515815085158,2.758515815085158,0.0,2.758515815085158,2.758515815085158,0.0,2.758515815085158,general_only,C1CC2CC3C4CC5CCCC5C4C4CCCC4C3C2C1,c1cc2c([nH]c3c4[nH]c5sccc5c4c4nsnc4c23)s1,outside_MR_TADF,outside_CzBN_domain,outside_CzBN_domain
E00_133_01266,c1cc2c3c(c1)-c1ccc4c5c(ccc(c15)B3c1ccc3c5c(ccc-2c15)CC3)CC4,BREFYLCZVLFVHE-UHFFFAOYSA-N,,DOI: 10.1021/acs.orglett.5b03167,toluene,1,2.4540756401221517,2.4540756401221517,0.0,2.4540756401221517,2.4540756401221517,0.0,2.4540756401221517,general_only,C1CC2C3CCC4CCC5CCC(C3C45)C3C4CCC5CCC6CCC(C(C1)C23)C4C65,c1cc2c3c(c1)-c1ccc4c5c(ccc(c15)B3c1ccc3c5c(ccc-2c15)CC3)CC4,outside_MR_TADF,outside_CzBN_domain,outside_CzBN_domain
E00_133_01267,c1cc2c3c(c1)-c1cccc4cccc(c14)B3c1cccc3cccc-2c13,INXSKSHFILSOEQ-UHFFFAOYSA-N,,DOI: 10.1021/acs.orglett.5b03167,toluene,1,2.5932012272405442,2.5932012272405442,0.0,2.5932012272405442,2.5932012272405442,0.0,2.5932012272405442,general_only,C1CC2CCCC3C2C(C1)C1CCCC2C4CCCC5CCCC(C54)C3C12,c1cc2c3c(c1)-c1cccc4cccc(c14)B3c1cccc3cccc-2c13,outside_MR_TADF,outside_CzBN_domain,outside_CzBN_domain
E00_133_01268,c1cc2c3c(c1)-n1c4ccc(-n5c6ccccc6c6ccccc65)cc4c4cc(-n5c6ccccc6c6ccccc65)cc(c41)B3c1cc(-n3c4ccccc4c4ccccc43)cc3c4cc(-n5c6ccccc6c6ccccc65)ccc4n-2c13,RWMICHYNCCGRHO-UHFFFAOYSA-N,TCz-B,"Angew.Chem.Int.Ed.2021, 60, 23142 –23147",toluene,1,2.4736666242362526,2.4736666242362526,0.0,2.4736666242362526,2.4736666242362526,0.0,2.4736666242362526,MR_TADF_only,C1CCC2C(C1)C1CCCCC1C2C1CCC2C(C1)C1CC(C3C4CCCCC4C4CCCCC43)CC3C1C2C1CCCC2C4C5CCC(C6C7CCCCC7C7CCCCC76)CC5C5CC(C6C7CCCCC7C7CCCCC76)CC(C54)C3C12,c1cc2c3c(c1)-n1c4ccc(-n5c6ccccc6c6ccccc65)cc4c4cc(-n5c6ccccc6c6ccccc65)cc(c41)B3c1cc(-n3c4ccccc4c4ccccc43)cc3c4cc(-n5c6ccccc6c6ccccc65)ccc4n-2c13,exact_CzBN_core_derivative,nitrogen_heteroaryl,CZBN_CLUSTER_32
E00_133_01269,c1cc2c3c(c1)-n1c4ccccc4c4cccc(c41)B3c1cccc3c4ccccc4n-2c13,IITQULMOOBIEDJ-UHFFFAOYSA-N,DCzB / Cz-B / CzBN / NBN,"J. Mater. Chem. C, 2022, 10, 15408–15415 | Angew.Chem.Int.Ed.2021, 60, 23142 –23147 | ChemicalEngineeringJournal471(2023)144664 | Adv.OpticalMater.2024,2302354",toluene,1,2.654866040130684,2.654866040130684,0.0,2.654866040130684,2.654866040130684,0.0,2.654866040130684,MR_TADF_only,C1CCC2C(C1)C1CCCC3C1C2C1CCCC2C4C5CCCCC5C5CCCC(C54)C3C12,c1cc2c3c(c1)-n1c4ccccc4c4cccc(c41)B3c1cccc3c4ccccc4n-2c13,exact_CzBN_core_derivative,unsubstituted_parent,CZBN_CLUSTER_13
E00_133_01270,c1cc2c3c(c1)-n1c4ccncc4c4cccc(c41)B3c1cccc3c4cnccc4n-2c13,ZWNFEYGDKJJKAQ-UHFFFAOYSA-N,γ-Cb-B,"Angew.Chem.Int.Ed.2021, 60, 23142 –23147",toluene,1,2.747374619687899,2.747374619687899,0.0,2.747374619687899,2.747374619687899,0.0,2.747374619687899,MR_TADF_only,C1CCC2C(C1)C1CCCC3C1C2C1CCCC2C4C5CCCCC5C5CCCC(C54)C3C12,c1cc2c3c(c1)-n1c4ccncc4c4cccc(c41)B3c1cccc3c4cnccc4n-2c13,related_extended_CzBN_core,nitrogen_heteroaryl,CZBN_CLUSTER_13
E00_133_01271,c1cc2c3c(cccc3c1)NC(c1ccc3ccc4cccc5ccc1c3c45)N2,LYYDLFIKKRBPLE-UHFFFAOYSA-N,,https://doi.org/10.1007/s10895-019-02361-9,toluene,1,3.0373853423515245,3.0373853423515245,0.0,3.0373853423515245,3.0373853423515245,0.0,3.0373853423515245,general_only,C1CC2CCCC3CC(C4CCC5CCC6CCCC7CCC4C5C67)CC(C1)C23,c1cc2c3c(cccc3c1)NC(c1ccc3ccc4cccc5ccc1c3c45)N2,outside_MR_TADF,outside_CzBN_domain,outside_CzBN_domain
E00_133_01272,c1cc2c3cc1c1ccc4c(c1)c1cc(ccc1[C@]15OCCO[C@]41OCCO5)c1ccc4c(c1)c1cc(ccc1[C@]15OCCO[C@]41OCCO5)c1ccc(c3c1)[C@]13OCCO[C@]21OCCO3,NEFZANIXZJEOMR-JTLGOVNKSA-N,,DOI: 10.1021/acs.joc.9b02379,toluene,1,3.8742468415937807,3.8742468415937807,0.0,3.8742468415937807,3.8742468415937807,0.0,3.8742468415937807,general_only,C1CCC23CCCCC2(C1)C1CCC2CC1C1CC(CCC13)C1CCC3C(C1)C1CC(CCC1C14CCCCC31CCCC4)C1CCC3C(C1)C1CC2CCC1C12CCCCC31CCCC2,c1cc2c3cc1c1ccc4c(c1)c1cc(ccc1[C@]15OCCO[C@]41OCCO5)c1ccc4c(c1)c1cc(ccc1[C@]15OCCO[C@]41OCCO5)c1ccc(c3c1)[C@]13OCCO[C@]21OCCO3,outside_MR_TADF,outside_CzBN_domain,outside_CzBN_domain
E00_133_01273,c1cc2cc(c1)c1ccc3ccc4ccc(cc4c3c1)c1ccc3ccc4ccc(cc4c3c1)c1cccc2c1,MTLKHKADIKPRNH-UHFFFAOYSA-N,,DOI: 10.1021/acs.joc.9b02379,toluene,1,3.2440634143022384,3.2440634143022384,0.0,3.2440634143022384,3.2440634143022384,0.0,3.2440634143022384,general_only,C1CC2CC(C1)C1CCC3CCC4CCC(CC4C3C1)C1CCC3CCC4CCC(CC4C3C1)C1CCCC2C1,c1cc2cc(c1)c1ccc3ccc4ccc(cc4c3c1)c1ccc3ccc4ccc(cc4c3c1)c1cccc2c1,outside_MR_TADF,outside_CzBN_domain,outside_CzBN_domain
E00_133_01274,c1cc2cc(c1)c1cccc(c1)c1ccc3ccc4ccc(cc4c3c1)c1cccc(c1)c1cccc2c1,YINXTSAIZQFFOU-UHFFFAOYSA-N,,DOI: 10.1021/acs.joc.9b02379,toluene,1,3.430616824141773,3.430616824141773,0.0,3.430616824141773,3.430616824141773,0.0,3.430616824141773,general_only,C1CC2CC(C1)C1CCCC(C1)C1CCC3CCC4CCC(CC4C3C1)C1CCCC(C1)C1CCCC2C1,c1cc2cc(c1)c1cccc(c1)c1ccc3ccc4ccc(cc4c3c1)c1cccc(c1)c1cccc2c1,outside_MR_TADF,outside_CzBN_domain,outside_CzBN_domain
E00_133_01275,c1cc2ccc3ccc(-c4ccc(-c5nnc(-c6ccc(-c7nnc(-c8ccc(-c9ccc%10ccc%11cccc%12ccc9c%10c%11%12)s8)o7)cc6)o5)s4)c4ccc(c1)c2c34,JIADYZGMHSVNFI-UHFFFAOYSA-N,,https://doi.org/10.1016/j.molstruc.2019.127032,toluene,1,3.3194762150945802,3.3194762150945802,0.0,3.3194762150945802,3.3194762150945802,0.0,3.3194762150945802,general_only,C1CC2CCC3CCC(C4CCC(C5CCC(C6CCC(C7CCC(C8CCC(C9CCC%10CCC%11CCCC%12CCC9C%10C%11%12)C8)C7)CC6)C5)C4)C4CCC(C1)C2C34,c1cc2ccc3ccc(-c4ccc(-c5nnc(-c6ccc(-c7nnc(-c8ccc(-c9ccc%10ccc%11cccc%12ccc9c%10c%11%12)s8)o7)cc6)o5)s4)c4ccc(c1)c2c34,outside_MR_TADF,outside_CzBN_domain,outside_CzBN_domain
E00_133_01276,c1cc2ccc3ccc4cc3c2cc1CCCCCCc1ccc2ccc3ccc-4cc3c2c1,OTECTIYCRYBSGJ-UHFFFAOYSA-N,,DOI: 10.1021/acs.joc.9b02379,toluene,1,3.4941742654508614,3.4941742654508614,0.0,3.4941742654508614,3.4941742654508614,0.0,3.4941742654508614,general_only,C1CCCC2CCC3CCC4CCC(CC4C3C2)C2CCC3CCC4CCC(CC1)CC4C3C2,c1cc2ccc3ccc4cc3c2cc1CCCCCCc1ccc2ccc3ccc-4cc3c2c1,outside_MR_TADF,outside_CzBN_domain,outside_CzBN_domain
E00_133_01277,c1cc2ccc3ccc4cc3c2cc1c1ccc2c(c1)c1cc(ccc1[C@]13OCCO[C@]21OCCO3)c1ccc2c(c1)c1cc4ccc1[C@]13OCCO[C@]21OCCO3,WIOLPUQTMVEPNO-QXYJZNQMSA-N,,DOI: 10.1021/acs.joc.9b02379,toluene,1,3.3543120820069507,3.3543120820069507,0.0,3.3543120820069507,3.3543120820069507,0.0,3.3543120820069507,general_only,C1CCC23CCCCC2(C1)C1CCC2CC1C1CC(CCC13)C1CCC3C(C1)C1CC(CCC1C14CCCCC31CCCC4)C1CCC3CCC4CCC2CC4C3C1,c1cc2ccc3ccc4cc3c2cc1c1ccc2c(c1)c1cc(ccc1[C@]13OCCO[C@]21OCCO3)c1ccc2c(c1)c1cc4ccc1[C@]13OCCO[C@]21OCCO3,outside_MR_TADF,outside_CzBN_domain,outside_CzBN_domain
E00_133_01278,c1cc2ccc3ccc4cc3c2cc1c1ccc2ccc3ccc(cc3c2c1)c1ccc2c(c1)c1cc4ccc1[C@]13OCCO[C@]21OCCO3,MZQNTMJIFQGTQH-QWKHHPMFSA-N,,DOI: 10.1021/acs.joc.9b02379,toluene,1,3.1666731565489403,3.1666731565489403,0.0,3.1666731565489403,3.1666731565489403,0.0,3.1666731565489403,general_only,C1CCC23CCCCC2(C1)C1CCC2CC1C1CC(CCC13)C1CCC3CCC4CCC(CC4C3C1)C1CCC3CCC4CCC2CC4C3C1,c1cc2ccc3ccc4cc3c2cc1c1ccc2ccc3ccc(cc3c2c1)c1ccc2c(c1)c1cc4ccc1[C@]13OCCO[C@]21OCCO3,outside_MR_TADF,outside_CzBN_domain,outside_CzBN_domain
E00_133_01279,c1cc2ccc3ccc4cc3c2cc1c1ccc2ccc3ccc(cc3c2c1)c1ccc2ccc3ccc4cc3c2c1,RIIQONSNWDINRT-UHFFFAOYSA-N,,DOI: 10.1021/acs.joc.9b02379,toluene,1,3.133046937151949,3.133046937151949,0.0,3.133046937151949,3.133046937151949,0.0,3.133046937151949,general_only,C1CC2CCC3CCC4CC3C2CC1C1CCC2CCC3CCC(CC3C2C1)C1CCC2CCC3CCC4CC3C2C1,c1cc2ccc3ccc4cc3c2cc1c1ccc2ccc3ccc(cc3c2c1)c1ccc2ccc3ccc4cc3c2c1,outside_MR_TADF,outside_CzBN_domain,outside_CzBN_domain
E00_133_01280,c1cc2ccc3cccc4ccc(c1)c2c34,BBEAQIROQSPTKN-UHFFFAOYSA-N,,http://dx.doi.org/10.1021/ja2006862,toluene,1,3.379373848987109,3.379373848987109,0.0,3.379373848987109,3.379373848987109,0.0,3.379373848987109,general_only,C1CC2CCC3CCCC4CCC(C1)C2C34,c1cc2ccc3cccc4ccc(c1)c2c34,outside_MR_TADF,outside_CzBN_domain,outside_CzBN_domain
E00_133_01281,c1ccc(-c2c3c(c(-c4ccccc4)c4cc5ccccc5cc24)Cc2c(c(-c4ccccc4)c4cc5ccccc5cc4c2-c2ccccc2)C3)cc1,LLLGZZZAOVNVHJ-UHFFFAOYSA-N,,10.1021/jo0601314,toluene,1,3.127966306574544,3.127966306574544,0.0,3.127966306574544,3.127966306574544,0.0,3.127966306574544,general_only,C1CCC(C2C3CC4CCCCC4CC3C(C3CCCCC3)C3CC4C(CC32)C(C2CCCCC2)C2CC3CCCCC3CC2C4C2CCCCC2)CC1,c1ccc(-c2c3c(c(-c4ccccc4)c4cc5ccccc5cc24)Cc2c(c(-c4ccccc4)c4cc5ccccc5cc4c2-c2ccccc2)C3)cc1,outside_MR_TADF,outside_CzBN_domain,outside_CzBN_domain
E00_133_01282,c1ccc(-c2cc(-c3ccc(N4c5ccccc5C(c5ccccc5)(c5ccccc5)c5ccccc54)cc3)nc(-c3ccccc3)n2)cc1,NZYWKBOPJIYEMS-UHFFFAOYSA-N,,C8QM00382C,toluene,1,3.058536071530611,3.058536071530611,0.0,3.058536071530611,3.058536071530611,0.0,3.058536071530611,general_only,C1CCC(C2CC(C3CCCCC3)CC(C3CCC(C4C5CCCCC5C(C5CCCCC5)(C5CCCCC5)C5CCCCC45)CC3)C2)CC1,c1ccc(-c2cc(-c3ccc(N4c5ccccc5C(c5ccccc5)(c5ccccc5)c5ccccc54)cc3)nc(-c3ccccc3)n2)cc1,outside_MR_TADF,outside_CzBN_domain,outside_CzBN_domain
E00_133_01283,c1ccc(-c2cc(-c3ccc(N4c5ccccc5C(c5ccccc5)(c5ccccc5)c5ccccc54)cn3)nc(-c3ccccc3)n2)cc1,RXMYSSFKMHZUOG-UHFFFAOYSA-N,,C8QM00382C,toluene,1,2.9282148902162968,2.9282148902162968,0.0,2.9282148902162968,2.9282148902162968,0.0,2.9282148902162968,general_only,C1CCC(C2CC(C3CCCCC3)CC(C3CCC(C4C5CCCCC5C(C5CCCCC5)(C5CCCCC5)C5CCCCC45)CC3)C2)CC1,c1ccc(-c2cc(-c3ccc(N4c5ccccc5C(c5ccccc5)(c5ccccc5)c5ccccc54)cn3)nc(-c3ccccc3)n2)cc1,outside_MR_TADF,outside_CzBN_domain,outside_CzBN_domain
E00_133_01284,c1ccc(-c2cc(-c3ccc(N4c5ccccc5C5(c6ccccc64)c4ccccc4N(c4ccc(-c6cc(-c7ccccc7)nc(-c7ccccc7)n6)cc4)c4ccccc45)cc3)nc(-c3ccccc3)n2)cc1,WJLDZFNSSUHGFF-UHFFFAOYSA-N,,10.1021/acs.chemmater.7b02403,toluene,1,2.982992410384349,2.982992410384349,0.0,2.982992410384349,2.982992410384349,0.0,2.982992410384349,general_only,C1CCC(C2CC(C3CCCCC3)CC(C3CCC(C4C5CCCCC5C5(C6CCCCC46)C4CCCCC4C(C4CCC(C6CC(C7CCCCC7)CC(C7CCCCC7)C6)CC4)C4CCCCC45)CC3)C2)CC1,c1ccc(-c2cc(-c3ccc(N4c5ccccc5C5(c6ccccc64)c4ccccc4N(c4ccc(-c6cc(-c7ccccc7)nc(-c7ccccc7)n6)cc4)c4ccccc45)cc3)nc(-c3ccccc3)n2)cc1,outside_MR_TADF,outside_CzBN_domain,outside_CzBN_domain
E00_133_01285,c1ccc(-c2cc(-c3ccc4ccc5c(-c6ccnc(-c7ccccn7)c6)ccc6ccc3c4c65)ccn2)nc1,RYVFJMYBZDWCMY-UHFFFAOYSA-N,,10.1021/jp000658z,toluene,1,3.224248000046754,3.224248000046754,0.0,3.224248000046754,3.224248000046754,0.0,3.224248000046754,general_only,C1CCC(C2CCCC(C3CCC4CCC5C(C6CCCC(C7CCCCC7)C6)CCC6CCC3C4C65)C2)CC1,c1ccc(-c2cc(-c3ccc4ccc5c(-c6ccnc(-c7ccccn7)c6)ccc6ccc3c4c65)ccn2)nc1,outside_MR_TADF,outside_CzBN_domain,outside_CzBN_domain
E00_133_01286,c1ccc(-c2cc(-c3ccc4ccc5cccc6ccc3c4c56)ccn2)nc1,WELJANWELQTXOT-UHFFFAOYSA-N,,10.1021/jp000658z,toluene,1,3.3851999997723317,3.3851999997723317,0.0,3.3851999997723317,3.3851999997723317,0.0,3.3851999997723317,general_only,C1CCC(C2CCCC(C3CCC4CCC5CCCC6CCC3C4C56)C2)CC1,c1ccc(-c2cc(-c3ccc4ccc5cccc6ccc3c4c56)ccn2)nc1,outside_MR_TADF,outside_CzBN_domain,outside_CzBN_domain
E00_133_01287,c1ccc(-c2ccc(-c3nc(-n4c5ccccc5c5ccc6c7ccccc7n(-c7ccccc7)c6c54)nc(-n4c5ccccc5c5ccc6c7ccccc7n(-c7ccccc7)c6c54)n3)cc2)cc1,WAZCYXLGIFUKPS-UHFFFAOYSA-N,,doi:10.1038/nmat4154,toluene,1,2.790986790986791,2.790986790986791,0.0,2.790986790986791,2.790986790986791,0.0,2.790986790986791,general_only,C1CCC(C2CCC(C3CC(C4C5CCCCC5C5CCC6C7CCCCC7C(C7CCCCC7)C6C54)CC(C4C5CCCCC5C5CCC6C7CCCCC7C(C7CCCCC7)C6C54)C3)CC2)CC1,c1ccc(-c2ccc(-c3nc(-n4c5ccccc5c5ccc6c7ccccc7n(-c7ccccc7)c6c54)nc(-n4c5ccccc5c5ccc6c7ccccc7n(-c7ccccc7)c6c54)n3)cc2)cc1,outside_MR_TADF,outside_CzBN_domain,outside_CzBN_domain
E00_133_01288,c1ccc(-c2ccc3c(c2)c2cc(-c4ccccc4)ccc2n3-c2ccc3c(c2)c2cc(-n4c5ccc(-c6ccccc6)cc5c5cc(-c6ccccc6)ccc54)ccc2n3-c2ccc(-c3nc(-c4ccccc4)nc(-c4ccccc4)n3)cc2)cc1,VXTSWPBXWJKHNB-UHFFFAOYSA-N,,doi:10.1038/nmat4154,toluene,1,3.0693811429331337,3.0693811429331337,0.0,3.0693811429331337,3.0693811429331337,0.0,3.0693811429331337,general_only,C1CCC(C2CC(C3CCCCC3)CC(C3CCC(C4C5CCC(C6C7CCC(C8CCCCC8)CC7C7CC(C8CCCCC8)CCC76)CC5C5CC(C6C7CCC(C8CCCCC8)CC7C7CC(C8CCCCC8)CCC76)CCC54)CC3)C2)CC1,c1ccc(-c2ccc3c(c2)c2cc(-c4ccccc4)ccc2n3-c2ccc3c(c2)c2cc(-n4c5ccc(-c6ccccc6)cc5c5cc(-c6ccccc6)ccc54)ccc2n3-c2ccc(-c3nc(-c4ccccc4)nc(-c4ccccc4)n3)cc2)cc1,outside_MR_TADF,outside_CzBN_domain,outside_CzBN_domain
E00_133_01289,c1ccc(-c2nc(-c3ccc(-c4ccc(-n5c6ccccc6c6ccccc65)cc4)cn3)oc2-c2ccccc2)cc1,YAQZYHRROLYXBT-UHFFFAOYSA-N,,https://doi.org/10.1016/j.tet.2017.02.049,toluene,1,3.3689729919737537,3.3689729919737537,0.0,3.3689729919737537,3.3689729919737537,0.0,3.3689729919737537,general_only,C1CCC(C2CC(C3CCC(C4CCC(C5C6CCCCC6C6CCCCC65)CC4)CC3)CC2C2CCCCC2)CC1,c1ccc(-c2nc(-c3ccc(-c4ccc(-n5c6ccccc6c6ccccc65)cc4)cn3)oc2-c2ccccc2)cc1,outside_MR_TADF,outside_CzBN_domain,outside_CzBN_domain
E00_133_01290,c1ccc(-c2nc(-c3ccc(-c4ccc(N(c5ccccc5)c5ccccc5)cc4)cn3)oc2-c2ccccc2)cc1,DKOJBDGGSGRSOW-UHFFFAOYSA-N,,https://doi.org/10.1016/j.tet.2017.02.049,toluene,1,3.1571309317408334,3.1571309317408334,0.0,3.1571309317408334,3.1571309317408334,0.0,3.1571309317408334,general_only,C1CCC(C2CC(C3CCC(C4CCC(C(C5CCCCC5)C5CCCCC5)CC4)CC3)CC2C2CCCCC2)CC1,c1ccc(-c2nc(-c3ccc(-c4ccc(N(c5ccccc5)c5ccccc5)cc4)cn3)oc2-c2ccccc2)cc1,outside_MR_TADF,outside_CzBN_domain,outside_CzBN_domain
E00_133_01291,c1ccc(-c2nc(-c3ccc(N4c5ccccc5C(c5ccccc5)(c5ccccc5)c5ccccc54)cc3)cc(-c3ccc(N4c5ccccc5C(c5ccccc5)(c5ccccc5)c5ccccc54)cc3)n2)cc1,JCMUXXJIZHBIJT-UHFFFAOYSA-N,,10.1039/C6TC02027E,toluene,1,3.021847514227929,3.021847514227929,0.0,3.021847514227929,3.021847514227929,0.0,3.021847514227929,general_only,C1CCC(C2CC(C3CCC(C4C5CCCCC5C(C5CCCCC5)(C5CCCCC5)C5CCCCC45)CC3)CC(C3CCC(C4C5CCCCC5C(C5CCCCC5)(C5CCCCC5)C5CCCCC45)CC3)C2)CC1,c1ccc(-c2nc(-c3ccc(N4c5ccccc5C(c5ccccc5)(c5ccccc5)c5ccccc54)cc3)cc(-c3ccc(N4c5ccccc5C(c5ccccc5)(c5ccccc5)c5ccccc54)cc3)n2)cc1,outside_MR_TADF,outside_CzBN_domain,outside_CzBN_domain
E00_133_01292,c1ccc(-c2nc(-c3ccc(N4c5ccccc5C(c5ccccc5)(c5ccccc5)c5ccccc54)cc3)cc(-c3ccccn3)n2)cc1,WFWPNOJKNRBEGU-UHFFFAOYSA-N,,C8QM00382C,toluene,1,3.017505936426309,3.017505936426309,0.0,3.017505936426309,3.017505936426309,0.0,3.017505936426309,general_only,C1CCC(C2CC(C3CCCCC3)CC(C3CCC(C4C5CCCCC5C(C5CCCCC5)(C5CCCCC5)C5CCCCC45)CC3)C2)CC1,c1ccc(-c2nc(-c3ccc(N4c5ccccc5C(c5ccccc5)(c5ccccc5)c5ccccc54)cc3)cc(-c3ccccn3)n2)cc1,outside_MR_TADF,outside_CzBN_domain,outside_CzBN_domain
E00_133_01293,c1ccc(-c2nc(-c3ccccc3)c(-c3ccccc3)o2)cc1,WKHQADGJXFRQJD-UHFFFAOYSA-N,,https://doi.org/10.1016/1010-6030(88)80035-2,toluene,1,3.6208657197593066,3.6208657197593066,0.0,3.6208657197593066,3.6208657197593066,0.0,3.6208657197593066,general_only,C1CCC(C2CC(C3CCCCC3)C(C3CCCCC3)C2)CC1,c1ccc(-c2nc(-c3ccccc3)c(-c3ccccc3)o2)cc1,outside_MR_TADF,outside_CzBN_domain,outside_CzBN_domain
E00_133_01294,c1ccc(-c2nc(-c3ccccc3)nc(-c3cc(-n4c5ccccc5c5ccccc54)c(-n4c5ccccc5c5ncccc54)c(-n4c5ccccc5c5ccccc54)c3)n2)cc1,FRWUZYDVOYLVQQ-UHFFFAOYSA-N,,10.1039/C8NJ00767E,toluene,1,3.1110881933514003,3.1110881933514003,0.0,3.1110881933514003,3.1110881933514003,0.0,3.1110881933514003,general_only,C1CCC(C2CC(C3CCCCC3)CC(C3CC(C4C5CCCCC5C5CCCCC54)C(C4C5CCCCC5C5CCCCC54)C(C4C5CCCCC5C5CCCCC54)C3)C2)CC1,c1ccc(-c2nc(-c3ccccc3)nc(-c3cc(-n4c5ccccc5c5ccccc54)c(-n4c5ccccc5c5ncccc54)c(-n4c5ccccc5c5ccccc54)c3)n2)cc1,outside_MR_TADF,outside_CzBN_domain,outside_CzBN_domain
E00_133_01295,c1ccc(-c2nc(-c3ccccc3)nc(-c3cc(-n4c5ccccc5c5ncccc54)c(-n4c5ccccc5c5ccccc54)c(-n4c5ccccc5c5ncccc54)c3)n2)cc1,SVAWKPCVNQNAFQ-UHFFFAOYSA-N,,10.1039/C6MH00579A,toluene,1,2.980160135322378,2.980160135322378,0.0,2.980160135322378,2.980160135322378,0.0,2.980160135322378,general_only,C1CCC(C2CC(C3CCCCC3)CC(C3CC(C4C5CCCCC5C5CCCCC54)C(C4C5CCCCC5C5CCCCC54)C(C4C5CCCCC5C5CCCCC54)C3)C2)CC1,c1ccc(-c2nc(-c3ccccc3)nc(-c3cc(-n4c5ccccc5c5ncccc54)c(-n4c5ccccc5c5ccccc54)c(-n4c5ccccc5c5ncccc54)c3)n2)cc1,outside_MR_TADF,outside_CzBN_domain,outside_CzBN_domain
E00_133_01296,c1ccc(-c2nc(-c3ccccc3)nc(-c3cc(-n4c5ccccc5c5ncccc54)c(-n4c5ccccc5c5ncccc54)c(-n4c5ccccc5c5ncccc54)c3)n2)cc1,QJXFLUCYKHKYRN-UHFFFAOYSA-N,,10.1039/C8NJ00767E,toluene,1,3.1343137201930995,3.1343137201930995,0.0,3.1343137201930995,3.1343137201930995,0.0,3.1343137201930995,general_only,C1CCC(C2CC(C3CCCCC3)CC(C3CC(C4C5CCCCC5C5CCCCC54)C(C4C5CCCCC5C5CCCCC54)C(C4C5CCCCC5C5CCCCC54)C3)C2)CC1,c1ccc(-c2nc(-c3ccccc3)nc(-c3cc(-n4c5ccccc5c5ncccc54)c(-n4c5ccccc5c5ncccc54)c(-n4c5ccccc5c5ncccc54)c3)n2)cc1,outside_MR_TADF,outside_CzBN_domain,outside_CzBN_domain
E00_133_01297,c1ccc(-c2nc(-c3ccccc3)nc(-c3cc(-n4c5ccccc5c5ncccc54)cc(-n4c5ccccc5c5ncccc54)c3)n2)cc1,OGFYZSJQWHCGHU-UHFFFAOYSA-N,,10.1039/C8NJ00767E,toluene,1,3.270391064291799,3.270391064291799,0.0,3.270391064291799,3.270391064291799,0.0,3.270391064291799,general_only,C1CCC(C2CC(C3CCCCC3)CC(C3CC(C4C5CCCCC5C5CCCCC54)CC(C4C5CCCCC5C5CCCCC54)C3)C2)CC1,c1ccc(-c2nc(-c3ccccc3)nc(-c3cc(-n4c5ccccc5c5ncccc54)cc(-n4c5ccccc5c5ncccc54)c3)n2)cc1,outside_MR_TADF,outside_CzBN_domain,outside_CzBN_domain
E00_133_01298,c1ccc(-c2nc(-c3ccccc3)nc(-c3ccc(-c4ccc(N5c6ccccc6[Si](c6ccccc6)(c6ccccc6)c6ccccc65)cc4)cc3)n2)cc1,LROVQFFPVLYQNG-UHFFFAOYSA-N,,10.1039/C6TC04653C,toluene,1,3.41698701297252,3.41698701297252,0.0,3.41698701297252,3.41698701297252,0.0,3.41698701297252,general_only,C1CCC(C2CC(C3CCCCC3)CC(C3CCC(C4CCC(C5C6CCCCC6C(C6CCCCC6)(C6CCCCC6)C6CCCCC56)CC4)CC3)C2)CC1,c1ccc(-c2nc(-c3ccccc3)nc(-c3ccc(-c4ccc(N5c6ccccc6[Si](c6ccccc6)(c6ccccc6)c6ccccc65)cc4)cc3)n2)cc1,outside_MR_TADF,outside_CzBN_domain,outside_CzBN_domain
E00_133_01299,c1ccc(-c2nc(-c3ccccc3)nc(-c3ccc(-n4c5ccc(-c6ccc7oc8ccccc8c7c6)cc5c5cc(-c6ccc7oc8ccccc8c7c6)ccc54)cc3)n2)cc1,WKHLKCIBARWBCQ-UHFFFAOYSA-N,,10.1039/C9TC00419J,toluene,1,3.0633266362770035,3.0633266362770035,0.0,3.0633266362770035,3.0633266362770035,0.0,3.0633266362770035,general_only,C1CCC(C2CC(C3CCCCC3)CC(C3CCC(C4C5CCC(C6CCC7CC8CCCCC8C7C6)CC5C5CC(C6CCC7CC8CCCCC8C7C6)CCC54)CC3)C2)CC1,c1ccc(-c2nc(-c3ccccc3)nc(-c3ccc(-n4c5ccc(-c6ccc7oc8ccccc8c7c6)cc5c5cc(-c6ccc7oc8ccccc8c7c6)ccc54)cc3)n2)cc1,outside_MR_TADF,outside_CzBN_domain,outside_CzBN_domain
E00_133_01300,c1ccc(-c2nc(-c3ccccc3)nc(-c3ccc(-n4c5ccc(-c6ccc7sc8ccccc8c7c6)cc5c5cc(-c6ccc7sc8ccccc8c7c6)ccc54)cc3)n2)cc1,KRIABQDBBLWRJO-UHFFFAOYSA-N,,10.1039/C9TC00419J,toluene,1,3.0633266362770035,3.0633266362770035,0.0,3.0633266362770035,3.0633266362770035,0.0,3.0633266362770035,general_only,C1CCC(C2CC(C3CCCCC3)CC(C3CCC(C4C5CCC(C6CCC7CC8CCCCC8C7C6)CC5C5CC(C6CCC7CC8CCCCC8C7C6)CCC54)CC3)C2)CC1,c1ccc(-c2nc(-c3ccccc3)nc(-c3ccc(-n4c5ccc(-c6ccc7sc8ccccc8c7c6)cc5c5cc(-c6ccc7sc8ccccc8c7c6)ccc54)cc3)n2)cc1,outside_MR_TADF,outside_CzBN_domain,outside_CzBN_domain
E00_133_01301,c1ccc(-c2nc(-c3ccccc3)nc(-c3ccc(-n4c5ccc(-n6c7ccccc7c7ccccc76)cc5c5cc(-n6c7ccccc7c7ccccc76)ccc54)cc3)n2)cc1,VXJFFPDTEJDHEN-UHFFFAOYSA-N,,doi:10.1038/nmat4154,toluene,1,3.0384943990886653,3.0384943990886653,0.0,3.0384943990886653,3.0384943990886653,0.0,3.0384943990886653,general_only,C1CCC(C2CC(C3CCCCC3)CC(C3CCC(C4C5CCC(C6C7CCCCC7C7CCCCC76)CC5C5CC(C6C7CCCCC7C7CCCCC76)CCC54)CC3)C2)CC1,c1ccc(-c2nc(-c3ccccc3)nc(-c3ccc(-n4c5ccc(-n6c7ccccc7c7ccccc76)cc5c5cc(-n6c7ccccc7c7ccccc76)ccc54)cc3)n2)cc1,outside_MR_TADF,outside_CzBN_domain,outside_CzBN_domain
E00_133_01302,c1ccc(-c2nc(-c3ccccc3)nc(-c3ccc(-n4c5ccccc5c5c4c4ccccc4n5-c4ccccc4)cc3)n2)cc1,RHAGPWNECPJICE-UHFFFAOYSA-N,,DOI: 10.1021/acsami.7b13158,toluene,1,2.736496169058219,2.736496169058219,0.0,2.736496169058219,2.736496169058219,0.0,2.736496169058219,general_only,C1CCC(C2CC(C3CCCCC3)CC(C3CCC(C4C5CCCCC5C5C(C6CCCCC6)C6CCCCC6C45)CC3)C2)CC1,c1ccc(-c2nc(-c3ccccc3)nc(-c3ccc(-n4c5ccccc5c5c4c4ccccc4n5-c4ccccc4)cc3)n2)cc1,outside_MR_TADF,outside_CzBN_domain,outside_CzBN_domain
E00_133_01303,c1ccc(-c2nc(-c3ccccc3)nc(-c3ccc(-n4c5ccccc5c5c6c(ccc54)-c4ccccc4C6(c4ccccc4)c4ccccc4)cc3)n2)cc1,LNHVQRZUMOKJSU-UHFFFAOYSA-N,,DOI: 10.1021/acsami.8b20699,toluene,1,3.056801195814649,3.056801195814649,0.0,3.056801195814649,3.056801195814649,0.0,3.056801195814649,general_only,C1CCC(C2CC(C3CCCCC3)CC(C3CCC(C4C5CCCCC5C5C4CCC4C6CCCCC6C(C6CCCCC6)(C6CCCCC6)C45)CC3)C2)CC1,c1ccc(-c2nc(-c3ccccc3)nc(-c3ccc(-n4c5ccccc5c5c6c(ccc54)-c4ccccc4C6(c4ccccc4)c4ccccc4)cc3)n2)cc1,outside_MR_TADF,outside_CzBN_domain,outside_CzBN_domain
E00_133_01304,c1ccc(-c2nc(-c3ccccc3)nc(-c3ccc(-n4c5ccccc5c5c6c(ccc54)C4(c5ccccc5-c5ccccc54)c4ccccc4-6)cc3)n2)cc1,DDJBKXVDQWQFEL-UHFFFAOYSA-N,,10.1016/j.jlumin.2018.10.017,toluene,1,3.0541504070915835,3.0541504070915835,0.0,3.0541504070915835,3.0541504070915835,0.0,3.0541504070915835,general_only,C1CCC(C2CC(C3CCCCC3)CC(C3CCC(C4C5CCCCC5C5C4CCC4C5C5CCCCC5C45C4CCCCC4C4CCCCC45)CC3)C2)CC1,c1ccc(-c2nc(-c3ccccc3)nc(-c3ccc(-n4c5ccccc5c5c6c(ccc54)C4(c5ccccc5-c5ccccc54)c4ccccc4-6)cc3)n2)cc1,outside_MR_TADF,outside_CzBN_domain,outside_CzBN_domain
E00_133_01305,c1ccc(-c2nc(-c3ccccc3)nc(-c3ccc(-n4c5ccccc5c5cc(-c6ccc7oc8ccccc8c7c6)ccc54)cc3)n2)cc1,BPNNNFAYAKZUQD-UHFFFAOYSA-N,,10.1039/C9TC00419J,toluene,1,3.107546345421634,3.107546345421634,0.0,3.107546345421634,3.107546345421634,0.0,3.107546345421634,general_only,C1CCC(C2CC(C3CCCCC3)CC(C3CCC(C4C5CCCCC5C5CC(C6CCC7CC8CCCCC8C7C6)CCC54)CC3)C2)CC1,c1ccc(-c2nc(-c3ccccc3)nc(-c3ccc(-n4c5ccccc5c5cc(-c6ccc7oc8ccccc8c7c6)ccc54)cc3)n2)cc1,outside_MR_TADF,outside_CzBN_domain,outside_CzBN_domain
E00_133_01306,c1ccc(-c2nc(-c3ccccc3)nc(-c3ccc(-n4c5ccccc5c5cc(-c6ccc7sc8ccccc8c7c6)ccc54)cc3)n2)cc1,KNSCONHSHOZZIG-UHFFFAOYSA-N,,10.1039/C9TC00419J,toluene,1,3.107546345421634,3.107546345421634,0.0,3.107546345421634,3.107546345421634,0.0,3.107546345421634,general_only,C1CCC(C2CC(C3CCCCC3)CC(C3CCC(C4C5CCCCC5C5CC(C6CCC7CC8CCCCC8C7C6)CCC54)CC3)C2)CC1,c1ccc(-c2nc(-c3ccccc3)nc(-c3ccc(-n4c5ccccc5c5cc(-c6ccc7sc8ccccc8c7c6)ccc54)cc3)n2)cc1,outside_MR_TADF,outside_CzBN_domain,outside_CzBN_domain
E00_133_01307,c1ccc(-c2nc(-c3ccccc3)nc(-c3ccc(-n4c5ccccc5c5cc(-n6c7ccccc7c7ccccc76)ccc54)c4c5ccccc5n(-c5ccccc5)c34)n2)cc1,ZRNZFHLIPUQTEL-UHFFFAOYSA-N,,chem.201902615,toluene,1,3.0851493731292803,3.0851493731292803,0.0,3.0851493731292803,3.0851493731292803,0.0,3.0851493731292803,general_only,C1CCC(C2CC(C3CCCCC3)CC(C3CCC(C4C5CCCCC5C5CC(C6C7CCCCC7C7CCCCC76)CCC54)C4C5CCCCC5C(C5CCCCC5)C34)C2)CC1,c1ccc(-c2nc(-c3ccccc3)nc(-c3ccc(-n4c5ccccc5c5cc(-n6c7ccccc7c7ccccc76)ccc54)c4c5ccccc5n(-c5ccccc5)c34)n2)cc1,outside_MR_TADF,outside_CzBN_domain,outside_CzBN_domain
E00_133_01308,c1ccc(-c2nc(-c3ccccc3)nc(-c3ccc(-n4c5ccccc5c5cc(-n6c7ccccc7c7ccccc76)ccc54)cc3)n2)cc1,JIAKEIXPVGWMHZ-UHFFFAOYSA-N,,doi:10.1038/nmat4154,toluene,1,3.0430850873957382,3.0430850873957382,0.0,3.0430850873957382,3.0430850873957382,0.0,3.0430850873957382,general_only,C1CCC(C2CC(C3CCCCC3)CC(C3CCC(C4C5CCCCC5C5CC(C6C7CCCCC7C7CCCCC76)CCC54)CC3)C2)CC1,c1ccc(-c2nc(-c3ccccc3)nc(-c3ccc(-n4c5ccccc5c5cc(-n6c7ccccc7c7ccccc76)ccc54)cc3)n2)cc1,outside_MR_TADF,outside_CzBN_domain,outside_CzBN_domain
E00_133_01309,c1ccc(-c2nc(-c3ccccc3)nc(-c3ccc(-n4c5ccccc5c5cc6c(cc54)C(c4ccccc4)(c4ccccc4)c4ccccc4-6)cc3)n2)cc1,OICHFCUZBMNGKN-UHFFFAOYSA-N,,DOI: 10.1021/acsami.8b20699,toluene,1,3.096704003164948,3.096704003164948,0.0,3.096704003164948,3.096704003164948,0.0,3.096704003164948,general_only,C1CCC(C2CC(C3CCCCC3)CC(C3CCC(C4C5CCCCC5C5CC6C7CCCCC7C(C7CCCCC7)(C7CCCCC7)C6CC54)CC3)C2)CC1,c1ccc(-c2nc(-c3ccccc3)nc(-c3ccc(-n4c5ccccc5c5cc6c(cc54)C(c4ccccc4)(c4ccccc4)c4ccccc4-6)cc3)n2)cc1,outside_MR_TADF,outside_CzBN_domain,outside_CzBN_domain
E00_133_01310,c1ccc(-c2nc(-c3ccccc3)nc(-c3ccc(-n4c5ccccc5c5cc6c(cc54)C4(c5ccccc5-c5ccccc54)c4ccccc4-6)cc3)n2)cc1,XTYDIFZNBRDVFF-UHFFFAOYSA-N,,DOI: 10.1021/acsami.8b20699,toluene,1,3.1384818884818886,3.1384818884818886,0.0,3.1384818884818886,3.1384818884818886,0.0,3.1384818884818886,general_only,C1CCC(C2CC(C3CCCCC3)CC(C3CCC(C4C5CCCCC5C5CC6C7CCCCC7C7(C8CCCCC8C8CCCCC87)C6CC54)CC3)C2)CC1,c1ccc(-c2nc(-c3ccccc3)nc(-c3ccc(-n4c5ccccc5c5cc6c(cc54)C4(c5ccccc5-c5ccccc54)c4ccccc4-6)cc3)n2)cc1,outside_MR_TADF,outside_CzBN_domain,outside_CzBN_domain
E00_133_01311,c1ccc(-c2nc(-c3ccccc3)nc(-c3ccc(-n4c5ccccc5c5cc6c(cc54)C4c5ccccc5C6c5ccccc54)cc3)n2)cc1,GYHCIACBBKLHIM-UHFFFAOYSA-N,,DOI: 10.1021/acs.chemmater.7b03490,toluene,1,3.097383576606097,3.097383576606097,0.0,3.097383576606097,3.097383576606097,0.0,3.097383576606097,general_only,C1CCC(C2CC(C3CCCCC3)CC(C3CCC(C4C5CCCCC5C5CC6C(CC54)C4C5CCCCC5C6C5CCCCC54)CC3)C2)CC1,c1ccc(-c2nc(-c3ccccc3)nc(-c3ccc(-n4c5ccccc5c5cc6c(cc54)C4c5ccccc5C6c5ccccc54)cc3)n2)cc1,outside_MR_TADF,outside_CzBN_domain,outside_CzBN_domain
E00_133_01312,c1ccc(-c2nc(-c3ccccc3)nc(-c3ccc(-n4c5ccccc5c5cc6c(cc54)c4ccccc4n6-c4ccccc4)cc3)n2)cc1,CDHKJPSMDXYISZ-UHFFFAOYSA-N,,10.1016/j.orgel.2019.07.024,toluene,1,2.8355326681686517,2.8355326681686517,0.0,2.8355326681686517,2.8355326681686517,0.0,2.8355326681686517,general_only,C1CCC(C2CC(C3CCCCC3)CC(C3CCC(C4C5CCCCC5C5CC6C(CC54)C4CCCCC4C6C4CCCCC4)CC3)C2)CC1,c1ccc(-c2nc(-c3ccccc3)nc(-c3ccc(-n4c5ccccc5c5cc6c(cc54)c4ccccc4n6-c4ccccc4)cc3)n2)cc1,outside_MR_TADF,outside_CzBN_domain,outside_CzBN_domain
E00_133_01313,c1ccc(-c2nc(-c3ccccc3)nc(-c3ccc(-n4c5ccccc5c5cc6c7ccccc7n7c8ccccc8c(c54)c67)cc3)n2)cc1,UFYGAKRMNKKEHP-UHFFFAOYSA-N,,10.1016/j.orgel.2019.07.024,toluene,1,2.996576733391355,2.996576733391355,0.0,2.996576733391355,2.996576733391355,0.0,2.996576733391355,general_only,C1CCC(C2CC(C3CCCCC3)CC(C3CCC(C4C5CCCCC5C5CC6C7CCCCC7C7C8CCCCC8C(C54)C67)CC3)C2)CC1,c1ccc(-c2nc(-c3ccccc3)nc(-c3ccc(-n4c5ccccc5c5cc6c7ccccc7n7c8ccccc8c(c54)c67)cc3)n2)cc1,outside_MR_TADF,outside_CzBN_domain,outside_CzBN_domain
E00_133_01314,c1ccc(-c2nc(-c3ccccc3)nc(-c3ccc(-n4c5ccccc5c5ccc6c(c7ccccc7n6-c6ccccc6)c54)cc3)n2)cc1,MQJJGOBUOSRKES-UHFFFAOYSA-N,,10.1016/j.orgel.2019.07.024,toluene,1,3.067124608339359,3.067124608339359,0.0,3.067124608339359,3.067124608339359,0.0,3.067124608339359,general_only,C1CCC(C2CC(C3CCCCC3)CC(C3CCC(C4C5CCCCC5C5CCC6C(C7CCCCC7)C7CCCCC7C6C54)CC3)C2)CC1,c1ccc(-c2nc(-c3ccccc3)nc(-c3ccc(-n4c5ccccc5c5ccc6c(c7ccccc7n6-c6ccccc6)c54)cc3)n2)cc1,outside_MR_TADF,outside_CzBN_domain,outside_CzBN_domain
E00_133_01315,c1ccc(-c2nc(-c3ccccc3)nc(-c3ccc(-n4c5ccccc5c5ccc6c7ccccc7n(-c7ccccc7)c6c54)cc3)n2)cc1,KPCONWBPCJIOLH-UHFFFAOYSA-N,,10.1016/j.orgel.2019.07.024,toluene,1,3.0493926642194165,3.0493926642194165,0.0,3.0493926642194165,3.0493926642194165,0.0,3.0493926642194165,general_only,C1CCC(C2CC(C3CCCCC3)CC(C3CCC(C4C5CCCCC5C5CCC6C7CCCCC7C(C7CCCCC7)C6C54)CC3)C2)CC1,c1ccc(-c2nc(-c3ccccc3)nc(-c3ccc(-n4c5ccccc5c5ccc6c7ccccc7n(-c7ccccc7)c6c54)cc3)n2)cc1,outside_MR_TADF,outside_CzBN_domain,outside_CzBN_domain
E00_133_01316,c1ccc(-c2nc(-c3ccccc3)nc(-c3ccc(-n4c5ccccc5c5ccccc54)cc3)n2)cc1,CUNRCBBBPBWPTM-UHFFFAOYSA-N,,DOI: 10.1021/acs.chemmater.7b03490,toluene,1,3.1936813186813184,3.1936813186813184,0.0,3.1936813186813184,3.1936813186813184,0.0,3.1936813186813184,general_only,C1CCC(C2CC(C3CCCCC3)CC(C3CCC(C4C5CCCCC5C5CCCCC54)CC3)C2)CC1,c1ccc(-c2nc(-c3ccccc3)nc(-c3ccc(-n4c5ccccc5c5ccccc54)cc3)n2)cc1,outside_MR_TADF,outside_CzBN_domain,outside_CzBN_domain
E00_133_01317,c1ccc(-c2nc(-c3ccccc3)nc(-c3ccc(N4c5ccccc5C5(c6ccccc6-c6ccccc65)c5ccccc54)cc3)n2)cc1,VWCIQTDINBLQCY-UHFFFAOYSA-N,,acsami.8b20009,toluene,1,2.8589656550277938,2.8589656550277938,0.0,2.8589656550277938,2.8589656550277938,0.0,2.8589656550277938,general_only,C1CCC(C2CC(C3CCCCC3)CC(C3CCC(C4C5CCCCC5C5(C6CCCCC6C6CCCCC65)C5CCCCC45)CC3)C2)CC1,c1ccc(-c2nc(-c3ccccc3)nc(-c3ccc(N4c5ccccc5C5(c6ccccc6-c6ccccc65)c5ccccc54)cc3)n2)cc1,outside_MR_TADF,outside_CzBN_domain,outside_CzBN_domain
E00_133_01318,c1ccc(-c2nc(-c3ccccc3)nc(-c3ccc(N4c5ccccc5C5(c6ccccc64)c4ccccc4C4(c6ccccc6-c6ccccc64)c4ccccc45)cc3)n2)cc1,HAFFTOFMVGIMOJ-UHFFFAOYSA-N,,10.1002/anie.201904272,toluene,1,2.8853678332317045,2.8853678332317045,0.0,2.8853678332317045,2.8853678332317045,0.0,2.8853678332317045,general_only,C1CCC(C2CC(C3CCCCC3)CC(C3CCC(C4C5CCCCC5C5(C6CCCCC46)C4CCCCC4C4(C6CCCCC6C6CCCCC64)C4CCCCC45)CC3)C2)CC1,c1ccc(-c2nc(-c3ccccc3)nc(-c3ccc(N4c5ccccc5C5(c6ccccc64)c4ccccc4C4(c6ccccc6-c6ccccc64)c4ccccc45)cc3)n2)cc1,outside_MR_TADF,outside_CzBN_domain,outside_CzBN_domain
E00_133_01319,c1ccc(-c2nc(-c3ccccc3)nc(-c3ccc(N4c5ccccc5C5(c6ccccc64)c4ccccc4C4(c6ccccc6Sc6ccccc64)c4ccccc45)cc3)n2)cc1,SVUAXNAOAHEGMI-UHFFFAOYSA-N,,10.1002/anie.201904272,toluene,1,2.8932495620841134,2.8932495620841134,0.0,2.8932495620841134,2.8932495620841134,0.0,2.8932495620841134,general_only,C1CCC(C2CC(C3CCCCC3)CC(C3CCC(C4C5CCCCC5C5(C6CCCCC46)C4CCCCC4C4(C6CCCCC6CC6CCCCC64)C4CCCCC45)CC3)C2)CC1,c1ccc(-c2nc(-c3ccccc3)nc(-c3ccc(N4c5ccccc5C5(c6ccccc64)c4ccccc4C4(c6ccccc6Sc6ccccc64)c4ccccc45)cc3)n2)cc1,outside_MR_TADF,outside_CzBN_domain,outside_CzBN_domain
E00_133_01320,c1ccc(-c2nc(-c3ccccc3)nc(-c3ccc(N4c5ccccc5C5(c6ccccc64)c4ccccc4N(c4ccc(-c6nc(-c7ccccc7)nc(-c7ccccc7)n6)cc4)c4ccccc45)cc3)n2)cc1,WCKBBGGPNFDDFK-UHFFFAOYSA-N,,10.1021/acs.chemmater.7b02403,toluene,1,2.8485997666421667,2.8485997666421667,0.0,2.8485997666421667,2.8485997666421667,0.0,2.8485997666421667,general_only,C1CCC(C2CC(C3CCCCC3)CC(C3CCC(C4C5CCCCC5C5(C6CCCCC46)C4CCCCC4C(C4CCC(C6CC(C7CCCCC7)CC(C7CCCCC7)C6)CC4)C4CCCCC45)CC3)C2)CC1,c1ccc(-c2nc(-c3ccccc3)nc(-c3ccc(N4c5ccccc5C5(c6ccccc64)c4ccccc4N(c4ccc(-c6nc(-c7ccccc7)nc(-c7ccccc7)n6)cc4)c4ccccc45)cc3)n2)cc1,outside_MR_TADF,outside_CzBN_domain,outside_CzBN_domain
E00_133_01321,c1ccc(-c2nc(-c3ccccc3)nc(-c3ccc(N4c5ccccc5CCc5ccccc54)cc3)n2)cc1,NUHAVXPFGOMVFH-UHFFFAOYSA-N,,10.1002/adom.201900476,toluene,1,3.1593301434642362,3.1593301434642362,0.0,3.1593301434642362,3.1593301434642362,0.0,3.1593301434642362,general_only,C1CCC(C2CC(C3CCCCC3)CC(C3CCC(C4C5CCCCC5CCC5CCCCC54)CC3)C2)CC1,c1ccc(-c2nc(-c3ccccc3)nc(-c3ccc(N4c5ccccc5CCc5ccccc54)cc3)n2)cc1,outside_MR_TADF,outside_CzBN_domain,outside_CzBN_domain
E00_133_01322,c1ccc(-c2nc(-c3ccccc3)nc(-c3ccc(N4c5ccccc5[Si](c5ccccc5)(c5ccccc5)c5ccccc54)cc3)n2)cc1,VSYOEHHWZSYAQX-UHFFFAOYSA-N,,acs.chemmater.5b02515,toluene,1,2.9707210457072133,2.9707210457072133,0.0,2.9707210457072133,2.9707210457072133,0.0,2.9707210457072133,general_only,C1CCC(C2CC(C3CCCCC3)CC(C3CCC(C4C5CCCCC5C(C5CCCCC5)(C5CCCCC5)C5CCCCC45)CC3)C2)CC1,c1ccc(-c2nc(-c3ccccc3)nc(-c3ccc(N4c5ccccc5[Si](c5ccccc5)(c5ccccc5)c5ccccc54)cc3)n2)cc1,outside_MR_TADF,outside_CzBN_domain,outside_CzBN_domain
E00_133_01323,c1ccc(-c2nc(-c3ccccc3)nc(-c3ccc4c(c3)c3cc(-c5nc(-c6ccccc6)nc(-c6ccccc6)n5)cc5c3n4-c3cc(N(c4ccccc4)c4ccccc4)cc4c3B5c3ccccc3N4c3ccccc3)n2)cc1,RPEYPXODHUQTIM-UHFFFAOYSA-N,3QCzBN,"Adv. Funct. Mater. 2024, 34, 2409244",toluene,1,2.7201354679802954,2.7201354679802954,0.0,2.7201354679802954,2.7201354679802954,0.0,2.7201354679802954,MR_TADF_only,C1CCC(C2CC(C3CCCCC3)CC(C3CCC4C(C3)C3CC(C5CC(C6CCCCC6)CC(C6CCCCC6)C5)CC5C3C4C3CC(C(C4CCCCC4)C4CCCCC4)CC4C(C6CCCCC6)C6CCCCC6C5C43)C2)CC1,c1ccc(-c2nc(-c3ccccc3)nc(-c3ccc4c(c3)c3cc(-c5nc(-c6ccccc6)nc(-c6ccccc6)n5)cc5c3n4-c3cc(N(c4ccccc4)c4ccccc4)cc4c3B5c3ccccc3N4c3ccccc3)n2)cc1,related_extended_CzBN_core,nitrogen_heteroaryl,CZBN_CLUSTER_33
E00_133_01324,c1ccc(-c2nc3c(c4c2-c2ccccc2CC4)-c2ccccc2CC3)cc1,TUKQNTJHMBTSLH-UHFFFAOYSA-N,,http://dx.doi.org/10.1016/j.dyepig.2016.07.045,toluene,1,3.7046310107251936,3.7046310107251936,0.0,3.7046310107251936,3.7046310107251936,0.0,3.7046310107251936,general_only,C1CCC(C2CC3CCC4CCCCC4C3C3CCC4CCCCC4C23)CC1,c1ccc(-c2nc3c(c4c2-c2ccccc2CC4)-c2ccccc2CC3)cc1,outside_MR_TADF,outside_CzBN_domain,outside_CzBN_domain
E00_133_01325,c1ccc(-c2nc3c(ccc4[nH]ccc43)o2)cc1,JMZGXBAJENINLV-UHFFFAOYSA-N,,DOI: 10.1021/acs.jpcb.7b03611,toluene,1,3.5152094282529065,3.5152094282529065,0.0,3.5152094282529065,3.5152094282529065,0.0,3.5152094282529065,general_only,C1CCC(C2CC3CCC4CCCC4C3C2)CC1,c1ccc(-c2nc3c(ccc4[nH]ccc43)o2)cc1,outside_MR_TADF,outside_CzBN_domain,outside_CzBN_domain
E00_133_01326,c1ccc(-c2nc3ccccc3nc2-c2cc(-c3nc4ccccc4nc3-c3ccccc3)cc(-n3c4ccccc4c4ccccc43)c2)cc1,WYJLWYKFDMJCSU-UHFFFAOYSA-N,,https://doi.org/10.1016/j.tetlet.2011.10.074,toluene,1,3.232620320855615,3.232620320855615,0.0,3.232620320855615,3.232620320855615,0.0,3.232620320855615,general_only,C1CCC(C2CC3CCCCC3CC2C2CC(C3CC4CCCCC4CC3C3CCCCC3)CC(C3C4CCCCC4C4CCCCC43)C2)CC1,c1ccc(-c2nc3ccccc3nc2-c2cc(-c3nc4ccccc4nc3-c3ccccc3)cc(-n3c4ccccc4c4ccccc43)c2)cc1,outside_MR_TADF,outside_CzBN_domain,outside_CzBN_domain
E00_133_01327,c1ccc(-c2nc3ccccc3nc2-c2cc(-n3c4ccccc4c4ccccc43)cc(-n3c4ccccc4c4ccccc43)c2)cc1,IAAHOXFHIZJALU-UHFFFAOYSA-N,,https://doi.org/10.1016/j.tetlet.2011.10.074,toluene,1,3.2408807978046985,3.2408807978046985,0.0,3.2408807978046985,3.2408807978046985,0.0,3.2408807978046985,general_only,C1CCC(C2CC3CCCCC3CC2C2CC(C3C4CCCCC4C4CCCCC43)CC(C3C4CCCCC4C4CCCCC43)C2)CC1,c1ccc(-c2nc3ccccc3nc2-c2cc(-n3c4ccccc4c4ccccc43)cc(-n3c4ccccc4c4ccccc43)c2)cc1,outside_MR_TADF,outside_CzBN_domain,outside_CzBN_domain
E00_133_01328,c1ccc(-c2nc3ccccc3nc2-c2ccc(-n3c4ccccc4c4ccccc43)cc2)cc1,RDVPULLWSYIOSX-UHFFFAOYSA-N,,https://doi.org/10.1016/j.tetlet.2011.10.074,toluene,1,3.225672877846791,3.225672877846791,0.0,3.225672877846791,3.225672877846791,0.0,3.225672877846791,general_only,C1CCC(C2CC3CCCCC3CC2C2CCC(C3C4CCCCC4C4CCCCC43)CC2)CC1,c1ccc(-c2nc3ccccc3nc2-c2ccc(-n3c4ccccc4c4ccccc43)cc2)cc1,outside_MR_TADF,outside_CzBN_domain,outside_CzBN_domain
E00_133_01329,c1ccc(-c2nnc(-c3cc(-c4nnc(-c5ccccc5)o4)c(-n4c5ccccc5c5ccccc54)cc3-n3c4ccccc4c4ccccc43)o2)cc1,QZXMVGUKMLTNCO-UHFFFAOYSA-N,,10.1021/acs.jpcc.9b08479,toluene,1,3.0879763590469738,3.0879763590469738,0.0,3.0879763590469738,3.0879763590469738,0.0,3.0879763590469738,general_only,C1CCC(C2CCC(C3CC(C4CCC(C5CCCCC5)C4)C(C4C5CCCCC5C5CCCCC54)CC3C3C4CCCCC4C4CCCCC43)C2)CC1,c1ccc(-c2nnc(-c3cc(-c4nnc(-c5ccccc5)o4)c(-n4c5ccccc5c5ccccc54)cc3-n3c4ccccc4c4ccccc43)o2)cc1,outside_MR_TADF,outside_CzBN_domain,outside_CzBN_domain
E00_133_01330,c1ccc(-c2nnc(-c3ccc(-n4c5ccccc5c5ccccc54)cc3)o2)cc1,IZJOTDOLRQTPHC-UHFFFAOYSA-N,,DOI: 10.1021/jo201488v,toluene,1,3.4255965952272383,3.4255965952272383,0.0,3.4255965952272383,3.4255965952272383,0.0,3.4255965952272383,general_only,C1CCC(C2CCC(C3CCC(C4C5CCCCC5C5CCCCC54)CC3)C2)CC1,c1ccc(-c2nnc(-c3ccc(-n4c5ccccc5c5ccccc54)cc3)o2)cc1,outside_MR_TADF,outside_CzBN_domain,outside_CzBN_domain
E00_133_01331,c1ccc(-c2oc(-c3ccccc3)c3ccccc23)cc1,ZKSVYBRJSMBDMV-UHFFFAOYSA-N,,doi:10.1016/j.jlumin.2011.05.048,toluene,1,2.8632233075826257,2.8632233075826257,0.0,2.8632233075826257,2.8632233075826257,0.0,2.8632233075826257,general_only,C1CCC(C2CC(C3CCCCC3)C3CCCCC23)CC1,c1ccc(-c2oc(-c3ccccc3)c3ccccc23)cc1,outside_MR_TADF,outside_CzBN_domain,outside_CzBN_domain
E00_133_01332,c1ccc(-n2c(-c3ccc(-c4ccc(-c5ccc(-c6nc7c8ccccc8c8ccccc8c7n6-c6ccccc6)cc5)cc4)cc3)nc3ccccc32)cc1,SPVOYKXRZNLLHX-UHFFFAOYSA-N,,DOI: 10.1021/acsami.6b14638,toluene,1,3.2983121030283886,3.2983121030283886,0.0,3.2983121030283886,3.2983121030283886,0.0,3.2983121030283886,general_only,C1CCC(C2C3CCCCC3CC2C2CCC(C3CCC(C4CCC(C5CC6C7CCCCC7C7CCCCC7C6C5C5CCCCC5)CC4)CC3)CC2)CC1,c1ccc(-n2c(-c3ccc(-c4ccc(-c5ccc(-c6nc7c8ccccc8c8ccccc8c7n6-c6ccccc6)cc5)cc4)cc3)nc3ccccc32)cc1,outside_MR_TADF,outside_CzBN_domain,outside_CzBN_domain
E00_133_01333,c1ccc(-n2c(-c3cccc4ccccc34)nc3c4cccc5ccc6cccc(c6c54)c32)cc1,ZHUZYUAFYARJGL-UHFFFAOYSA-N,,DOI: 10.1021/acsami.6b10004,toluene,1,3.1077694235588975,3.1077694235588975,0.0,3.1077694235588975,3.1077694235588975,0.0,3.1077694235588975,general_only,C1CCC(C2C(C3CCCC4CCCCC43)CC3C4CCCC5CCC6CCCC(C6C54)C32)CC1,c1ccc(-n2c(-c3cccc4ccccc34)nc3c4cccc5ccc6cccc(c6c54)c32)cc1,outside_MR_TADF,outside_CzBN_domain,outside_CzBN_domain
E00_133_01334,c1ccc(-n2c(-c3cccc4ccccc34)nc3c4ccccc4c4ccccc4c32)cc1,UJABOQUMZQICCS-UHFFFAOYSA-N,,DOI: 10.1021/acsami.6b10004,toluene,1,3.2537681556590847,3.2537681556590847,0.0,3.2537681556590847,3.2537681556590847,0.0,3.2537681556590847,general_only,C1CCC(C2C(C3CCCC4CCCCC43)CC3C4CCCCC4C4CCCCC4C32)CC1,c1ccc(-n2c(-c3cccc4ccccc34)nc3c4ccccc4c4ccccc4c32)cc1,outside_MR_TADF,outside_CzBN_domain,outside_CzBN_domain
E00_133_01335,c1ccc(-n2c3ccccc3c3c2c2ccccc2n3-c2ccccc2)cc1,SMARFFNGOCJJFD-UHFFFAOYSA-N,,DOI: 10.1021/acsami.7b13158,toluene,1,3.3569251509290194,3.3569251509290194,0.0,3.3569251509290194,3.3569251509290194,0.0,3.3569251509290194,general_only,C1CCC(C2C3CCCCC3C3C(C4CCCCC4)C4CCCCC4C23)CC1,c1ccc(-n2c3ccccc3c3c2c2ccccc2n3-c2ccccc2)cc1,outside_MR_TADF,outside_CzBN_domain,outside_CzBN_domain
E00_133_01336,c1ccc(C(=C(c2ccccc2)c2ccc(-c3ccc(-c4nc5c(-c6ccc(-c7ccc(C(=C(c8ccccc8)c8ccccc8)c8ccccc8)cc7)cc6)sc(-c6ccc(-c7ccc(C(=C(c8ccccc8)c8ccccc8)c8ccccc8)cc7)cc6)c5nc4-c4ccc(-c5ccc(C(=C(c6ccccc6)c6ccccc6)c6ccccc6)cc5)cc4)cc3)cc2)c2ccccc2)cc1,BAMRAQRXTBFZAG-UHFFFAOYSA-N,,https://doi.org/10.1016/j.dyepig.2012.08.028,toluene,1,2.1431237226385473,2.1431237226385473,0.0,2.1431237226385473,2.1431237226385473,0.0,2.1431237226385473,general_only,C1CCC(C(C2CCCCC2)C(C2CCCCC2)C2CCC(C3CCC(C4CC5C(C6CCC(C7CCC(C(C8CCCCC8)C(C8CCCCC8)C8CCCCC8)CC7)CC6)CC(C6CCC(C7CCC(C(C8CCCCC8)C(C8CCCCC8)C8CCCCC8)CC7)CC6)C5CC4C4CCC(C5CCC(C(C6CCCCC6)C(C6CCCCC6)C6CCCCC6)CC5)CC4)CC3)CC2)CC1,c1ccc(C(=C(c2ccccc2)c2ccc(-c3ccc(-c4nc5c(-c6ccc(-c7ccc(C(=C(c8ccccc8)c8ccccc8)c8ccccc8)cc7)cc6)sc(-c6ccc(-c7ccc(C(=C(c8ccccc8)c8ccccc8)c8ccccc8)cc7)cc6)c5nc4-c4ccc(-c5ccc(C(=C(c6ccccc6)c6ccccc6)c6ccccc6)cc5)cc4)cc3)cc2)c2ccccc2)cc1,outside_MR_TADF,outside_CzBN_domain,outside_CzBN_domain
E00_133_01337,c1ccc(C(=C(c2ccccc2)c2ccc(-c3nc4c(-c5ccc(C(=C(c6ccccc6)c6ccccc6)c6ccccc6)cc5)sc(-c5ccc(C(=C(c6ccccc6)c6ccccc6)c6ccccc6)cc5)c4nc3-c3ccc(C(=C(c4ccccc4)c4ccccc4)c4ccccc4)cc3)cc2)c2ccccc2)cc1,QRTPUXMJBPXHNY-UHFFFAOYSA-N,,https://doi.org/10.1016/j.dyepig.2012.08.028,toluene,1,2.1211663568773234,2.1211663568773234,0.0,2.1211663568773234,2.1211663568773234,0.0,2.1211663568773234,general_only,C1CCC(C(C2CCCCC2)C(C2CCCCC2)C2CCC(C3CC4C(C5CCC(C(C6CCCCC6)C(C6CCCCC6)C6CCCCC6)CC5)CC(C5CCC(C(C6CCCCC6)C(C6CCCCC6)C6CCCCC6)CC5)C4CC3C3CCC(C(C4CCCCC4)C(C4CCCCC4)C4CCCCC4)CC3)CC2)CC1,c1ccc(C(=C(c2ccccc2)c2ccc(-c3nc4c(-c5ccc(C(=C(c6ccccc6)c6ccccc6)c6ccccc6)cc5)sc(-c5ccc(C(=C(c6ccccc6)c6ccccc6)c6ccccc6)cc5)c4nc3-c3ccc(C(=C(c4ccccc4)c4ccccc4)c4ccccc4)cc3)cc2)c2ccccc2)cc1,outside_MR_TADF,outside_CzBN_domain,outside_CzBN_domain
E00_133_01338,c1ccc(C2(c3ccccc3)c3cc4c(cc3-c3ccc5ccc6cccc7cc2c3c5c67)-c2ccc3ccc5cccc6cc(c2c3c56)C4(c2ccccc2)c2ccccc2)cc1,CUQFTKHUESQYPR-UHFFFAOYSA-N,,DOI: 10.1021/acs.joc.7b02834,toluene,1,3.0431692804316928,3.0431692804316928,0.0,3.0431692804316928,3.0431692804316928,0.0,3.0431692804316928,general_only,C1CCC(C2(C3CCCCC3)C3CC4C(CC3C3CCC5CCC6CCCC7CC2C3C5C67)C2CCC3CCC5CCCC6CC(C2C3C56)C4(C2CCCCC2)C2CCCCC2)CC1,c1ccc(C2(c3ccccc3)c3cc4c(cc3-c3ccc5ccc6cccc7cc2c3c5c67)-c2ccc3ccc5cccc6cc(c2c3c56)C4(c2ccccc2)c2ccccc2)cc1,outside_MR_TADF,outside_CzBN_domain,outside_CzBN_domain
E00_133_01339,c1ccc(C2(c3ccccc3)c3ccccc3N(c3ccc(-c4nc([C@]56CC7CC(C[C@@H](C7)C5)C6)nc([C@]56C[C@H]7C[C@@H](C[C@H](C7)C5)C6)n4)cc3)c3ccccc32)cc1,UGNYODYYYWKCFE-KLGHYBFSSA-N,,10.1002/adma.201705641,toluene,1,3.063880220946534,3.063880220946534,0.0,3.063880220946534,3.063880220946534,0.0,3.063880220946534,general_only,C1CCC(C2(C3CCCCC3)C3CCCCC3C(C3CCC(C4CC(C56CC7CC(CC(C7)C5)C6)CC(C56CC7CC(CC(C7)C5)C6)C4)CC3)C3CCCCC32)CC1,c1ccc(C2(c3ccccc3)c3ccccc3N(c3ccc(-c4nc([C@]56CC7CC(C[C@@H](C7)C5)C6)nc([C@]56C[C@H]7C[C@@H](C[C@H](C7)C5)C6)n4)cc3)c3ccccc32)cc1,outside_MR_TADF,outside_CzBN_domain,outside_CzBN_domain
E00_133_01340,c1ccc(C2(c3ccccc3)c3ccccc3N3c4cccc5c4B(c4cccc6c4N5c4ccccc4S6)c4cccc2c43)cc1,OVLJVFUQAZSZGD-UHFFFAOYSA-N,BNS-H1,10.1016/j.cej.2024.151067,toluene,1,2.56762312633833,2.56762312633833,0.0,2.56762312633833,2.56762312633833,0.0,2.56762312633833,MR_TADF_only,C1CCC(C2(C3CCCCC3)C3CCCCC3C3C4CCCC5C6C7CCCCC7CC7CCCC(C76)C(C6CCCC2C63)C54)CC1,c1ccc(C2(c3ccccc3)c3ccccc3N3c4cccc5c4B(c4cccc6c4N5c4ccccc4S6)c4cccc2c43)cc1,related_extended_CzBN_core,sulfur_or_selenium,CZBN_CLUSTER_40
E00_133_01341,c1ccc(C2CCN3COc4c5ccccc5c5c6c7c(c2c3c46)C(c2ccccc2)CCN7CO5)cc1,XRMSYQWMKFTNSC-UHFFFAOYSA-N,,DOI: 10.1021/jp511264r,toluene,1,2.6244387288024758,2.6244387288024758,0.0,2.6244387288024758,2.6244387288024758,0.0,2.6244387288024758,general_only,C1CCC(C2CCC3CCC4C5CCCCC5C5CCC6CCC(C7CCCCC7)C7C6C5C4C3C27)CC1,c1ccc(C2CCN3COc4c5ccccc5c5c6c7c(c2c3c46)C(c2ccccc2)CCN7CO5)cc1,outside_MR_TADF,outside_CzBN_domain,outside_CzBN_domain
E00_133_01342,c1ccc(Cn2c3sccc3c3c4nsnc4c4c5ccsc5n(Cc5ccccc5)c4c32)cc1,GEFCTQNXMZETMJ-UHFFFAOYSA-N,,DOI: 10.1021/jo301458m,toluene,1,2.682736591888278,2.682736591888278,0.0,2.682736591888278,2.682736591888278,0.0,2.682736591888278,general_only,C1CCC(CC2C3CCCC3C3C4CCCC4C4C5CCCC5C(CC5CCCCC5)C4C23)CC1,c1ccc(Cn2c3sccc3c3c4nsnc4c4c5ccsc5n(Cc5ccccc5)c4c32)cc1,outside_MR_TADF,outside_CzBN_domain,outside_CzBN_domain
E00_133_01343,c1ccc(N(c2ccccc2)c2c3ccccc3c(N(c3ccccc3)c3ccccc3)c3ccccc23)cc1,RZGMFRRDBNHLJU-UHFFFAOYSA-N,,DOI: 10.1021/acs.jpca.5b03238,toluene,1,2.560588660626941,2.560588660626941,0.0,2.560588660626941,2.560588660626941,0.0,2.560588660626941,general_only,C1CCC(C(C2CCCCC2)C2C3CCCCC3C(C(C3CCCCC3)C3CCCCC3)C3CCCCC32)CC1,c1ccc(N(c2ccccc2)c2c3ccccc3c(N(c3ccccc3)c3ccccc3)c3ccccc23)cc1,outside_MR_TADF,outside_CzBN_domain,outside_CzBN_domain
E00_133_01344,c1ccc(N(c2ccccc2)c2c3ccccc3cc3ccccc23)cc1,LUGOYHPSACYLRM-UHFFFAOYSA-N,,DOI: 10.1021/acs.jpca.5b03238,toluene,1,2.716491791372819,2.716491791372819,0.0,2.716491791372819,2.716491791372819,0.0,2.716491791372819,general_only,C1CCC(C(C2CCCCC2)C2C3CCCCC3CC3CCCCC32)CC1,c1ccc(N(c2ccccc2)c2c3ccccc3cc3ccccc23)cc1,outside_MR_TADF,outside_CzBN_domain,outside_CzBN_domain
E00_133_01345,c1ccc(N(c2ccccc2)c2cc3c4c(c2)-n2c5c(cccc5c5ccc6c(c7ccccc7n6-c6ccccc6)c52)B4c2ccccc2N3c2ccccc2)cc1,XTSHOJDIWAYFRU-UHFFFAOYSA-N,mICz-DABNA,"ACS Appl. Mater. Interfaces 2022, 14, 36927−36935",toluene,1,2.735036915265119,2.735036915265119,0.0,2.735036915265119,2.735036915265119,0.0,2.735036915265119,MR_TADF_only,C1CCC(C(C2CCCCC2)C2CC3C(C4CCCCC4)C4CCCCC4C4C5CCCC6C7CCC8C(C9CCCCC9)C9CCCCC9C8C7C(C(C2)C34)C65)CC1,c1ccc(N(c2ccccc2)c2cc3c4c(c2)-n2c5c(cccc5c5ccc6c(c7ccccc7n6-c6ccccc6)c52)B4c2ccccc2N3c2ccccc2)cc1,related_extended_CzBN_core,nitrogen_heteroaryl,CZBN_CLUSTER_04
E00_133_01346,c1ccc(N(c2ccccc2)c2cc3c4c(c2)-n2c5c(cccc5c5ccc6oc7ccccc7c6c52)B4c2ccccc2N3c2ccccc2)cc1,YVZWAWOIXCFNHQ-UHFFFAOYSA-N,BFCz-DABNA,"ACS Appl. Mater. Interfaces 2022, 14, 36927−36935",toluene,1,2.765544814416995,2.765544814416995,0.0,2.765544814416995,2.765544814416995,0.0,2.765544814416995,MR_TADF_only,C1CCC(C(C2CCCCC2)C2CC3C(C4CCCCC4)C4CCCCC4C4C5CCCC6C7CCC8CC9CCCCC9C8C7C(C(C2)C34)C65)CC1,c1ccc(N(c2ccccc2)c2cc3c4c(c2)-n2c5c(cccc5c5ccc6oc7ccccc7c6c52)B4c2ccccc2N3c2ccccc2)cc1,related_extended_CzBN_core,oxygen_heterocycle,CZBN_CLUSTER_04
E00_133_01347,c1ccc(N(c2ccccc2)c2cc3c4c(c2)-n2c5ccccc5c5c(P(c6ccccc6)c6ccccc6)ccc(c52)B4c2ccccc2N3c2ccccc2)cc1,MEUDHROYRBRFSP-UHFFFAOYSA-N,DPACzBN3,"ACS Appl. Mater. Interfaces 2021, 13, 59035−59042",toluene,1,2.699509162923797,2.699509162923797,0.0,2.699509162923797,2.699509162923797,0.0,2.699509162923797,MR_TADF_only,C1CCC(C(C2CCCCC2)C2CC3C(C4CCCCC4)C4CCCCC4C4C5CCC(C(C6CCCCC6)C6CCCCC6)C6C7CCCCC7C(C(C2)C34)C56)CC1,c1ccc(N(c2ccccc2)c2cc3c4c(c2)-n2c5ccccc5c5c(P(c6ccccc6)c6ccccc6)ccc(c52)B4c2ccccc2N3c2ccccc2)cc1,related_extended_CzBN_core,phosphorus_containing,CZBN_CLUSTER_04
E00_133_01348,c1ccc(N(c2ccccc2)c2cc3c4c(c2)-n2c5ccccc5c5cccc(c52)B4c2ccccc2N3c2ccccc2)cc1,DOQRVCOTLFZEQX-UHFFFAOYSA-N,Cz-DABNA / DPACzBN2,"ACS Appl. Mater. Interfaces 2022, 14, 36927−36935 | Adv. Funct. Mater. 2024, 34, 2409244 | ACS Appl. Mater. Interfaces 2021, 13, 59035−59042",toluene,1,2.7503110599644924,2.7503110599644924,0.0,2.7503110599644924,2.7503110599644924,0.0,2.7503110599644924,MR_TADF_only,C1CCC(C(C2CCCCC2)C2CC3C(C4CCCCC4)C4CCCCC4C4C5CCCC6C7CCCCC7C(C(C2)C34)C65)CC1,c1ccc(N(c2ccccc2)c2cc3c4c(c2)-n2c5ccccc5c5cccc(c52)B4c2ccccc2N3c2ccccc2)cc1,related_extended_CzBN_core,nitrogen_heteroaryl,CZBN_CLUSTER_04
E00_133_01349,c1ccc(N(c2ccccc2)c2cc3c4c(c2)N(c2ccccc2)c2cc5c(cc2B4c2ccccc2N3c2ccccc2)B2c3ccccc3N(c3ccccc3)c3cc(N(c4ccccc4)c4ccccc4)cc(c32)N5c2ccccc2)cc1,AECUGHJATPUQRA-UHFFFAOYSA-N,,10.1038/s41566-019-0476-5,toluene,1,2.681460285399016,2.681460285399016,0.0,2.681460285399016,2.681460285399016,0.0,2.681460285399016,general_only,C1CCC(C(C2CCCCC2)C2CC3C(C4CCCCC4)C4CCCCC4C4C5CC6C(CC5C(C5CCCCC5)C(C2)C34)C(C2CCCCC2)C2CC(C(C3CCCCC3)C3CCCCC3)CC3C(C4CCCCC4)C4CCCCC4C6C32)CC1,c1ccc(N(c2ccccc2)c2cc3c4c(c2)N(c2ccccc2)c2cc5c(cc2B4c2ccccc2N3c2ccccc2)B2c3ccccc3N(c3ccccc3)c3cc(N(c4ccccc4)c4ccccc4)cc(c32)N5c2ccccc2)cc1,outside_MR_TADF,outside_CzBN_domain,outside_CzBN_domain
E00_133_01350,c1ccc(N(c2ccccc2)c2ccc3c(c2)c2cc(N(c4ccccc4)c4ccccc4)cc4c2n3-c2cccc3c2B4c2cc(N(c4ccccc4)c4ccccc4)cc4c5cc(N(c6ccccc6)c6ccccc6)ccc5n-3c24)cc1,SCUZPTRWRPERQK-UHFFFAOYSA-N,BN3 / TBN3,"Adv. Funct. Mater. 31, 2102017 (2021) | J. Am. Chem. Soc. 2024, 146, 32826−32836",toluene,1,2.2625177970273973,2.2625177970273973,0.0,2.2625177970273973,2.2625177970273973,0.0,2.2625177970273973,MR_TADF_only,C1CCC(C(C2CCCCC2)C2CCC3C(C2)C2CC(C(C4CCCCC4)C4CCCCC4)CC4C2C3C2CCCC3C5C6CCC(C(C7CCCCC7)C7CCCCC7)CC6C6CC(C(C7CCCCC7)C7CCCCC7)CC(C65)C4C23)CC1,c1ccc(N(c2ccccc2)c2ccc3c(c2)c2cc(N(c4ccccc4)c4ccccc4)cc4c2n3-c2cccc3c2B4c2cc(N(c4ccccc4)c4ccccc4)cc4c5cc(N(c6ccccc6)c6ccccc6)ccc5n-3c24)cc1,exact_CzBN_core_derivative,amine_or_carbazole_donor,CZBN_CLUSTER_05
E00_133_01351,c1ccc(N(c2ccccc2)c2ccc3c(ccc4nc5ccc6cc(N(c7ccccc7)c7ccccc7)ccc6c5nc43)c2)cc1,OJXYQMXCPJBHFQ-UHFFFAOYSA-N,,10.1039/C6SC04863C,toluene,1,2.521719741014799,2.521719741014799,0.0,2.521719741014799,2.521719741014799,0.0,2.521719741014799,general_only,C1CCC(C(C2CCCCC2)C2CCC3C(CCC4CC5CCC6CC(C(C7CCCCC7)C7CCCCC7)CCC6C5CC43)C2)CC1,c1ccc(N(c2ccccc2)c2ccc3c(ccc4nc5ccc6cc(N(c7ccccc7)c7ccccc7)ccc6c5nc43)c2)cc1,outside_MR_TADF,outside_CzBN_domain,outside_CzBN_domain
E00_133_01352,c1ccc(N(c2ccccc2)c2ccc3c4cccc5c(N(c6ccccc6)c6ccccc6)ccc(c6cccc2c63)c54)cc1,FXDUVIGDTNKKFF-UHFFFAOYSA-N,,DOI: 10.1021/acs.joc.9b01849,toluene,1,2.406188479629713,2.406188479629713,0.0,2.406188479629713,2.406188479629713,0.0,2.406188479629713,general_only,C1CCC(C(C2CCCCC2)C2CCC3C4CCCC5C(C(C6CCCCC6)C6CCCCC6)CCC(C6CCCC2C63)C54)CC1,c1ccc(N(c2ccccc2)c2ccc3c4cccc5c(N(c6ccccc6)c6ccccc6)ccc(c6cccc2c63)c54)cc1,outside_MR_TADF,outside_CzBN_domain,outside_CzBN_domain
E00_133_01353,c1ccc(N(c2ccccc2)c2ccc3ccc4c(N(c5ccccc5)c5ccccc5)ccc5ccc2c3c54)cc1,WTEJYGDMCOWSLV-UHFFFAOYSA-N,,DOI: 10.1021/acsami.8b09013,toluene,1,2.809110851425877,2.809110851425877,0.0,2.809110851425877,2.809110851425877,0.0,2.809110851425877,general_only,C1CCC(C(C2CCCCC2)C2CCC3CCC4C(C(C5CCCCC5)C5CCCCC5)CCC5CCC2C3C54)CC1,c1ccc(N(c2ccccc2)c2ccc3ccc4c(N(c5ccccc5)c5ccccc5)ccc5ccc2c3c54)cc1,outside_MR_TADF,outside_CzBN_domain,outside_CzBN_domain
E00_133_01354,c1ccc(N2c3ccc4ccccc4c3-c3c4ccccc4cc[n+]3[B-]2(c2ccccc2)c2ccccc2)cc1,XFVVWXSJWAZVPW-UHFFFAOYSA-N,,DOI: 10.1021/acs.joc.6b01569,toluene,2,2.2084918313947095,2.2084918313947095,0.0,2.2084918313947095,2.2084918313947095,0.0,2.2084918313947095,general_only,C1CCC(C2C3CCC4CCCCC4C3C3C4CCCCC4CCC3C2(C2CCCCC2)C2CCCCC2)CC1,c1ccc(N2c3ccc4ccccc4c3-c3c4ccccc4cc[n+]3[B-]2(c2ccccc2)c2ccccc2)cc1,outside_MR_TADF,outside_CzBN_domain,outside_CzBN_domain
E00_133_01355,c1ccc(N2c3ccc4ccccc4c3-c3c4ccccc4cn[n+]3[B-]2(c2ccccc2)c2ccccc2)cc1,IVQDMVQITQLSOT-UHFFFAOYSA-N,,DOI: 10.1021/acs.joc.6b01569,toluene,2,2.126889516307063,2.126889516307063,0.0,2.126889516307063,2.126889516307063,0.0,2.126889516307063,general_only,C1CCC(C2C3CCC4CCCCC4C3C3C4CCCCC4CCC3C2(C2CCCCC2)C2CCCCC2)CC1,c1ccc(N2c3ccc4ccccc4c3-c3c4ccccc4cn[n+]3[B-]2(c2ccccc2)c2ccccc2)cc1,outside_MR_TADF,outside_CzBN_domain,outside_CzBN_domain
E00_133_01356,c1ccc(N2c3ccc4ccccc4c3-c3c4ccccc4nc[n+]3[B-]2(c2ccccc2)c2ccccc2)cc1,AIVZGVCVHSPZQR-UHFFFAOYSA-N,,DOI: 10.1021/acs.joc.6b01569,toluene,2,2.098290525551338,2.098290525551338,0.0,2.098290525551338,2.098290525551338,0.0,2.098290525551338,general_only,C1CCC(C2C3CCC4CCCCC4C3C3C4CCCCC4CCC3C2(C2CCCCC2)C2CCCCC2)CC1,c1ccc(N2c3ccc4ccccc4c3-c3c4ccccc4nc[n+]3[B-]2(c2ccccc2)c2ccccc2)cc1,outside_MR_TADF,outside_CzBN_domain,outside_CzBN_domain
E00_133_01357,c1ccc(N2c3ccccc3B3c4c2cccc4-n2c4ccccc4c4cccc3c42)cc1,FPKIJNSVUWKOQL-UHFFFAOYSA-N,DPACzBN1,"ACS Appl. Mater. Interfaces 2021, 13, 59035−59042",toluene,1,2.699739398246861,2.699739398246861,0.0,2.699739398246861,2.699739398246861,0.0,2.699739398246861,MR_TADF_only,C1CCC(C2C3CCCCC3C3C4CCCC5C6CCCCC6C(C6CCCC2C63)C54)CC1,c1ccc(N2c3ccccc3B3c4c2cccc4-n2c4ccccc4c4cccc3c42)cc1,related_extended_CzBN_core,nitrogen_heteroaryl,CZBN_CLUSTER_04
E00_133_01358,c1ccc(N2c3ccccc3B3c4ccccc4N(c4ccccc4)c4cc(-c5ccc6c(c5)oc5ccccc56)cc2c43)cc1,MOUREYMSWLQHKN-UHFFFAOYSA-N,DABNA-3-DBF,"J. Mater. Chem. C, 2023, 11, 15548–15554",toluene,1,2.6328862842330665,2.6328862842330665,0.0,2.6328862842330665,2.6328862842330665,0.0,2.6328862842330665,MR_TADF_only,C1CCC(C2C3CCCCC3C3C4CCCCC4C(C4CCCCC4)C4CC(C5CCC6C(C5)CC5CCCCC56)CC2C43)CC1,c1ccc(N2c3ccccc3B3c4ccccc4N(c4ccccc4)c4cc(-c5ccc6c(c5)oc5ccccc56)cc2c43)cc1,related_extended_CzBN_core,oxygen_heterocycle,CZBN_CLUSTER_11
E00_133_01359,c1ccc(N2c3ccccc3B3c4ccccc4N(c4ccccc4)c4cc(-c5ccc6oc7ccccc7c6c5)cc2c43)cc1,GDRKMHSXQDVSTO-UHFFFAOYSA-N,DABNA-2-DBF,"J. Mater. Chem. C, 2023, 11, 15548–15554",toluene,1,2.653089244851259,2.653089244851259,0.0,2.653089244851259,2.653089244851259,0.0,2.653089244851259,MR_TADF_only,C1CCC(C2C3CCCCC3C3C4CCCCC4C(C4CCCCC4)C4CC(C5CCC6CC7CCCCC7C6C5)CC2C43)CC1,c1ccc(N2c3ccccc3B3c4ccccc4N(c4ccccc4)c4cc(-c5ccc6oc7ccccc7c6c5)cc2c43)cc1,related_extended_CzBN_core,oxygen_heterocycle,CZBN_CLUSTER_11
E00_133_01360,c1ccc(N2c3ccccc3B3c4ccccc4N(c4ccccc4)c4cc(-c5cccc6c5oc5ccccc56)cc2c43)cc1,DSSXUNXEGHZIMK-UHFFFAOYSA-N,DABNA-4-DBF,"J. Mater. Chem. C, 2023, 11, 15548–15554",toluene,1,2.621751976863213,2.621751976863213,0.0,2.621751976863213,2.621751976863213,0.0,2.621751976863213,MR_TADF_only,C1CCC(C2C3CCCCC3C3C4CCCCC4C(C4CCCCC4)C4CC(C5CCCC6C7CCCCC7CC56)CC2C43)CC1,c1ccc(N2c3ccccc3B3c4ccccc4N(c4ccccc4)c4cc(-c5cccc6c5oc5ccccc56)cc2c43)cc1,related_extended_CzBN_core,oxygen_heterocycle,CZBN_CLUSTER_11
E00_133_01361,c1ccc(Nc2ccc3ccccc3n2)cc1,NSCFHVXOVBMGAK-UHFFFAOYSA-N,,https://doi.org/10.1016/j.jlumin.2018.12.059,toluene,1,3.3161107299038335,3.3161107299038335,0.0,3.3161107299038335,3.3161107299038335,0.0,3.3161107299038335,general_only,C1CCC(CC2CCC3CCCCC3C2)CC1,c1ccc(Nc2ccc3ccccc3n2)cc1,outside_MR_TADF,outside_CzBN_domain,outside_CzBN_domain
E00_133_01362,c1ccc([B-]2(c3ccccc3)Oc3ccc4ccccc4c3-c3c4ccccc4cc[n+]32)cc1,QNSWGFOYVZUBNW-UHFFFAOYSA-N,,DOI: 10.1021/acs.joc.6b01569,toluene,2,2.639730095920034,2.639730095920034,0.0,2.639730095920034,2.639730095920034,0.0,2.639730095920034,general_only,C1CCC(C2(C3CCCCC3)CC3CCC4CCCCC4C3C3C4CCCCC4CCC32)CC1,c1ccc([B-]2(c3ccccc3)Oc3ccc4ccccc4c3-c3c4ccccc4cc[n+]32)cc1,outside_MR_TADF,outside_CzBN_domain,outside_CzBN_domain
E00_133_01363,c1ccc([B-]2(c3ccccc3)Oc3ccc4ccccc4c3-c3c4ccccc4cn[n+]32)cc1,XOSUTEADFCTGBM-UHFFFAOYSA-N,,DOI: 10.1021/acs.joc.6b01569,toluene,2,2.53913546574097,2.53913546574097,0.0,2.53913546574097,2.53913546574097,0.0,2.53913546574097,general_only,C1CCC(C2(C3CCCCC3)CC3CCC4CCCCC4C3C3C4CCCCC4CCC32)CC1,c1ccc([B-]2(c3ccccc3)Oc3ccc4ccccc4c3-c3c4ccccc4cn[n+]32)cc1,outside_MR_TADF,outside_CzBN_domain,outside_CzBN_domain
E00_133_01364,c1ccc([B-]2(c3ccccc3)Oc3ccc4ccccc4c3-c3c4ccccc4nc[n+]32)cc1,OKBDCJAVRLLEMZ-UHFFFAOYSA-N,,DOI: 10.1021/acs.joc.6b01569,toluene,2,2.5165276263511003,2.5165276263511003,0.0,2.5165276263511003,2.5165276263511003,0.0,2.5165276263511003,general_only,C1CCC(C2(C3CCCCC3)CC3CCC4CCCCC4C3C3C4CCCCC4CCC32)CC1,c1ccc([B-]2(c3ccccc3)Oc3ccc4ccccc4c3-c3c4ccccc4nc[n+]32)cc1,outside_MR_TADF,outside_CzBN_domain,outside_CzBN_domain
E00_133_01365,c1ccc([Se]c2cc3c4c(c2)-n2c5ccccc5c5cccc(c52)B4c2cccc4c5ccccc5n-3c24)cc1,LEXPTCBRJGCCCO-UHFFFAOYSA-N,SeNBN,"Adv.OpticalMater.2024,2302354",toluene,1,2.6878023578037666,2.6878023578037666,0.0,2.6878023578037666,2.6878023578037666,0.0,2.6878023578037666,MR_TADF_only,C1CCC(CC2CC3C4C5CCCCC5C5CCCC(C54)C4C5CCCC6C7CCCCC7C(C(C2)C34)C65)CC1,c1ccc([Se]c2cc3c4c(c2)-n2c5ccccc5c5cccc(c52)B4c2cccc4c5ccccc5n-3c24)cc1,exact_CzBN_core_derivative,sulfur_or_selenium,CZBN_CLUSTER_13
E00_133_01366,c1ccc2c(-c3ccc(-c4nnc(-c5ccc(-c6nnc(-c7ccc(-c8cccc9ccccc89)s7)o6)cc5)o4)s3)cccc2c1,BSJAAEFLPYBLIO-UHFFFAOYSA-N,,https://doi.org/10.1016/j.molstruc.2019.127032,toluene,1,3.150793650793651,3.150793650793651,0.0,3.150793650793651,3.150793650793651,0.0,3.150793650793651,general_only,C1CCC2C(C1)CCCC2C1CCC(C2CCC(C3CCC(C4CCC(C5CCC(C6CCCC7CCCCC76)C5)C4)CC3)C2)C1,c1ccc2c(-c3ccc(-c4nnc(-c5ccc(-c6nnc(-c7ccc(-c8cccc9ccccc89)s7)o6)cc5)o4)s3)cccc2c1,outside_MR_TADF,outside_CzBN_domain,outside_CzBN_domain
E00_133_01367,c1ccc2c(-n3c4ccccc4c4ccccc43)cccc2c1,QSOAYCUFEQGHDN-UHFFFAOYSA-N,,https://doi.org/10.1016/j.cplett.2005.12.092,toluene,1,3.5673480794680215,3.5673480794680215,0.0,3.5673480794680215,3.5673480794680215,0.0,3.5673480794680215,general_only,C1CCC2C(C1)CCCC2C1C2CCCCC2C2CCCCC21,c1ccc2c(-n3c4ccccc4c4ccccc43)cccc2c1,outside_MR_TADF,outside_CzBN_domain,outside_CzBN_domain
E00_133_01368,c1ccc2c(-n3cnc4ccccc43)cccc2c1,RWVFEWNOFQNIFA-UHFFFAOYSA-N,,https://doi.org/10.1016/j.cplett.2005.12.092,toluene,1,3.92560105889093,3.92560105889093,0.0,3.92560105889093,3.92560105889093,0.0,3.92560105889093,general_only,C1CCC2C(C1)CCCC2C1CCC2CCCCC21,c1ccc2c(-n3cnc4ccccc43)cccc2c1,outside_MR_TADF,outside_CzBN_domain,outside_CzBN_domain
E00_133_01369,c1ccc2c(c1)-c1ccccc1C21c2ccccc2N(c2ccc(-c3nc([C@]45CC6CC(C[C@@H](C6)C4)C5)nc([C@]45C[C@H]6C[C@@H](C[C@H](C6)C4)C5)n3)cc2)c2ccccc21,AAKKBFLVAAPDCF-RICBXMPASA-N,,10.1002/adma.201705641,toluene,1,2.9946297645708517,2.9946297645708517,0.0,2.9946297645708517,2.9946297645708517,0.0,2.9946297645708517,general_only,C1CCC2C(C1)C1CCCCC1C21C2CCCCC2C(C2CCC(C3CC(C45CC6CC(CC(C6)C4)C5)CC(C45CC6CC(CC(C6)C4)C5)C3)CC2)C2CCCCC21,c1ccc2c(c1)-c1ccccc1C21c2ccccc2N(c2ccc(-c3nc([C@]45CC6CC(C[C@@H](C6)C4)C5)nc([C@]45C[C@H]6C[C@@H](C[C@H](C6)C4)C5)n3)cc2)c2ccccc21,outside_MR_TADF,outside_CzBN_domain,outside_CzBN_domain
E00_133_01370,c1ccc2c(c1)CC1(C2)c2cc(N3c4ccccc4Sc4ccccc43)ccc2-c2ccc(N3c4ccccc4Sc4ccccc43)cc21,ZADLJJWOSLBZOQ-UHFFFAOYSA-N,,https://doi.org/10.1016/j.orgel.2018.06.046,toluene,1,3.2525252525252526,3.2525252525252526,0.0,3.2525252525252526,3.2525252525252526,0.0,3.2525252525252526,general_only,C1CCC2CC3(CC2C1)C1CC(C2C4CCCCC4CC4CCCCC42)CCC1C1CCC(C2C4CCCCC4CC4CCCCC42)CC13,c1ccc2c(c1)CC1(C2)c2cc(N3c4ccccc4Sc4ccccc43)ccc2-c2ccc(N3c4ccccc4Sc4ccccc43)cc21,outside_MR_TADF,outside_CzBN_domain,outside_CzBN_domain
E00_133_01371,c1ccc2c(c1)CCc1c-2cnc2c1-c1ccccc1CC2,AYXYXXBHVSYJHI-UHFFFAOYSA-N,,http://dx.doi.org/10.1016/j.dyepig.2016.07.037,toluene,1,3.6322118262832905,3.6322118262832905,0.0,3.6322118262832905,3.6322118262832905,0.0,3.6322118262832905,general_only,C1CCC2C(C1)CCC1C2CCC2CCC3CCCCC3C21,c1ccc2c(c1)CCc1c-2cnc2c1-c1ccccc1CC2,outside_MR_TADF,outside_CzBN_domain,outside_CzBN_domain
E00_133_01372,c1ccc2c(c1)CCc1ccccc1N2c1c2ccccc2c(N2c3ccccc3CCc3ccccc32)c2ccccc12,KCQVJBQCSDSBCU-UHFFFAOYSA-N,,DOI: 10.1021/acs.jpca.5b03238,toluene,1,2.5406015037593983,2.5406015037593983,0.0,2.5406015037593983,2.5406015037593983,0.0,2.5406015037593983,general_only,C1CCC2C(C1)CCC1CCCCC1C2C1C2CCCCC2C(C2C3CCCCC3CCC3CCCCC32)C2CCCCC21,c1ccc2c(c1)CCc1ccccc1N2c1c2ccccc2c(N2c3ccccc3CCc3ccccc32)c2ccccc12,outside_MR_TADF,outside_CzBN_domain,outside_CzBN_domain
E00_133_01373,c1ccc2c(c1)CCc1ccccc1N2c1c2ccccc2cc2ccccc12,GSRMPEFUKSNEAD-UHFFFAOYSA-N,,DOI: 10.1021/acs.jpca.5b03238,toluene,1,2.67827874545101,2.67827874545101,0.0,2.67827874545101,2.67827874545101,0.0,2.67827874545101,general_only,C1CCC2C(C1)CCC1CCCCC1C2C1C2CCCCC2CC2CCCCC21,c1ccc2c(c1)CCc1ccccc1N2c1c2ccccc2cc2ccccc12,outside_MR_TADF,outside_CzBN_domain,outside_CzBN_domain
E00_133_01374,c1ccc2c(c1)Cc1ccccc1N2c1c2ccccc2c(N2c3ccccc3Cc3ccccc32)c2ccccc12,DXXMBRDSJDIGIG-UHFFFAOYSA-N,,DOI: 10.1021/acs.jpca.5b03238,toluene,1,2.5302482327798783,2.5302482327798783,0.0,2.5302482327798783,2.5302482327798783,0.0,2.5302482327798783,general_only,C1CCC2C(C1)CC1CCCCC1C2C1C2CCCCC2C(C2C3CCCCC3CC3CCCCC32)C2CCCCC21,c1ccc2c(c1)Cc1ccccc1N2c1c2ccccc2c(N2c3ccccc3Cc3ccccc32)c2ccccc12,outside_MR_TADF,outside_CzBN_domain,outside_CzBN_domain
E00_133_01375,c1ccc2c(c1)Cc1ccccc1N2c1c2ccccc2cc2ccccc12,ZYHKILRSNZWFHQ-UHFFFAOYSA-N,,DOI: 10.1021/acs.jpca.5b03238,toluene,1,2.6492631200575127,2.6492631200575127,0.0,2.6492631200575127,2.6492631200575127,0.0,2.6492631200575127,general_only,C1CCC2C(C1)CC1CCCCC1C2C1C2CCCCC2CC2CCCCC21,c1ccc2c(c1)Cc1ccccc1N2c1c2ccccc2cc2ccccc12,outside_MR_TADF,outside_CzBN_domain,outside_CzBN_domain
E00_133_01376,c1ccc2c(c1)Oc1cccc3c1N2c1cccc2c1B3c1cccc3c1N2c1ccccc1O3,CBBIZDLETAKTNO-UHFFFAOYSA-N,PXZ-BN,"J. Mater. Chem. C, 2021, 9, 8308–8313",toluene,1,2.5403229188509124,2.5403229188509124,0.0,2.5403229188509124,2.5403229188509124,0.0,2.5403229188509124,MR_TADF_only,C1CCC2C(C1)CC1CCCC3C1C2C1CCCC2C4C5CCCCC5CC5CCCC(C54)C3C12,c1ccc2c(c1)Oc1cccc3c1N2c1cccc2c1B3c1cccc3c1N2c1ccccc1O3,related_extended_CzBN_core,oxygen_heterocycle,CZBN_CLUSTER_34
E00_133_01377,c1ccc2c(c1)Oc1ccccc1N2c1ccc2c(c1)c1ccccc1n1c3ccccc3nc21,LGYGPYHHNVNTPE-UHFFFAOYSA-N,,10.1002/adom.201801282,toluene,1,2.937917459194055,2.937917459194055,0.0,2.937917459194055,2.937917459194055,0.0,2.937917459194055,general_only,C1CCC2C(C1)CC1CCCCC1C2C1CCC2C(C1)C1CCCCC1C1C3CCCCC3CC21,c1ccc2c(c1)Oc1ccccc1N2c1ccc2c(c1)c1ccccc1n1c3ccccc3nc21,outside_MR_TADF,outside_CzBN_domain,outside_CzBN_domain
E00_133_01378,c1ccc2c(c1)Oc1ccccc1N2c1ccc2c(c1)c1ccccc1n1ccnc21,NHSPFWYSFZPLFJ-UHFFFAOYSA-N,,10.1002/adom.201801282,toluene,1,2.9597184112275654,2.9597184112275654,0.0,2.9597184112275654,2.9597184112275654,0.0,2.9597184112275654,general_only,C1CCC2C(C1)CC1CCCCC1C2C1CCC2C3CCCC3C3CCCCC3C2C1,c1ccc2c(c1)Oc1ccccc1N2c1ccc2c(c1)c1ccccc1n1ccnc21,outside_MR_TADF,outside_CzBN_domain,outside_CzBN_domain
E00_133_01379,c1ccc2c(c1)Sc1ccccc1N2c1ccc2c(c1)C1(CC1)c1cc(N3c4ccccc4Sc4ccccc43)ccc1-2,RESYOUJZZZVICS-UHFFFAOYSA-N,,https://doi.org/10.1016/j.orgel.2018.06.046,toluene,1,3.2746047026863074,3.2746047026863074,0.0,3.2746047026863074,3.2746047026863074,0.0,3.2746047026863074,general_only,C1CCC2C(C1)CC1CCCCC1C2C1CCC2C3CCC(C4C5CCCCC5CC5CCCCC54)CC3C3(CC3)C2C1,c1ccc2c(c1)Sc1ccccc1N2c1ccc2c(c1)C1(CC1)c1cc(N3c4ccccc4Sc4ccccc43)ccc1-2,outside_MR_TADF,outside_CzBN_domain,outside_CzBN_domain
E00_133_01380,c1ccc2c(c1)Sc1ccccc1N2c1ccc2c(c1)C1(CCCC1)c1cc(N3c4ccccc4Sc4ccccc43)ccc1-2,VMKMCFUYPMCIBI-UHFFFAOYSA-N,,https://doi.org/10.1016/j.orgel.2018.06.046,toluene,1,3.2757161372232657,3.2757161372232657,0.0,3.2757161372232657,3.2757161372232657,0.0,3.2757161372232657,general_only,C1CCC2C(C1)CC1CCCCC1C2C1CCC2C3CCC(C4C5CCCCC5CC5CCCCC54)CC3C3(CCCC3)C2C1,c1ccc2c(c1)Sc1ccccc1N2c1ccc2c(c1)C1(CCCC1)c1cc(N3c4ccccc4Sc4ccccc43)ccc1-2,outside_MR_TADF,outside_CzBN_domain,outside_CzBN_domain
E00_133_01381,c1ccc2c(c1)Sc1ccccc1N2c1ccc2c(c1)C1(c3ccccc3-c3ccccc31)c1cc(N3c4ccccc4Sc4ccccc43)ccc1-2,FEAFYXHYKFGZST-UHFFFAOYSA-N,,https://doi.org/10.1016/j.orgel.2018.06.046,toluene,1,3.2514524115881,3.2514524115881,0.0,3.2514524115881,3.2514524115881,0.0,3.2514524115881,general_only,C1CCC2C(C1)CC1CCCCC1C2C1CCC2C3CCC(C4C5CCCCC5CC5CCCCC54)CC3C3(C4CCCCC4C4CCCCC43)C2C1,c1ccc2c(c1)Sc1ccccc1N2c1ccc2c(c1)C1(c3ccccc3-c3ccccc31)c1cc(N3c4ccccc4Sc4ccccc43)ccc1-2,outside_MR_TADF,outside_CzBN_domain,outside_CzBN_domain
E00_133_01382,c1ccc2c(c1)Sc1ccccc1N2c1ccc2c(ccc3nc4ccc5cc(N6c7ccccc7Sc7ccccc76)ccc5c4nc32)c1,ZCDBHQQEJZWHNF-UHFFFAOYSA-N,,10.1039/C6SC04863C,toluene,1,2.4340680248214497,2.4340680248214497,0.0,2.4340680248214497,2.4340680248214497,0.0,2.4340680248214497,general_only,C1CCC2C(C1)CC1CCCCC1C2C1CCC2C(CCC3CC4CCC5CC(C6C7CCCCC7CC7CCCCC76)CCC5C4CC32)C1,c1ccc2c(c1)Sc1ccccc1N2c1ccc2c(ccc3nc4ccc5cc(N6c7ccccc7Sc7ccccc76)ccc5c4nc32)c1,outside_MR_TADF,outside_CzBN_domain,outside_CzBN_domain
E00_133_01383,c1ccc2c(c1)[nH]c1c3[nH]c4ccccc4c3c3nsnc3c21,RDRLTRJWUKYYLS-UHFFFAOYSA-N,,DOI: 10.1021/jo301458m,toluene,1,2.871844244758237,2.871844244758237,0.0,2.871844244758237,2.871844244758237,0.0,2.871844244758237,general_only,C1CCC2C(C1)CC1C3CC4CCCCC4C3C3CCCC3C21,c1ccc2c(c1)[nH]c1c3[nH]c4ccccc4c3c3nsnc3c21,outside_MR_TADF,outside_CzBN_domain,outside_CzBN_domain
E00_133_01384,c1ccc2c(c1)[nH]c1cccnc12,NSBVOLBUJPCPFH-UHFFFAOYSA-N,,https://doi.org/10.1016/S0301-0104(01)00575-4,toluene,1,3.6057480980557903,3.6057480980557903,0.0,3.6057480980557903,3.6057480980557903,0.0,3.6057480980557903,general_only,C1CCC2C(C1)CC1CCCCC12,c1ccc2c(c1)[nH]c1cccnc12,outside_MR_TADF,outside_CzBN_domain,outside_CzBN_domain
E00_133_01385,c1ccc2c(c1)c1ccccc1n2-c1cc(-c2nc3ccccn3n2)cc(-n2c3ccccc3c3ccccc32)c1,XGJAMGBQKIAUHR-UHFFFAOYSA-N,,DOI: 10.1021/acsami.7b18202,toluene,1,3.4965179180481307,3.4965179180481307,0.0,3.4965179180481307,3.4965179180481307,0.0,3.4965179180481307,general_only,C1CCC2CC(C3CC(C4C5CCCCC5C5CCCCC54)CC(C4C5CCCCC5C5CCCCC54)C3)CC2C1,c1ccc2c(c1)c1ccccc1n2-c1cc(-c2nc3ccccn3n2)cc(-n2c3ccccc3c3ccccc32)c1,outside_MR_TADF,outside_CzBN_domain,outside_CzBN_domain
E00_133_01386,c1ccc2c(c1)c1ccccc1n2-c1ccc(-c2cc3ccc(-c4ccc5cc(-c6ccc(-n7c8ccccc8c8ccccc87)cc6)oc5c4)cc3o2)cc1,NHYKERCOYZUJGA-UHFFFAOYSA-N,,https://doi.org/10.1021/acsmaterialslett.9b00536,toluene,1,3.2219716603278243,3.2219716603278243,0.0,3.2219716603278243,3.2219716603278243,0.0,3.2219716603278243,general_only,C1CCC2C(C1)C1CCCCC1C2C1CCC(C2CC3CCC(C4CCC5CC(C6CCC(C7C8CCCCC8C8CCCCC87)CC6)CC5C4)CC3C2)CC1,c1ccc2c(c1)c1ccccc1n2-c1ccc(-c2cc3ccc(-c4ccc5cc(-c6ccc(-n7c8ccccc8c8ccccc87)cc6)oc5c4)cc3o2)cc1,outside_MR_TADF,outside_CzBN_domain,outside_CzBN_domain
E00_133_01387,c1ccc2c(c1)c1ccccc1n2-c1ccc(-c2ccc(-c3ccc(-n4c5ccccc5c5ccccc54)nc3-n3c4ccccc4c4ccccc43)nn2)c(-n2c3ccccc3c3ccccc32)n1,QPWWGQOKFLDTAB-UHFFFAOYSA-N,,DOI: 10.1021/acsami.7b04859,toluene,1,3.331609195402299,3.331609195402299,0.0,3.331609195402299,3.331609195402299,0.0,3.331609195402299,general_only,C1CCC2C(C1)C1CCCCC1C2C1CCC(C2CCC(C3CCC(C4C5CCCCC5C5CCCCC54)CC3C3C4CCCCC4C4CCCCC43)CC2)C(C2C3CCCCC3C3CCCCC32)C1,c1ccc2c(c1)c1ccccc1n2-c1ccc(-c2ccc(-c3ccc(-n4c5ccccc5c5ccccc54)nc3-n3c4ccccc4c4ccccc43)nn2)c(-n2c3ccccc3c3ccccc32)n1,outside_MR_TADF,outside_CzBN_domain,outside_CzBN_domain
E00_133_01388,c1ccc2c(c1)c1ccccc1n2-c1ccc(-c2ccc(-n3c4ccccc4c4ccccc43)nc2-n2c3ccccc3c3ccccc32)nn1,SCZUEYXCMQUMLO-UHFFFAOYSA-N,,DOI: 10.1021/acsami.7b04859,toluene,1,3.257628554639992,3.257628554639992,0.0,3.257628554639992,3.257628554639992,0.0,3.257628554639992,general_only,C1CCC2C(C1)C1CCCCC1C2C1CCC(C2CCC(C3C4CCCCC4C4CCCCC43)CC2C2C3CCCCC3C3CCCCC32)CC1,c1ccc2c(c1)c1ccccc1n2-c1ccc(-c2ccc(-n3c4ccccc4c4ccccc43)nc2-n2c3ccccc3c3ccccc32)nn1,outside_MR_TADF,outside_CzBN_domain,outside_CzBN_domain
E00_133_01389,c1ccc2c(c1)c1ccccc1n2-c1ccc(-c2nnc(-c3ccc(-n4c5ccccc5c5ccccc54)cc3)o2)cc1,JKMOQVJSOXWJNR-UHFFFAOYSA-N,,10.1016/j.optmat.2019.05.040,toluene,1,3.4137977915074247,3.4137977915074247,0.0,3.4137977915074247,3.4137977915074247,0.0,3.4137977915074247,general_only,C1CCC2C(C1)C1CCCCC1C2C1CCC(C2CCC(C3CCC(C4C5CCCCC5C5CCCCC54)CC3)C2)CC1,c1ccc2c(c1)c1ccccc1n2-c1ccc(-c2nnc(-c3ccc(-n4c5ccccc5c5ccccc54)cc3)o2)cc1,outside_MR_TADF,outside_CzBN_domain,outside_CzBN_domain
E00_133_01390,c1ccc2c(c1)c1ccccc1n2-c1ccc2cc(-c3ccc(-c4ccc(-c5cc6ccc(-n7c8ccccc8c8ccccc87)cc6o5)cc4)cc3)oc2c1,JCKAIJLHJXQVEN-UHFFFAOYSA-N,,https://doi.org/10.1021/acsmaterialslett.9b00536,toluene,1,3.1599304059866373,3.1599304059866373,0.0,3.1599304059866373,3.1599304059866373,0.0,3.1599304059866373,general_only,C1CCC2C(C1)C1CCCCC1C2C1CCC2CC(C3CCC(C4CCC(C5CC6CCC(C7C8CCCCC8C8CCCCC87)CC6C5)CC4)CC3)CC2C1,c1ccc2c(c1)c1ccccc1n2-c1ccc2cc(-c3ccc(-c4ccc(-c5cc6ccc(-n7c8ccccc8c8ccccc87)cc6o5)cc4)cc3)oc2c1,outside_MR_TADF,outside_CzBN_domain,outside_CzBN_domain
E00_133_01391,c1ccc2c(c1)ccc1ccccc12,YNPNZTXNASCQKK-UHFFFAOYSA-N,,DOI: 10.1021/acs.joc.9b02379,toluene,1,3.873123486682809,3.873123486682809,0.0,3.873123486682809,3.873123486682809,0.0,3.873123486682809,general_only,C1CCC2C(C1)CCC1CCCCC12,c1ccc2c(c1)ccc1ccccc12,outside_MR_TADF,outside_CzBN_domain,outside_CzBN_domain
E00_133_01392,c1ccc2cc(-n3c4ccccc4c4ccccc43)ccc2c1,WNLRSJKFQUCYQP-UHFFFAOYSA-N,,https://doi.org/10.1016/j.cplett.2005.12.092,toluene,1,3.646870371008302,3.646870371008302,0.0,3.646870371008302,3.646870371008302,0.0,3.646870371008302,general_only,C1CCC2CC(C3C4CCCCC4C4CCCCC43)CCC2C1,c1ccc2cc(-n3c4ccccc4c4ccccc43)ccc2c1,outside_MR_TADF,outside_CzBN_domain,outside_CzBN_domain
E00_133_01393,c1ccc2cc(-n3cnc4ccccc43)ccc2c1,MKKKQIFJTFRBKK-UHFFFAOYSA-N,,https://doi.org/10.1016/j.cplett.2005.12.092,toluene,1,3.9122994652406415,3.9122994652406415,0.0,3.9122994652406415,3.9122994652406415,0.0,3.9122994652406415,general_only,C1CCC2CC(C3CCC4CCCCC43)CCC2C1,c1ccc2cc(-n3cnc4ccccc43)ccc2c1,outside_MR_TADF,outside_CzBN_domain,outside_CzBN_domain
E00_133_01394,c1ccc2nc(-n3c4ccccc4c4ccccc43)c(-n3c4ccccc4c4ccccc43)nc2c1,GFRQREDNENEJNS-UHFFFAOYSA-N,,DOI: 10.1021/acs.jpclett.8b00136,toluene,1,2.7672578391039897,2.7672578391039897,0.0,2.7672578391039897,2.7672578391039897,0.0,2.7672578391039897,general_only,C1CCC2CC(C3C4CCCCC4C4CCCCC43)C(C3C4CCCCC4C4CCCCC43)CC2C1,c1ccc2nc(-n3c4ccccc4c4ccccc43)c(-n3c4ccccc4c4ccccc43)nc2c1,outside_MR_TADF,outside_CzBN_domain,outside_CzBN_domain
E00_133_01395,c1ccc2sc(-c3ccc(-c4nnc(-c5ccc(-c6nnc(-c7ccc(-c8cc9ccccc9s8)s7)o6)cc5)o4)s3)cc2c1,HSUAQGCDKQSWDF-UHFFFAOYSA-N,,https://doi.org/10.1016/j.molstruc.2019.127032,toluene,1,3.3406282276295927,3.3406282276295927,0.0,3.3406282276295927,3.3406282276295927,0.0,3.3406282276295927,general_only,C1CCC2CC(C3CCC(C4CCC(C5CCC(C6CCC(C7CCC(C8CC9CCCCC9C8)C7)C6)CC5)C4)C3)CC2C1,c1ccc2sc(-c3ccc(-c4nnc(-c5ccc(-c6nnc(-c7ccc(-c8cc9ccccc9s8)s7)o6)cc5)o4)s3)cc2c1,outside_MR_TADF,outside_CzBN_domain,outside_CzBN_domain
E00_133_01396,c1csc(-c2cnc(-c3cccs3)c3nonc23)c1,JCHAPANSJGVCLU-UHFFFAOYSA-N,,https://doi.org/10.1016/S0009-2614(02)00147-1,toluene,1,2.3666666666666667,2.3666666666666667,0.0,2.3666666666666667,2.3666666666666667,0.0,2.3666666666666667,general_only,C1CCC(C2CCC(C3CCCC3)C3CCCC23)C1,c1csc(-c2cnc(-c3cccs3)c3nonc23)c1,outside_MR_TADF,outside_CzBN_domain,outside_CzBN_domain
